ISO-10303-21;
HEADER;
/* Generated by software containing ST-Developer
 * from STEP Tools, Inc. (www.steptools.com) 
 */
/* OPTION: strings as raw bytes, not using required /X/ escapes */

FILE_DESCRIPTION(
/* description */ ('Unknown'),
/* implementation_level */ '2;1');

FILE_NAME(
/* name */ 'Ë£ÖÂ§π',
/* time_stamp */ '2025-03-14T16:44:54+08:00',
/* author */ ('Unknown'),
/* organization */ ('Unknown'),
/* preprocessor_version */ 'ST-DEVELOPER v16.7',
/* originating_system */ 'Solid Edge',
/* authorisation */ 'Unknown');

FILE_SCHEMA (('AUTOMOTIVE_DESIGN {1 0 10303 214 3 1 1}'));
ENDSEC;

DATA;
#10=PROPERTY_DEFINITION_REPRESENTATION(#14,#12);
#11=PROPERTY_DEFINITION_REPRESENTATION(#15,#13);
#12=REPRESENTATION('',(#16),#12262);
#13=REPRESENTATION('',(#17),#12262);
#14=PROPERTY_DEFINITION('pmi validation property','',#12297);
#15=PROPERTY_DEFINITION('pmi validation property','',#12297);
#16=VALUE_REPRESENTATION_ITEM('number of annotations',COUNT_MEASURE(0.));
#17=VALUE_REPRESENTATION_ITEM('number of views',COUNT_MEASURE(0.));
#18=CONTEXT_DEPENDENT_SHAPE_REPRESENTATION(#98,#12299);
#19=CONTEXT_DEPENDENT_SHAPE_REPRESENTATION(#99,#12301);
#20=CONTEXT_DEPENDENT_SHAPE_REPRESENTATION(#100,#12303);
#21=CONTEXT_DEPENDENT_SHAPE_REPRESENTATION(#101,#12305);
#22=CONTEXT_DEPENDENT_SHAPE_REPRESENTATION(#102,#12308);
#23=CONTEXT_DEPENDENT_SHAPE_REPRESENTATION(#103,#12310);
#24=CONTEXT_DEPENDENT_SHAPE_REPRESENTATION(#104,#12312);
#25=CONTEXT_DEPENDENT_SHAPE_REPRESENTATION(#105,#12313);
#26=CONTEXT_DEPENDENT_SHAPE_REPRESENTATION(#106,#12314);
#27=CONTEXT_DEPENDENT_SHAPE_REPRESENTATION(#107,#12315);
#28=CONTEXT_DEPENDENT_SHAPE_REPRESENTATION(#108,#12316);
#29=CONTEXT_DEPENDENT_SHAPE_REPRESENTATION(#109,#12317);
#30=CONTEXT_DEPENDENT_SHAPE_REPRESENTATION(#110,#12318);
#31=CONTEXT_DEPENDENT_SHAPE_REPRESENTATION(#111,#12320);
#32=CONTEXT_DEPENDENT_SHAPE_REPRESENTATION(#112,#12321);
#33=CONTEXT_DEPENDENT_SHAPE_REPRESENTATION(#113,#12323);
#34=CONTEXT_DEPENDENT_SHAPE_REPRESENTATION(#114,#12324);
#35=CONTEXT_DEPENDENT_SHAPE_REPRESENTATION(#115,#12326);
#36=CONTEXT_DEPENDENT_SHAPE_REPRESENTATION(#116,#12327);
#37=CONTEXT_DEPENDENT_SHAPE_REPRESENTATION(#117,#12328);
#38=CONTEXT_DEPENDENT_SHAPE_REPRESENTATION(#118,#12329);
#39=CONTEXT_DEPENDENT_SHAPE_REPRESENTATION(#119,#12331);
#40=CONTEXT_DEPENDENT_SHAPE_REPRESENTATION(#120,#12332);
#41=CONTEXT_DEPENDENT_SHAPE_REPRESENTATION(#121,#12333);
#42=CONTEXT_DEPENDENT_SHAPE_REPRESENTATION(#122,#12335);
#43=CONTEXT_DEPENDENT_SHAPE_REPRESENTATION(#123,#12338);
#44=CONTEXT_DEPENDENT_SHAPE_REPRESENTATION(#124,#12339);
#45=CONTEXT_DEPENDENT_SHAPE_REPRESENTATION(#125,#12340);
#46=CONTEXT_DEPENDENT_SHAPE_REPRESENTATION(#126,#12341);
#47=CONTEXT_DEPENDENT_SHAPE_REPRESENTATION(#127,#12342);
#48=CONTEXT_DEPENDENT_SHAPE_REPRESENTATION(#128,#12343);
#49=CONTEXT_DEPENDENT_SHAPE_REPRESENTATION(#129,#12344);
#50=CONTEXT_DEPENDENT_SHAPE_REPRESENTATION(#130,#12345);
#51=CONTEXT_DEPENDENT_SHAPE_REPRESENTATION(#131,#12346);
#52=CONTEXT_DEPENDENT_SHAPE_REPRESENTATION(#132,#12347);
#53=CONTEXT_DEPENDENT_SHAPE_REPRESENTATION(#133,#12348);
#54=CONTEXT_DEPENDENT_SHAPE_REPRESENTATION(#134,#12349);
#55=CONTEXT_DEPENDENT_SHAPE_REPRESENTATION(#135,#12350);
#56=CONTEXT_DEPENDENT_SHAPE_REPRESENTATION(#136,#12351);
#57=CONTEXT_DEPENDENT_SHAPE_REPRESENTATION(#137,#12352);
#58=NEXT_ASSEMBLY_USAGE_OCCURRENCE('ª˙','ª˙','ª˙',#12353,#12354,'');
#59=NEXT_ASSEMBLY_USAGE_OCCURRENCE('÷˜ªËΩ¥','÷˜ªËΩ¥','÷˜ªËΩ¥',#12353,#12355,
'');
#60=NEXT_ASSEMBLY_USAGE_OCCURRENCE('¡¨','¡¨','¡¨',#12353,#12356,'');
#61=NEXT_ASSEMBLY_USAGE_OCCURRENCE('¡¨Ω”Fg1','¡¨Ω”Fg1','¡¨Ω”Fg1',#12353,
#12357,'');
#62=NEXT_ASSEMBLY_USAGE_OCCURRENCE('÷·¥Êâø','÷·¥Êâø','÷·¥Êâø',#12358,#12359,
'');
#63=NEXT_ASSEMBLY_USAGE_OCCURRENCE('mm16','mm16','mm16',#12358,#12360,
'');
#64=NEXT_ASSEMBLY_USAGE_OCCURRENCE('÷· 22','÷· 22','÷· 22',#12358,#12361,
'');
#65=NEXT_ASSEMBLY_USAGE_OCCURRENCE('πÿΩ⁄◊∞e','πÿΩ⁄◊∞e','πÿΩ⁄◊∞e',#12353,
#12358,'');
#66=NEXT_ASSEMBLY_USAGE_OCCURRENCE('¡¨Ω”c','¡¨Ω”c','¡¨Ω”c',#12353,#12357,
'');
#67=NEXT_ASSEMBLY_USAGE_OCCURRENCE('¡¨Ω”é•ÊùÜ1','¡¨Ω”é•ÊùÜ1',
'¡¨Ω”é•ÊùÜ1',#12353,#12357,'');
#68=NEXT_ASSEMBLY_USAGE_OCCURRENCE('πÿΩ⁄◊∞','πÿΩ⁄◊∞','πÿΩ⁄◊∞',#12353,#12358,
'');
#69=NEXT_ASSEMBLY_USAGE_OCCURRENCE('πÿΩ⁄◊∞3','πÿΩ⁄◊∞3','πÿΩ⁄◊∞3',#12353,
#12358,'');
#70=NEXT_ASSEMBLY_USAGE_OCCURRENCE('¡¨Ω”l','¡¨Ω”l','¡¨Ω”l',#12353,#12357,
'');
#71=NEXT_ASSEMBLY_USAGE_OCCURRENCE('¡¨∏À','¡¨∏À','¡¨∏À',#12353,#12362,
'');
#72=NEXT_ASSEMBLY_USAGE_OCCURRENCE('¡¨∏À','¡¨∏À','¡¨∏À',#12353,#12362,
'');
#73=NEXT_ASSEMBLY_USAGE_OCCURRENCE('¡¨∏À2 -2-','¡¨∏À2 -2-','¡¨∏À2 -2-',
#12353,#12363,'');
#74=NEXT_ASSEMBLY_USAGE_OCCURRENCE('¡¨∏À2 -2m','¡¨∏À2 -2m','¡¨∏À2 -2m',
#12353,#12363,'');
#75=NEXT_ASSEMBLY_USAGE_OCCURRENCE('¡¨∏Àk√','¡¨∏Àk√','¡¨∏Àk√',#12353,#12364,
'');
#76=NEXT_ASSEMBLY_USAGE_OCCURRENCE('¡¨∏À','¡¨∏À','¡¨∏À',#12353,#12364,
'');
#77=NEXT_ASSEMBLY_USAGE_OCCURRENCE('¡¨∏À','¡¨∏À','¡¨∏À',#12353,#12364,
'');
#78=NEXT_ASSEMBLY_USAGE_OCCURRENCE('¡¨∏À3','¡¨∏À3','¡¨∏À3',#12353,#12364,
'');
#79=NEXT_ASSEMBLY_USAGE_OCCURRENCE('º–πÂÖ∑','º–πÂÖ∑','º–πÂÖ∑',#12353,#12365,
'');
#80=NEXT_ASSEMBLY_USAGE_OCCURRENCE('º–πÂÖ∑','º–πÂÖ∑','º–πÂÖ∑',#12353,#12365,
'');
#81=NEXT_ASSEMBLY_USAGE_OCCURRENCE('πÿΩ⁄◊∞3','πÿΩ⁄◊∞3','πÿΩ⁄◊∞3',#12353,
#12358,'');
#82=NEXT_ASSEMBLY_USAGE_OCCURRENCE('mm30','mm30','mm30',#12353,#12366,
'');
#83=NEXT_ASSEMBLY_USAGE_OCCURRENCE('÷·','÷·','÷·',#12367,#12368,'');
#84=NEXT_ASSEMBLY_USAGE_OCCURRENCE('÷·','÷·','÷·',#12367,#12359,'');
#85=NEXT_ASSEMBLY_USAGE_OCCURRENCE('÷·∫ñ','÷·∫ñ','÷·∫ñ',#12367,#12359,
'');
#86=NEXT_ASSEMBLY_USAGE_OCCURRENCE('mm16','mm16','mm16',#12367,#12360,
'');
#87=NEXT_ASSEMBLY_USAGE_OCCURRENCE('mm16','mm16','mm16',#12367,#12360,
'');
#88=NEXT_ASSEMBLY_USAGE_OCCURRENCE('πÿΩ⁄äÇË£ÖÈÖç','πÿΩ⁄äÇË£ÖÈÖç',
'πÿΩ⁄äÇË£ÖÈÖç',#12353,#12367,'');
#89=NEXT_ASSEMBLY_USAGE_OCCURRENCE('πÿΩ⁄≈àMë','πÿΩ⁄≈àMë','πÿΩ⁄≈àMë',#12353,
#12367,'');
#90=NEXT_ASSEMBLY_USAGE_OCCURRENCE('πÿΩ⁄äÇË£ÖÈÖç','πÿΩ⁄äÇË£ÖÈÖç',
'πÿΩ⁄äÇË£ÖÈÖç',#12353,#12367,'');
#91=NEXT_ASSEMBLY_USAGE_OCCURRENCE('πÿΩ⁄≈àMë','πÿΩ⁄≈àMë','πÿΩ⁄≈àMë',#12353,
#12367,'');
#92=NEXT_ASSEMBLY_USAGE_OCCURRENCE('πÿΩ⁄äÇË£ÖÈÖç','πÿΩ⁄äÇË£ÖÈÖç',
'πÿΩ⁄äÇË£ÖÈÖç',#12353,#12367,'');
#93=NEXT_ASSEMBLY_USAGE_OCCURRENCE('πÿΩ⁄c','πÿΩ⁄c','πÿΩ⁄c',#12353,#12367,
'');
#94=NEXT_ASSEMBLY_USAGE_OCCURRENCE('πÿΩ⁄≈àMë','πÿΩ⁄≈àMë','πÿΩ⁄≈àMë',#12353,
#12367,'');
#95=NEXT_ASSEMBLY_USAGE_OCCURRENCE('πÿΩ⁄äÇË£ÖÈÖç','πÿΩ⁄äÇË£ÖÈÖç',
'πÿΩ⁄äÇË£ÖÈÖç',#12353,#12367,'');
#96=NEXT_ASSEMBLY_USAGE_OCCURRENCE('πÿΩ⁄äÇË£ÖÈÖç','πÿΩ⁄äÇË£ÖÈÖç',
'πÿΩ⁄äÇË£ÖÈÖç',#12353,#12367,'');
#97=NEXT_ASSEMBLY_USAGE_OCCURRENCE('πÿΩ⁄äÇË£ÖÈÖç','πÿΩ⁄äÇË£ÖÈÖç',
'πÿΩ⁄äÇË£ÖÈÖç',#12353,#12367,'');
#98=(
REPRESENTATION_RELATIONSHIP(' ',' ',#6629,#6630)
REPRESENTATION_RELATIONSHIP_WITH_TRANSFORMATION(#138)
SHAPE_REPRESENTATION_RELATIONSHIP()
);
#99=(
REPRESENTATION_RELATIONSHIP(' ',' ',#6631,#6630)
REPRESENTATION_RELATIONSHIP_WITH_TRANSFORMATION(#139)
SHAPE_REPRESENTATION_RELATIONSHIP()
);
#100=(
REPRESENTATION_RELATIONSHIP(' ',' ',#6632,#6630)
REPRESENTATION_RELATIONSHIP_WITH_TRANSFORMATION(#140)
SHAPE_REPRESENTATION_RELATIONSHIP()
);
#101=(
REPRESENTATION_RELATIONSHIP(' ',' ',#6633,#6630)
REPRESENTATION_RELATIONSHIP_WITH_TRANSFORMATION(#141)
SHAPE_REPRESENTATION_RELATIONSHIP()
);
#102=(
REPRESENTATION_RELATIONSHIP(' ',' ',#6634,#6635)
REPRESENTATION_RELATIONSHIP_WITH_TRANSFORMATION(#142)
SHAPE_REPRESENTATION_RELATIONSHIP()
);
#103=(
REPRESENTATION_RELATIONSHIP(' ',' ',#6636,#6635)
REPRESENTATION_RELATIONSHIP_WITH_TRANSFORMATION(#143)
SHAPE_REPRESENTATION_RELATIONSHIP()
);
#104=(
REPRESENTATION_RELATIONSHIP(' ',' ',#6637,#6635)
REPRESENTATION_RELATIONSHIP_WITH_TRANSFORMATION(#144)
SHAPE_REPRESENTATION_RELATIONSHIP()
);
#105=(
REPRESENTATION_RELATIONSHIP(' ',' ',#6635,#6630)
REPRESENTATION_RELATIONSHIP_WITH_TRANSFORMATION(#145)
SHAPE_REPRESENTATION_RELATIONSHIP()
);
#106=(
REPRESENTATION_RELATIONSHIP(' ',' ',#6633,#6630)
REPRESENTATION_RELATIONSHIP_WITH_TRANSFORMATION(#146)
SHAPE_REPRESENTATION_RELATIONSHIP()
);
#107=(
REPRESENTATION_RELATIONSHIP(' ',' ',#6633,#6630)
REPRESENTATION_RELATIONSHIP_WITH_TRANSFORMATION(#147)
SHAPE_REPRESENTATION_RELATIONSHIP()
);
#108=(
REPRESENTATION_RELATIONSHIP(' ',' ',#6635,#6630)
REPRESENTATION_RELATIONSHIP_WITH_TRANSFORMATION(#148)
SHAPE_REPRESENTATION_RELATIONSHIP()
);
#109=(
REPRESENTATION_RELATIONSHIP(' ',' ',#6635,#6630)
REPRESENTATION_RELATIONSHIP_WITH_TRANSFORMATION(#149)
SHAPE_REPRESENTATION_RELATIONSHIP()
);
#110=(
REPRESENTATION_RELATIONSHIP(' ',' ',#6633,#6630)
REPRESENTATION_RELATIONSHIP_WITH_TRANSFORMATION(#150)
SHAPE_REPRESENTATION_RELATIONSHIP()
);
#111=(
REPRESENTATION_RELATIONSHIP(' ',' ',#6638,#6630)
REPRESENTATION_RELATIONSHIP_WITH_TRANSFORMATION(#151)
SHAPE_REPRESENTATION_RELATIONSHIP()
);
#112=(
REPRESENTATION_RELATIONSHIP(' ',' ',#6638,#6630)
REPRESENTATION_RELATIONSHIP_WITH_TRANSFORMATION(#152)
SHAPE_REPRESENTATION_RELATIONSHIP()
);
#113=(
REPRESENTATION_RELATIONSHIP(' ',' ',#6639,#6630)
REPRESENTATION_RELATIONSHIP_WITH_TRANSFORMATION(#153)
SHAPE_REPRESENTATION_RELATIONSHIP()
);
#114=(
REPRESENTATION_RELATIONSHIP(' ',' ',#6639,#6630)
REPRESENTATION_RELATIONSHIP_WITH_TRANSFORMATION(#154)
SHAPE_REPRESENTATION_RELATIONSHIP()
);
#115=(
REPRESENTATION_RELATIONSHIP(' ',' ',#6640,#6630)
REPRESENTATION_RELATIONSHIP_WITH_TRANSFORMATION(#155)
SHAPE_REPRESENTATION_RELATIONSHIP()
);
#116=(
REPRESENTATION_RELATIONSHIP(' ',' ',#6640,#6630)
REPRESENTATION_RELATIONSHIP_WITH_TRANSFORMATION(#156)
SHAPE_REPRESENTATION_RELATIONSHIP()
);
#117=(
REPRESENTATION_RELATIONSHIP(' ',' ',#6640,#6630)
REPRESENTATION_RELATIONSHIP_WITH_TRANSFORMATION(#157)
SHAPE_REPRESENTATION_RELATIONSHIP()
);
#118=(
REPRESENTATION_RELATIONSHIP(' ',' ',#6640,#6630)
REPRESENTATION_RELATIONSHIP_WITH_TRANSFORMATION(#158)
SHAPE_REPRESENTATION_RELATIONSHIP()
);
#119=(
REPRESENTATION_RELATIONSHIP(' ',' ',#6641,#6630)
REPRESENTATION_RELATIONSHIP_WITH_TRANSFORMATION(#159)
SHAPE_REPRESENTATION_RELATIONSHIP()
);
#120=(
REPRESENTATION_RELATIONSHIP(' ',' ',#6641,#6630)
REPRESENTATION_RELATIONSHIP_WITH_TRANSFORMATION(#160)
SHAPE_REPRESENTATION_RELATIONSHIP()
);
#121=(
REPRESENTATION_RELATIONSHIP(' ',' ',#6635,#6630)
REPRESENTATION_RELATIONSHIP_WITH_TRANSFORMATION(#161)
SHAPE_REPRESENTATION_RELATIONSHIP()
);
#122=(
REPRESENTATION_RELATIONSHIP(' ',' ',#6642,#6630)
REPRESENTATION_RELATIONSHIP_WITH_TRANSFORMATION(#162)
SHAPE_REPRESENTATION_RELATIONSHIP()
);
#123=(
REPRESENTATION_RELATIONSHIP(' ',' ',#6643,#6644)
REPRESENTATION_RELATIONSHIP_WITH_TRANSFORMATION(#163)
SHAPE_REPRESENTATION_RELATIONSHIP()
);
#124=(
REPRESENTATION_RELATIONSHIP(' ',' ',#6634,#6644)
REPRESENTATION_RELATIONSHIP_WITH_TRANSFORMATION(#164)
SHAPE_REPRESENTATION_RELATIONSHIP()
);
#125=(
REPRESENTATION_RELATIONSHIP(' ',' ',#6634,#6644)
REPRESENTATION_RELATIONSHIP_WITH_TRANSFORMATION(#165)
SHAPE_REPRESENTATION_RELATIONSHIP()
);
#126=(
REPRESENTATION_RELATIONSHIP(' ',' ',#6636,#6644)
REPRESENTATION_RELATIONSHIP_WITH_TRANSFORMATION(#166)
SHAPE_REPRESENTATION_RELATIONSHIP()
);
#127=(
REPRESENTATION_RELATIONSHIP(' ',' ',#6636,#6644)
REPRESENTATION_RELATIONSHIP_WITH_TRANSFORMATION(#167)
SHAPE_REPRESENTATION_RELATIONSHIP()
);
#128=(
REPRESENTATION_RELATIONSHIP(' ',' ',#6644,#6630)
REPRESENTATION_RELATIONSHIP_WITH_TRANSFORMATION(#168)
SHAPE_REPRESENTATION_RELATIONSHIP()
);
#129=(
REPRESENTATION_RELATIONSHIP(' ',' ',#6644,#6630)
REPRESENTATION_RELATIONSHIP_WITH_TRANSFORMATION(#169)
SHAPE_REPRESENTATION_RELATIONSHIP()
);
#130=(
REPRESENTATION_RELATIONSHIP(' ',' ',#6644,#6630)
REPRESENTATION_RELATIONSHIP_WITH_TRANSFORMATION(#170)
SHAPE_REPRESENTATION_RELATIONSHIP()
);
#131=(
REPRESENTATION_RELATIONSHIP(' ',' ',#6644,#6630)
REPRESENTATION_RELATIONSHIP_WITH_TRANSFORMATION(#171)
SHAPE_REPRESENTATION_RELATIONSHIP()
);
#132=(
REPRESENTATION_RELATIONSHIP(' ',' ',#6644,#6630)
REPRESENTATION_RELATIONSHIP_WITH_TRANSFORMATION(#172)
SHAPE_REPRESENTATION_RELATIONSHIP()
);
#133=(
REPRESENTATION_RELATIONSHIP(' ',' ',#6644,#6630)
REPRESENTATION_RELATIONSHIP_WITH_TRANSFORMATION(#173)
SHAPE_REPRESENTATION_RELATIONSHIP()
);
#134=(
REPRESENTATION_RELATIONSHIP(' ',' ',#6644,#6630)
REPRESENTATION_RELATIONSHIP_WITH_TRANSFORMATION(#174)
SHAPE_REPRESENTATION_RELATIONSHIP()
);
#135=(
REPRESENTATION_RELATIONSHIP(' ',' ',#6644,#6630)
REPRESENTATION_RELATIONSHIP_WITH_TRANSFORMATION(#175)
SHAPE_REPRESENTATION_RELATIONSHIP()
);
#136=(
REPRESENTATION_RELATIONSHIP(' ',' ',#6644,#6630)
REPRESENTATION_RELATIONSHIP_WITH_TRANSFORMATION(#176)
SHAPE_REPRESENTATION_RELATIONSHIP()
);
#137=(
REPRESENTATION_RELATIONSHIP(' ',' ',#6644,#6630)
REPRESENTATION_RELATIONSHIP_WITH_TRANSFORMATION(#177)
SHAPE_REPRESENTATION_RELATIONSHIP()
);
#138=ITEM_DEFINED_TRANSFORMATION(' ',' ',#6645,#6770);
#139=ITEM_DEFINED_TRANSFORMATION(' ',' ',#6645,#6792);
#140=ITEM_DEFINED_TRANSFORMATION(' ',' ',#6645,#6876);
#141=ITEM_DEFINED_TRANSFORMATION(' ',' ',#6645,#6931);
#142=ITEM_DEFINED_TRANSFORMATION(' ',' ',#6645,#6944);
#143=ITEM_DEFINED_TRANSFORMATION(' ',' ',#6645,#7026);
#144=ITEM_DEFINED_TRANSFORMATION(' ',' ',#6645,#7046);
#145=ITEM_DEFINED_TRANSFORMATION(' ',' ',#6645,#7047);
#146=ITEM_DEFINED_TRANSFORMATION(' ',' ',#6645,#7048);
#147=ITEM_DEFINED_TRANSFORMATION(' ',' ',#6645,#7049);
#148=ITEM_DEFINED_TRANSFORMATION(' ',' ',#6645,#7050);
#149=ITEM_DEFINED_TRANSFORMATION(' ',' ',#6645,#7051);
#150=ITEM_DEFINED_TRANSFORMATION(' ',' ',#6645,#7052);
#151=ITEM_DEFINED_TRANSFORMATION(' ',' ',#6645,#7148);
#152=ITEM_DEFINED_TRANSFORMATION(' ',' ',#6645,#7149);
#153=ITEM_DEFINED_TRANSFORMATION(' ',' ',#6645,#7247);
#154=ITEM_DEFINED_TRANSFORMATION(' ',' ',#6645,#7248);
#155=ITEM_DEFINED_TRANSFORMATION(' ',' ',#6645,#7297);
#156=ITEM_DEFINED_TRANSFORMATION(' ',' ',#6645,#7298);
#157=ITEM_DEFINED_TRANSFORMATION(' ',' ',#6645,#7299);
#158=ITEM_DEFINED_TRANSFORMATION(' ',' ',#6645,#7300);
#159=ITEM_DEFINED_TRANSFORMATION(' ',' ',#6645,#7331);
#160=ITEM_DEFINED_TRANSFORMATION(' ',' ',#6645,#7332);
#161=ITEM_DEFINED_TRANSFORMATION(' ',' ',#6645,#7333);
#162=ITEM_DEFINED_TRANSFORMATION(' ',' ',#6645,#7415);
#163=ITEM_DEFINED_TRANSFORMATION(' ',' ',#6645,#7437);
#164=ITEM_DEFINED_TRANSFORMATION(' ',' ',#6645,#7438);
#165=ITEM_DEFINED_TRANSFORMATION(' ',' ',#6645,#7439);
#166=ITEM_DEFINED_TRANSFORMATION(' ',' ',#6645,#7440);
#167=ITEM_DEFINED_TRANSFORMATION(' ',' ',#6645,#7441);
#168=ITEM_DEFINED_TRANSFORMATION(' ',' ',#6645,#7442);
#169=ITEM_DEFINED_TRANSFORMATION(' ',' ',#6645,#7443);
#170=ITEM_DEFINED_TRANSFORMATION(' ',' ',#6645,#7444);
#171=ITEM_DEFINED_TRANSFORMATION(' ',' ',#6645,#7445);
#172=ITEM_DEFINED_TRANSFORMATION(' ',' ',#6645,#7446);
#173=ITEM_DEFINED_TRANSFORMATION(' ',' ',#6645,#7447);
#174=ITEM_DEFINED_TRANSFORMATION(' ',' ',#6645,#7448);
#175=ITEM_DEFINED_TRANSFORMATION(' ',' ',#6645,#7449);
#176=ITEM_DEFINED_TRANSFORMATION(' ',' ',#6645,#7450);
#177=ITEM_DEFINED_TRANSFORMATION(' ',' ',#6645,#7451);
#178=SHAPE_REPRESENTATION_RELATIONSHIP('','',#6629,#191);
#179=SHAPE_REPRESENTATION_RELATIONSHIP('','',#6631,#192);
#180=SHAPE_REPRESENTATION_RELATIONSHIP('','',#6632,#193);
#181=SHAPE_REPRESENTATION_RELATIONSHIP('','',#6633,#194);
#182=SHAPE_REPRESENTATION_RELATIONSHIP('','',#6634,#195);
#183=SHAPE_REPRESENTATION_RELATIONSHIP('','',#6636,#196);
#184=SHAPE_REPRESENTATION_RELATIONSHIP('','',#6637,#197);
#185=SHAPE_REPRESENTATION_RELATIONSHIP('','',#6638,#198);
#186=SHAPE_REPRESENTATION_RELATIONSHIP('','',#6639,#199);
#187=SHAPE_REPRESENTATION_RELATIONSHIP('','',#6640,#200);
#188=SHAPE_REPRESENTATION_RELATIONSHIP('','',#6641,#201);
#189=SHAPE_REPRESENTATION_RELATIONSHIP('','',#6642,#202);
#190=SHAPE_REPRESENTATION_RELATIONSHIP('','',#6643,#203);
#191=ADVANCED_BREP_SHAPE_REPRESENTATION('',(#6600),#12263);
#192=ADVANCED_BREP_SHAPE_REPRESENTATION('',(#6601),#12264);
#193=ADVANCED_BREP_SHAPE_REPRESENTATION('',(#6602),#12265);
#194=ADVANCED_BREP_SHAPE_REPRESENTATION('',(#6603),#12266);
#195=ADVANCED_BREP_SHAPE_REPRESENTATION('',(#6604),#12268);
#196=ADVANCED_BREP_SHAPE_REPRESENTATION('',(#6605),#12269);
#197=ADVANCED_BREP_SHAPE_REPRESENTATION('',(#6606),#12270);
#198=ADVANCED_BREP_SHAPE_REPRESENTATION('',(#6607),#12271);
#199=ADVANCED_BREP_SHAPE_REPRESENTATION('',(#6608),#12272);
#200=ADVANCED_BREP_SHAPE_REPRESENTATION('',(#6609),#12273);
#201=ADVANCED_BREP_SHAPE_REPRESENTATION('',(#6610),#12274);
#202=ADVANCED_BREP_SHAPE_REPRESENTATION('',(#6611),#12275);
#203=ADVANCED_BREP_SHAPE_REPRESENTATION('',(#6612),#12277);
#204=ELLIPSE('',#6728,35.3553390593264,25.);
#205=ELLIPSE('',#6732,35.3553390593271,25.);
#206=ELLIPSE('',#6751,35.355339059327,25.);
#207=ELLIPSE('',#6757,35.3553390349333,25.);
#208=ELLIPSE('',#6832,35.3553390593274,25.);
#209=ELLIPSE('',#6833,35.3553390593274,25.);
#210=ELLIPSE('',#6836,35.3553390593274,25.);
#211=ELLIPSE('',#6837,35.3553390593274,25.);
#212=ELLIPSE('',#6840,35.3553390593274,25.);
#213=ELLIPSE('',#6841,35.3553390593274,25.);
#214=ELLIPSE('',#6844,35.3553390593274,25.);
#215=ELLIPSE('',#6845,35.3553390593274,25.);
#216=ELLIPSE('',#6913,35.3553390593274,25.);
#217=ELLIPSE('',#6914,35.3553390593274,25.);
#218=ELLIPSE('',#7097,35.3553390593274,25.);
#219=ELLIPSE('',#7102,35.3553390593273,25.);
#220=ELLIPSE('',#7198,35.3553390593274,25.);
#221=ELLIPSE('',#7202,35.3553390593274,25.);
#222=ELLIPSE('',#7207,35.3553390593274,25.);
#223=ELLIPSE('',#7211,35.3553390593273,25.);
#224=ELLIPSE('',#7277,35.3553390593272,25.);
#225=ELLIPSE('',#7279,35.3553390593274,25.);
#226=B_SPLINE_SURFACE_WITH_KNOTS('',1,3,((#9973,#9974,#9975,#9976,#9977,
#9978,#9979,#9980,#9981,#9982),(#9983,#9984,#9985,#9986,#9987,#9988,#9989,
#9990,#9991,#9992)),.RULED_SURF.,.F.,.F.,.F.,(2,2),(4,2,2,2,4),(0.,1.),
(0.,0.227433633634051,0.454867267268101,0.682300900902152,0.909734534536203),
 .UNSPECIFIED.);
#227=B_SPLINE_SURFACE_WITH_KNOTS('',1,3,((#10021,#10022,#10023,#10024,#10025,
#10026,#10027,#10028,#10029,#10030),(#10031,#10032,#10033,#10034,#10035,
#10036,#10037,#10038,#10039,#10040)),.RULED_SURF.,.F.,.F.,.F.,(2,2),(4,
2,2,2,4),(0.,1.),(0.082732441007886,0.291325060898267,0.499917680788647,
0.708510300679028,0.917102920569408),.UNSPECIFIED.);
#228=B_SPLINE_SURFACE_WITH_KNOTS('',1,3,((#10107,#10108,#10109,#10110,#10111,
#10112,#10113,#10114),(#10115,#10116,#10117,#10118,#10119,#10120,#10121,
#10122),(#10123,#10124,#10125,#10126,#10127,#10128,#10129,#10130)),
 .RULED_SURF.,.F.,.F.,.F.,(2,1,2),(4,2,2,4),(-0.00613357291179838,0.,1.),
(0.0102244442853811,0.505112222142691,0.752556111071345,1.),
 .UNSPECIFIED.);
#229=B_SPLINE_SURFACE_WITH_KNOTS('',1,3,((#10131,#10132,#10133,#10134,#10135,
#10136,#10137,#10138,#10139,#10140),(#10141,#10142,#10143,#10144,#10145,
#10146,#10147,#10148,#10149,#10150)),.RULED_SURF.,.F.,.F.,.F.,(2,2),(4,
2,2,2,4),(0.,1.),(0.0084710216212176,0.256353266215913,0.504235510810609,
0.752117755405304,1.),.UNSPECIFIED.);
#230=B_SPLINE_SURFACE_WITH_KNOTS('',1,3,((#10160,#10161,#10162,#10163,#10164,
#10165,#10166,#10167,#10168,#10169),(#10170,#10171,#10172,#10173,#10174,
#10175,#10176,#10177,#10178,#10179)),.RULED_SURF.,.F.,.F.,.F.,(2,2),(4,
2,2,2,4),(0.,1.),(0.,0.247882784961257,0.495765569922514,0.743648354883771,
0.991531139845028),.UNSPECIFIED.);
#231=B_SPLINE_SURFACE_WITH_KNOTS('',1,3,((#10184,#10185,#10186,#10187,#10188,
#10189,#10190,#10191,#10192,#10193,#10194,#10195,#10196),(#10197,#10198,
#10199,#10200,#10201,#10202,#10203,#10204,#10205,#10206,#10207,#10208,#10209)),
 .RULED_SURF.,.F.,.F.,.F.,(2,2),(4,2,2,2,3,4),(0.,1.),(0.00847102162121886,
0.256353266215914,0.504235510810609,0.752117755405305,1.,2.31217102720215),
 .UNSPECIFIED.);
#232=B_SPLINE_SURFACE_WITH_KNOTS('',1,3,((#10225,#10226,#10227,#10228,#10229,
#10230,#10231,#10232,#10233,#10234,#10235,#10236,#10237,#10238,#10239,#10240,
#10241,#10242,#10243),(#10244,#10245,#10246,#10247,#10248,#10249,#10250,
#10251,#10252,#10253,#10254,#10255,#10256,#10257,#10258,#10259,#10260,#10261,
#10262),(#10263,#10264,#10265,#10266,#10267,#10268,#10269,#10270,#10271,
#10272,#10273,#10274,#10275,#10276,#10277,#10278,#10279,#10280,#10281),
(#10282,#10283,#10284,#10285,#10286,#10287,#10288,#10289,#10290,#10291,
#10292,#10293,#10294,#10295,#10296,#10297,#10298,#10299,#10300)),
 .RULED_SURF.,.F.,.F.,.F.,(2,1,1,2),(4,3,3,2,2,2,3,4),(-1.,0.,1.,2.),(-1.28338316218277,
-0.991531139845027,0.,0.247882784961257,0.495765569922514,0.743648354883771,
0.991531139845027,1.98306227969005),.UNSPECIFIED.);
#233=B_SPLINE_SURFACE_WITH_KNOTS('',1,3,((#10305,#10306,#10307,#10308,#10309,
#10310,#10311,#10312),(#10313,#10314,#10315,#10316,#10317,#10318,#10319,
#10320),(#10321,#10322,#10323,#10324,#10325,#10326,#10327,#10328)),
 .RULED_SURF.,.F.,.F.,.F.,(2,1,2),(4,2,2,4),(-0.00615958110908584,0.,1.),
(0.,0.247443370978674,0.494886741957349,0.989773483914697),
 .UNSPECIFIED.);
#234=B_SPLINE_SURFACE_WITH_KNOTS('',1,3,((#10336,#10337,#10338,#10339,#10340,
#10341,#10342,#10343,#10344,#10345),(#10346,#10347,#10348,#10349,#10350,
#10351,#10352,#10353,#10354,#10355)),.RULED_SURF.,.F.,.F.,.F.,(2,2),(4,
2,2,2,4),(0.,1.),(0.,0.227433633634051,0.454867267268102,0.682300900902152,
0.909734534536203),.UNSPECIFIED.);
#235=B_SPLINE_SURFACE_WITH_KNOTS('',1,3,((#10389,#10390,#10391,#10392,#10393,
#10394,#10395,#10396,#10397,#10398),(#10399,#10400,#10401,#10402,#10403,
#10404,#10405,#10406,#10407,#10408)),.RULED_SURF.,.F.,.F.,.F.,(2,2),(4,
2,2,2,4),(0.,1.),(0.0827324410078882,0.291325060898268,0.499917680788648,
0.708510300679027,0.917102920569407),.UNSPECIFIED.);
#236=B_SPLINE_SURFACE_WITH_KNOTS('',1,3,((#10515,#10516,#10517,#10518,#10519,
#10520,#10521,#10522),(#10523,#10524,#10525,#10526,#10527,#10528,#10529,
#10530)),.RULED_SURF.,.F.,.F.,.F.,(2,2),(4,2,2,4),(0.,1.),(0.,0.247443370982129,
0.494886741964257,0.989773483928514),.UNSPECIFIED.);
#237=B_SPLINE_SURFACE_WITH_KNOTS('',1,3,((#10535,#10536,#10537,#10538,#10539,
#10540,#10541,#10542),(#10543,#10544,#10545,#10546,#10547,#10548,#10549,
#10550),(#10551,#10552,#10553,#10554,#10555,#10556,#10557,#10558)),
 .RULED_SURF.,.F.,.F.,.F.,(2,1,2),(4,2,2,4),(-0.00613357291107191,0.,1.),
(0.0102244442853811,0.505112222142691,0.752556111071345,1.),
 .UNSPECIFIED.);
#238=TOROIDAL_SURFACE('',#6700,140.,10.);
#239=TOROIDAL_SURFACE('',#6701,105.,5.);
#240=TOROIDAL_SURFACE('',#6702,105.,5.);
#241=TOROIDAL_SURFACE('',#6703,147.928932188134,5.);
#242=TOROIDAL_SURFACE('',#6704,195.,5.00000000000001);
#243=TOROIDAL_SURFACE('',#6710,140.,10.);
#244=TOROIDAL_SURFACE('',#6735,175.,25.);
#245=TOROIDAL_SURFACE('',#6752,140.,10.);
#246=TOROIDAL_SURFACE('',#6761,175.,25.);
#247=TOROIDAL_SURFACE('',#6942,23.,2.);
#248=TOROIDAL_SURFACE('',#6943,23.,2.);
#249=TOROIDAL_SURFACE('',#7045,15.,5.);
#250=CONICAL_SURFACE('',#6693,150.,0.785398163397449);
#251=CONICAL_SURFACE('',#6714,12.,0.785398163397448);
#252=CONICAL_SURFACE('',#6715,13.,0.785398163397448);
#253=CONICAL_SURFACE('',#6722,12.,0.785398163397451);
#254=CONICAL_SURFACE('',#6723,13.,0.785398163397451);
#255=CONICAL_SURFACE('',#6724,198.99999999983,0.7853981634822);
#256=CONICAL_SURFACE('',#6729,150.,0.785398162992883);
#257=CONICAL_SURFACE('',#6730,150.,0.785398162992855);
#258=CONICAL_SURFACE('',#6733,198.999999999834,0.78539816348059);
#259=CONICAL_SURFACE('',#6746,12.,0.785398163397448);
#260=CONICAL_SURFACE('',#6748,13.,0.785398163397445);
#261=CONICAL_SURFACE('',#6759,12.,0.785398163397445);
#262=CONICAL_SURFACE('',#6760,13.,0.785398163397448);
#263=CONICAL_SURFACE('',#6783,25.,0.785398163397448);
#264=CONICAL_SURFACE('',#6784,49.,0.785398163397448);
#265=CONICAL_SURFACE('',#6854,13.,0.785398163397448);
#266=CONICAL_SURFACE('',#6855,13.,0.785398163397448);
#267=CONICAL_SURFACE('',#6856,12.,0.785398163397448);
#268=CONICAL_SURFACE('',#6857,13.,0.785398163397448);
#269=CONICAL_SURFACE('',#6864,24.,0.785398163397447);
#270=CONICAL_SURFACE('',#6865,24.,0.785398163397447);
#271=CONICAL_SURFACE('',#6866,24.,0.785398163397447);
#272=CONICAL_SURFACE('',#6867,24.,0.785398163397447);
#273=CONICAL_SURFACE('',#6869,24.,0.785398163397448);
#274=CONICAL_SURFACE('',#6870,24.,0.785398163397448);
#275=CONICAL_SURFACE('',#6872,24.,0.785398163397448);
#276=CONICAL_SURFACE('',#6875,24.,0.785398163397448);
#277=CONICAL_SURFACE('',#6901,24.,0.785398163397448);
#278=CONICAL_SURFACE('',#6904,24.,0.785398163397448);
#279=CONICAL_SURFACE('',#6905,25.,0.785398163397448);
#280=CONICAL_SURFACE('',#6915,24.,0.78539816339745);
#281=CONICAL_SURFACE('',#6917,24.,0.785398163397448);
#282=CONICAL_SURFACE('',#6919,12.,0.785398163397448);
#283=CONICAL_SURFACE('',#6920,12.,0.785398163397448);
#284=CONICAL_SURFACE('',#6921,13.,0.785398163397448);
#285=CONICAL_SURFACE('',#6928,13.,0.785398163397448);
#286=CONICAL_SURFACE('',#6929,20.,0.785398163397448);
#287=CONICAL_SURFACE('',#6930,21.,0.785398163397448);
#288=CONICAL_SURFACE('',#6960,6.9175,1.0471975511966);
#289=CONICAL_SURFACE('',#6989,7.54248166639777,0.523598775598297);
#290=CONICAL_SURFACE('',#6991,13.856406460551,1.0471975511966);
#291=CONICAL_SURFACE('',#6992,11.625,1.0471975511966);
#292=CONICAL_SURFACE('',#6993,6.9175,1.0471975511966);
#293=CONICAL_SURFACE('',#6995,7.85497249959665,1.0471975511966);
#294=CONICAL_SURFACE('',#6996,6.9175,1.0471975511966);
#295=CONICAL_SURFACE('',#6998,7.85497249959665,1.0471975511966);
#296=CONICAL_SURFACE('',#6999,6.9175,1.0471975511966);
#297=CONICAL_SURFACE('',#7001,7.85497249959665,1.0471975511966);
#298=CONICAL_SURFACE('',#7002,6.9175,1.0471975511966);
#299=CONICAL_SURFACE('',#7004,7.85497249959665,1.0471975511966);
#300=CONICAL_SURFACE('',#7005,6.9175,1.0471975511966);
#301=CONICAL_SURFACE('',#7007,7.85497249959665,1.0471975511966);
#302=CONICAL_SURFACE('',#7008,6.9175,1.0471975511966);
#303=CONICAL_SURFACE('',#7010,7.85497249959665,1.0471975511966);
#304=CONICAL_SURFACE('',#7011,6.9175,1.0471975511966);
#305=CONICAL_SURFACE('',#7013,7.85497249959665,1.0471975511966);
#306=CONICAL_SURFACE('',#7014,6.9175,1.0471975511966);
#307=CONICAL_SURFACE('',#7016,7.85497249959665,1.0471975511966);
#308=CONICAL_SURFACE('',#7017,6.9175,1.0471975511966);
#309=CONICAL_SURFACE('',#7019,7.85497249959665,1.0471975511966);
#310=CONICAL_SURFACE('',#7020,6.9175,1.0471975511966);
#311=CONICAL_SURFACE('',#7022,7.85497249959665,1.0471975511966);
#312=CONICAL_SURFACE('',#7023,6.9175,1.0471975511966);
#313=CONICAL_SURFACE('',#7025,7.85497249959665,1.0471975511966);
#314=CONICAL_SURFACE('',#7104,24.9999999999977,0.78539816339745);
#315=CONICAL_SURFACE('',#7105,24.,0.78539816339745);
#316=CONICAL_SURFACE('',#7108,24.,0.785398163397441);
#317=CONICAL_SURFACE('',#7109,13.000000000003,0.785398163397448);
#318=CONICAL_SURFACE('',#7110,23.9999999999977,0.785398163397448);
#319=CONICAL_SURFACE('',#7113,24.,0.785398163397448);
#320=CONICAL_SURFACE('',#7114,24.,0.785398163397447);
#321=CONICAL_SURFACE('',#7116,12.,0.785398163397448);
#322=CONICAL_SURFACE('',#7117,12.000000000003,0.785398163397447);
#323=CONICAL_SURFACE('',#7118,12.,0.785398163397447);
#324=CONICAL_SURFACE('',#7120,25.,0.785398163397448);
#325=CONICAL_SURFACE('',#7122,13.,0.785398163397456);
#326=CONICAL_SURFACE('',#7123,26.,0.785398163397455);
#327=CONICAL_SURFACE('',#7125,26.,0.785398163397455);
#328=CONICAL_SURFACE('',#7132,12.,0.785398163397448);
#329=CONICAL_SURFACE('',#7139,24.,0.78539816339745);
#330=CONICAL_SURFACE('',#7141,24.,0.785398163397457);
#331=CONICAL_SURFACE('',#7142,26.,0.785398163397448);
#332=CONICAL_SURFACE('',#7144,26.,0.785398163397448);
#333=CONICAL_SURFACE('',#7146,25.,0.785398163397447);
#334=CONICAL_SURFACE('',#7213,12.000000000003,0.785398163397448);
#335=CONICAL_SURFACE('',#7215,23.9999999999977,0.785398163397448);
#336=CONICAL_SURFACE('',#7216,24.,0.785398163397452);
#337=CONICAL_SURFACE('',#7219,24.,0.78539816339745);
#338=CONICAL_SURFACE('',#7220,24.,0.785398163397448);
#339=CONICAL_SURFACE('',#7223,24.,0.785398163397452);
#340=CONICAL_SURFACE('',#7224,13.,0.785398163397455);
#341=CONICAL_SURFACE('',#7225,12.,0.785398163397454);
#342=CONICAL_SURFACE('',#7226,13.000000000003,0.785398163397448);
#343=CONICAL_SURFACE('',#7227,24.9999999999977,0.78539816339745);
#344=CONICAL_SURFACE('',#7230,25.,0.785398163397445);
#345=CONICAL_SURFACE('',#7231,25.,0.785398163397443);
#346=CONICAL_SURFACE('',#7233,12.,0.785398163397448);
#347=CONICAL_SURFACE('',#7235,25.,0.785398163397447);
#348=CONICAL_SURFACE('',#7237,12.,0.785398163397448);
#349=CONICAL_SURFACE('',#7239,24.,0.785398163397448);
#350=CONICAL_SURFACE('',#7241,26.,0.785398163397448);
#351=CONICAL_SURFACE('',#7243,26.,0.785398163397448);
#352=CONICAL_SURFACE('',#7244,26.,0.785398163397445);
#353=CONICAL_SURFACE('',#7246,26.,0.785398163397445);
#354=CONICAL_SURFACE('',#7281,25.,0.785398163397448);
#355=CONICAL_SURFACE('',#7284,24.,0.785398163397447);
#356=CONICAL_SURFACE('',#7285,12.,0.785398163397448);
#357=CONICAL_SURFACE('',#7286,24.,0.785398163397448);
#358=CONICAL_SURFACE('',#7289,24.,0.78539816339745);
#359=CONICAL_SURFACE('',#7290,13.,0.785398163397447);
#360=CONICAL_SURFACE('',#7291,13.,0.785398163397445);
#361=CONICAL_SURFACE('',#7292,12.,0.785398163397444);
#362=CONICAL_SURFACE('',#7294,25.,0.78539816339745);
#363=CONICAL_SURFACE('',#7296,26.,0.78539816339745);
#364=CONICAL_SURFACE('',#7349,13.1055,1.0471975511966);
#365=CONICAL_SURFACE('',#7378,14.1992900849798,0.523598775598295);
#366=CONICAL_SURFACE('',#7380,26.5581123827228,1.0471975511966);
#367=CONICAL_SURFACE('',#7381,22.625,1.0471975511966);
#368=CONICAL_SURFACE('',#7382,13.1055,1.0471975511966);
#369=CONICAL_SURFACE('',#7384,14.7461851274696,1.0471975511966);
#370=CONICAL_SURFACE('',#7385,13.1055,1.0471975511966);
#371=CONICAL_SURFACE('',#7387,14.7461851274696,1.0471975511966);
#372=CONICAL_SURFACE('',#7388,13.1055,1.0471975511966);
#373=CONICAL_SURFACE('',#7390,14.7461851274696,1.0471975511966);
#374=CONICAL_SURFACE('',#7391,13.1055,1.0471975511966);
#375=CONICAL_SURFACE('',#7393,14.7461851274696,1.0471975511966);
#376=CONICAL_SURFACE('',#7394,13.1055,1.0471975511966);
#377=CONICAL_SURFACE('',#7396,14.7461851274696,1.0471975511966);
#378=CONICAL_SURFACE('',#7397,13.1055,1.0471975511966);
#379=CONICAL_SURFACE('',#7399,14.7461851274696,1.0471975511966);
#380=CONICAL_SURFACE('',#7400,13.1055,1.0471975511966);
#381=CONICAL_SURFACE('',#7402,14.7461851274696,1.0471975511966);
#382=CONICAL_SURFACE('',#7403,13.1055,1.0471975511966);
#383=CONICAL_SURFACE('',#7405,14.7461851274696,1.0471975511966);
#384=CONICAL_SURFACE('',#7406,13.1055,1.0471975511966);
#385=CONICAL_SURFACE('',#7408,14.7461851274696,1.0471975511966);
#386=CONICAL_SURFACE('',#7409,13.1055,1.0471975511966);
#387=CONICAL_SURFACE('',#7411,14.7461851274696,1.0471975511966);
#388=CONICAL_SURFACE('',#7412,13.1055,1.0471975511966);
#389=CONICAL_SURFACE('',#7414,14.7461851274696,1.0471975511966);
#390=CYLINDRICAL_SURFACE('',#6658,150.);
#391=CYLINDRICAL_SURFACE('',#6673,50.);
#392=CYLINDRICAL_SURFACE('',#6679,100.);
#393=CYLINDRICAL_SURFACE('',#6684,100.);
#394=CYLINDRICAL_SURFACE('',#6711,12.);
#395=CYLINDRICAL_SURFACE('',#6716,25.);
#396=CYLINDRICAL_SURFACE('',#6717,25.);
#397=CYLINDRICAL_SURFACE('',#6718,25.);
#398=CYLINDRICAL_SURFACE('',#6719,12.);
#399=CYLINDRICAL_SURFACE('',#6726,25.);
#400=CYLINDRICAL_SURFACE('',#6737,25.);
#401=CYLINDRICAL_SURFACE('',#6740,12.);
#402=CYLINDRICAL_SURFACE('',#6743,12.);
#403=CYLINDRICAL_SURFACE('',#6755,25.);
#404=CYLINDRICAL_SURFACE('',#6766,200.);
#405=CYLINDRICAL_SURFACE('',#6771,50.);
#406=CYLINDRICAL_SURFACE('',#6775,25.);
#407=CYLINDRICAL_SURFACE('',#6785,13.);
#408=CYLINDRICAL_SURFACE('',#6787,15.);
#409=CYLINDRICAL_SURFACE('',#6803,50.);
#410=CYLINDRICAL_SURFACE('',#6807,25.);
#411=CYLINDRICAL_SURFACE('',#6824,12.);
#412=CYLINDRICAL_SURFACE('',#6827,12.);
#413=CYLINDRICAL_SURFACE('',#6830,25.);
#414=CYLINDRICAL_SURFACE('',#6834,25.);
#415=CYLINDRICAL_SURFACE('',#6838,25.);
#416=CYLINDRICAL_SURFACE('',#6842,25.);
#417=CYLINDRICAL_SURFACE('',#6858,25.);
#418=CYLINDRICAL_SURFACE('',#6861,25.);
#419=CYLINDRICAL_SURFACE('',#6883,12.);
#420=CYLINDRICAL_SURFACE('',#6886,25.);
#421=CYLINDRICAL_SURFACE('',#6891,25.);
#422=CYLINDRICAL_SURFACE('',#6894,12.);
#423=CYLINDRICAL_SURFACE('',#6911,25.);
#424=CYLINDRICAL_SURFACE('',#6922,20.);
#425=CYLINDRICAL_SURFACE('',#6932,12.);
#426=CYLINDRICAL_SURFACE('',#6935,25.);
#427=CYLINDRICAL_SURFACE('',#6957,6.9175);
#428=CYLINDRICAL_SURFACE('',#6962,6.9175);
#429=CYLINDRICAL_SURFACE('',#6965,6.9175);
#430=CYLINDRICAL_SURFACE('',#6968,6.9175);
#431=CYLINDRICAL_SURFACE('',#6971,6.9175);
#432=CYLINDRICAL_SURFACE('',#6974,6.9175);
#433=CYLINDRICAL_SURFACE('',#6977,6.9175);
#434=CYLINDRICAL_SURFACE('',#6980,6.9175);
#435=CYLINDRICAL_SURFACE('',#6983,6.9175);
#436=CYLINDRICAL_SURFACE('',#6986,6.9175);
#437=CYLINDRICAL_SURFACE('',#7027,12.);
#438=CYLINDRICAL_SURFACE('',#7032,7.);
#439=CYLINDRICAL_SURFACE('',#7034,8.);
#440=CYLINDRICAL_SURFACE('',#7039,20.);
#441=CYLINDRICAL_SURFACE('',#7055,25.);
#442=CYLINDRICAL_SURFACE('',#7061,25.);
#443=CYLINDRICAL_SURFACE('',#7064,24.9999999999977);
#444=CYLINDRICAL_SURFACE('',#7081,12.);
#445=CYLINDRICAL_SURFACE('',#7084,12.000000000003);
#446=CYLINDRICAL_SURFACE('',#7087,12.);
#447=CYLINDRICAL_SURFACE('',#7096,25.);
#448=CYLINDRICAL_SURFACE('',#7100,25.);
#449=CYLINDRICAL_SURFACE('',#7133,25.);
#450=CYLINDRICAL_SURFACE('',#7136,25.);
#451=CYLINDRICAL_SURFACE('',#7151,12.);
#452=CYLINDRICAL_SURFACE('',#7156,25.);
#453=CYLINDRICAL_SURFACE('',#7166,25.);
#454=CYLINDRICAL_SURFACE('',#7169,24.9999999999977);
#455=CYLINDRICAL_SURFACE('',#7179,12.);
#456=CYLINDRICAL_SURFACE('',#7182,12.000000000003);
#457=CYLINDRICAL_SURFACE('',#7197,25.);
#458=CYLINDRICAL_SURFACE('',#7201,25.);
#459=CYLINDRICAL_SURFACE('',#7205,25.);
#460=CYLINDRICAL_SURFACE('',#7209,25.);
#461=CYLINDRICAL_SURFACE('',#7250,25.);
#462=CYLINDRICAL_SURFACE('',#7257,12.);
#463=CYLINDRICAL_SURFACE('',#7261,25.);
#464=CYLINDRICAL_SURFACE('',#7269,12.);
#465=CYLINDRICAL_SURFACE('',#7276,25.);
#466=CYLINDRICAL_SURFACE('',#7303,25.);
#467=CYLINDRICAL_SURFACE('',#7307,25.);
#468=CYLINDRICAL_SURFACE('',#7316,12.);
#469=CYLINDRICAL_SURFACE('',#7317,12.);
#470=CYLINDRICAL_SURFACE('',#7346,13.1055);
#471=CYLINDRICAL_SURFACE('',#7351,13.1055);
#472=CYLINDRICAL_SURFACE('',#7354,13.1055);
#473=CYLINDRICAL_SURFACE('',#7357,13.1055);
#474=CYLINDRICAL_SURFACE('',#7360,13.1055);
#475=CYLINDRICAL_SURFACE('',#7363,13.1055);
#476=CYLINDRICAL_SURFACE('',#7366,13.1055);
#477=CYLINDRICAL_SURFACE('',#7369,13.1055);
#478=CYLINDRICAL_SURFACE('',#7372,13.1055);
#479=CYLINDRICAL_SURFACE('',#7375,13.1055);
#480=CYLINDRICAL_SURFACE('',#7416,12.);
#481=CYLINDRICAL_SURFACE('',#7423,7.);
#482=CYLINDRICAL_SURFACE('',#7425,7.);
#483=CYLINDRICAL_SURFACE('',#7427,8.);
#484=CYLINDRICAL_SURFACE('',#7432,8.);
#485=LINE('',#9438,#845);
#486=LINE('',#9440,#846);
#487=LINE('',#9442,#847);
#488=LINE('',#9456,#848);
#489=LINE('',#9460,#849);
#490=LINE('',#9481,#850);
#491=LINE('',#9497,#851);
#492=LINE('',#9501,#852);
#493=LINE('',#9515,#853);
#494=LINE('',#9517,#854);
#495=LINE('',#9523,#855);
#496=LINE('',#9538,#856);
#497=LINE('',#9542,#857);
#498=LINE('',#9556,#858);
#499=LINE('',#9558,#859);
#500=LINE('',#9563,#860);
#501=LINE('',#9565,#861);
#502=LINE('',#9601,#862);
#503=LINE('',#9603,#863);
#504=LINE('',#9607,#864);
#505=LINE('',#9643,#865);
#506=LINE('',#9652,#866);
#507=LINE('',#9670,#867);
#508=LINE('',#9676,#868);
#509=LINE('',#9678,#869);
#510=LINE('',#9683,#870);
#511=LINE('',#9687,#871);
#512=LINE('',#9692,#872);
#513=LINE('',#9701,#873);
#514=LINE('',#9705,#874);
#515=LINE('',#9709,#875);
#516=LINE('',#9713,#876);
#517=LINE('',#9715,#877);
#518=LINE('',#9720,#878);
#519=LINE('',#9724,#879);
#520=LINE('',#9728,#880);
#521=LINE('',#9730,#881);
#522=LINE('',#9734,#882);
#523=LINE('',#9736,#883);
#524=LINE('',#9737,#884);
#525=LINE('',#9747,#885);
#526=LINE('',#9748,#886);
#527=LINE('',#9752,#887);
#528=LINE('',#9753,#888);
#529=LINE('',#9791,#889);
#530=LINE('',#9794,#890);
#531=LINE('',#9797,#891);
#532=LINE('',#9799,#892);
#533=LINE('',#9906,#893);
#534=LINE('',#10210,#894);
#535=LINE('',#10329,#895);
#536=LINE('',#10429,#896);
#537=LINE('',#10432,#897);
#538=LINE('',#10434,#898);
#539=LINE('',#10454,#899);
#540=LINE('',#10500,#900);
#541=LINE('',#10502,#901);
#542=LINE('',#10559,#902);
#543=LINE('',#10600,#903);
#544=LINE('',#10601,#904);
#545=LINE('',#10603,#905);
#546=LINE('',#10607,#906);
#547=LINE('',#10644,#907);
#548=LINE('',#10647,#908);
#549=LINE('',#10649,#909);
#550=LINE('',#10651,#910);
#551=LINE('',#10653,#911);
#552=LINE('',#10655,#912);
#553=LINE('',#10657,#913);
#554=LINE('',#10659,#914);
#555=LINE('',#10661,#915);
#556=LINE('',#10663,#916);
#557=LINE('',#10665,#917);
#558=LINE('',#10667,#918);
#559=LINE('',#10671,#919);
#560=LINE('',#10676,#920);
#561=LINE('',#10683,#921);
#562=LINE('',#10687,#922);
#563=LINE('',#10691,#923);
#564=LINE('',#10694,#924);
#565=LINE('',#10696,#925);
#566=LINE('',#10698,#926);
#567=LINE('',#10700,#927);
#568=LINE('',#10702,#928);
#569=LINE('',#10704,#929);
#570=LINE('',#10706,#930);
#571=LINE('',#10708,#931);
#572=LINE('',#10710,#932);
#573=LINE('',#10712,#933);
#574=LINE('',#10714,#934);
#575=LINE('',#10725,#935);
#576=LINE('',#10730,#936);
#577=LINE('',#10736,#937);
#578=LINE('',#10741,#938);
#579=LINE('',#10747,#939);
#580=LINE('',#10752,#940);
#581=LINE('',#10758,#941);
#582=LINE('',#10763,#942);
#583=LINE('',#10793,#943);
#584=LINE('',#10795,#944);
#585=LINE('',#10797,#945);
#586=LINE('',#10799,#946);
#587=LINE('',#10801,#947);
#588=LINE('',#10803,#948);
#589=LINE('',#10805,#949);
#590=LINE('',#10807,#950);
#591=LINE('',#10823,#951);
#592=LINE('',#10824,#952);
#593=LINE('',#10826,#953);
#594=LINE('',#10828,#954);
#595=LINE('',#10831,#955);
#596=LINE('',#10832,#956);
#597=LINE('',#10834,#957);
#598=LINE('',#10836,#958);
#599=LINE('',#10844,#959);
#600=LINE('',#10849,#960);
#601=LINE('',#10853,#961);
#602=LINE('',#10856,#962);
#603=LINE('',#10858,#963);
#604=LINE('',#10860,#964);
#605=LINE('',#10862,#965);
#606=LINE('',#10864,#966);
#607=LINE('',#10873,#967);
#608=LINE('',#10877,#968);
#609=LINE('',#10879,#969);
#610=LINE('',#10881,#970);
#611=LINE('',#10883,#971);
#612=LINE('',#10885,#972);
#613=LINE('',#10887,#973);
#614=LINE('',#10889,#974);
#615=LINE('',#10891,#975);
#616=LINE('',#10903,#976);
#617=LINE('',#10909,#977);
#618=LINE('',#10910,#978);
#619=LINE('',#10912,#979);
#620=LINE('',#10914,#980);
#621=LINE('',#10917,#981);
#622=LINE('',#10919,#982);
#623=LINE('',#10923,#983);
#624=LINE('',#10928,#984);
#625=LINE('',#10937,#985);
#626=LINE('',#10939,#986);
#627=LINE('',#10997,#987);
#628=LINE('',#11007,#988);
#629=LINE('',#11025,#989);
#630=LINE('',#11043,#990);
#631=LINE('',#11061,#991);
#632=LINE('',#11079,#992);
#633=LINE('',#11234,#993);
#634=LINE('',#11237,#994);
#635=LINE('',#11244,#995);
#636=LINE('',#11246,#996);
#637=LINE('',#11248,#997);
#638=LINE('',#11250,#998);
#639=LINE('',#11252,#999);
#640=LINE('',#11254,#1000);
#641=LINE('',#11262,#1001);
#642=LINE('',#11264,#1002);
#643=LINE('',#11266,#1003);
#644=LINE('',#11268,#1004);
#645=LINE('',#11270,#1005);
#646=LINE('',#11272,#1006);
#647=LINE('',#11277,#1007);
#648=LINE('',#11280,#1008);
#649=LINE('',#11281,#1009);
#650=LINE('',#11283,#1010);
#651=LINE('',#11285,#1011);
#652=LINE('',#11287,#1012);
#653=LINE('',#11289,#1013);
#654=LINE('',#11292,#1014);
#655=LINE('',#11294,#1015);
#656=LINE('',#11296,#1016);
#657=LINE('',#11298,#1017);
#658=LINE('',#11300,#1018);
#659=LINE('',#11310,#1019);
#660=LINE('',#11315,#1020);
#661=LINE('',#11319,#1021);
#662=LINE('',#11328,#1022);
#663=LINE('',#11332,#1023);
#664=LINE('',#11336,#1024);
#665=LINE('',#11359,#1025);
#666=LINE('',#11362,#1026);
#667=LINE('',#11364,#1027);
#668=LINE('',#11366,#1028);
#669=LINE('',#11370,#1029);
#670=LINE('',#11375,#1030);
#671=LINE('',#11379,#1031);
#672=LINE('',#11393,#1032);
#673=LINE('',#11395,#1033);
#674=LINE('',#11397,#1034);
#675=LINE('',#11399,#1035);
#676=LINE('',#11403,#1036);
#677=LINE('',#11404,#1037);
#678=LINE('',#11406,#1038);
#679=LINE('',#11408,#1039);
#680=LINE('',#11410,#1040);
#681=LINE('',#11412,#1041);
#682=LINE('',#11418,#1042);
#683=LINE('',#11424,#1043);
#684=LINE('',#11432,#1044);
#685=LINE('',#11434,#1045);
#686=LINE('',#11442,#1046);
#687=LINE('',#11446,#1047);
#688=LINE('',#11450,#1048);
#689=LINE('',#11452,#1049);
#690=LINE('',#11455,#1050);
#691=LINE('',#11457,#1051);
#692=LINE('',#11459,#1052);
#693=LINE('',#11468,#1053);
#694=LINE('',#11470,#1054);
#695=LINE('',#11477,#1055);
#696=LINE('',#11479,#1056);
#697=LINE('',#11486,#1057);
#698=LINE('',#11488,#1058);
#699=LINE('',#11493,#1059);
#700=LINE('',#11496,#1060);
#701=LINE('',#11498,#1061);
#702=LINE('',#11500,#1062);
#703=LINE('',#11502,#1063);
#704=LINE('',#11504,#1064);
#705=LINE('',#11511,#1065);
#706=LINE('',#11514,#1066);
#707=LINE('',#11516,#1067);
#708=LINE('',#11518,#1068);
#709=LINE('',#11520,#1069);
#710=LINE('',#11522,#1070);
#711=LINE('',#11524,#1071);
#712=LINE('',#11526,#1072);
#713=LINE('',#11528,#1073);
#714=LINE('',#11531,#1074);
#715=LINE('',#11533,#1075);
#716=LINE('',#11535,#1076);
#717=LINE('',#11537,#1077);
#718=LINE('',#11539,#1078);
#719=LINE('',#11546,#1079);
#720=LINE('',#11551,#1080);
#721=LINE('',#11555,#1081);
#722=LINE('',#11559,#1082);
#723=LINE('',#11563,#1083);
#724=LINE('',#11582,#1084);
#725=LINE('',#11586,#1085);
#726=LINE('',#11590,#1086);
#727=LINE('',#11602,#1087);
#728=LINE('',#11605,#1088);
#729=LINE('',#11607,#1089);
#730=LINE('',#11609,#1090);
#731=LINE('',#11613,#1091);
#732=LINE('',#11618,#1092);
#733=LINE('',#11622,#1093);
#734=LINE('',#11626,#1094);
#735=LINE('',#11629,#1095);
#736=LINE('',#11631,#1096);
#737=LINE('',#11633,#1097);
#738=LINE('',#11637,#1098);
#739=LINE('',#11642,#1099);
#740=LINE('',#11646,#1100);
#741=LINE('',#11671,#1101);
#742=LINE('',#11672,#1102);
#743=LINE('',#11674,#1103);
#744=LINE('',#11676,#1104);
#745=LINE('',#11678,#1105);
#746=LINE('',#11680,#1106);
#747=LINE('',#11682,#1107);
#748=LINE('',#11684,#1108);
#749=LINE('',#11686,#1109);
#750=LINE('',#11688,#1110);
#751=LINE('',#11694,#1111);
#752=LINE('',#11695,#1112);
#753=LINE('',#11697,#1113);
#754=LINE('',#11699,#1114);
#755=LINE('',#11701,#1115);
#756=LINE('',#11703,#1116);
#757=LINE('',#11707,#1117);
#758=LINE('',#11713,#1118);
#759=LINE('',#11721,#1119);
#760=LINE('',#11727,#1120);
#761=LINE('',#11734,#1121);
#762=LINE('',#11736,#1122);
#763=LINE('',#11739,#1123);
#764=LINE('',#11741,#1124);
#765=LINE('',#11746,#1125);
#766=LINE('',#11749,#1126);
#767=LINE('',#11751,#1127);
#768=LINE('',#11753,#1128);
#769=LINE('',#11755,#1129);
#770=LINE('',#11757,#1130);
#771=LINE('',#11761,#1131);
#772=LINE('',#11765,#1132);
#773=LINE('',#11770,#1133);
#774=LINE('',#11781,#1134);
#775=LINE('',#11783,#1135);
#776=LINE('',#11785,#1136);
#777=LINE('',#11787,#1137);
#778=LINE('',#11789,#1138);
#779=LINE('',#11794,#1139);
#780=LINE('',#11799,#1140);
#781=LINE('',#11814,#1141);
#782=LINE('',#11819,#1142);
#783=LINE('',#11830,#1143);
#784=LINE('',#11831,#1144);
#785=LINE('',#11833,#1145);
#786=LINE('',#11835,#1146);
#787=LINE('',#11839,#1147);
#788=LINE('',#11840,#1148);
#789=LINE('',#11842,#1149);
#790=LINE('',#11844,#1150);
#791=LINE('',#11854,#1151);
#792=LINE('',#11856,#1152);
#793=LINE('',#11868,#1153);
#794=LINE('',#11871,#1154);
#795=LINE('',#11873,#1155);
#796=LINE('',#11875,#1156);
#797=LINE('',#11877,#1157);
#798=LINE('',#11880,#1158);
#799=LINE('',#11882,#1159);
#800=LINE('',#11884,#1160);
#801=LINE('',#11886,#1161);
#802=LINE('',#11888,#1162);
#803=LINE('',#11889,#1163);
#804=LINE('',#11891,#1164);
#805=LINE('',#11893,#1165);
#806=LINE('',#11895,#1166);
#807=LINE('',#11897,#1167);
#808=LINE('',#11902,#1168);
#809=LINE('',#11906,#1169);
#810=LINE('',#11908,#1170);
#811=LINE('',#11910,#1171);
#812=LINE('',#11912,#1172);
#813=LINE('',#11914,#1173);
#814=LINE('',#11924,#1174);
#815=LINE('',#11926,#1175);
#816=LINE('',#11927,#1176);
#817=LINE('',#11929,#1177);
#818=LINE('',#11935,#1178);
#819=LINE('',#11937,#1179);
#820=LINE('',#11938,#1180);
#821=LINE('',#11940,#1181);
#822=LINE('',#11944,#1182);
#823=LINE('',#11946,#1183);
#824=LINE('',#11948,#1184);
#825=LINE('',#11951,#1185);
#826=LINE('',#11953,#1186);
#827=LINE('',#11955,#1187);
#828=LINE('',#11957,#1188);
#829=LINE('',#11960,#1189);
#830=LINE('',#11961,#1190);
#831=LINE('',#11963,#1191);
#832=LINE('',#11965,#1192);
#833=LINE('',#11967,#1193);
#834=LINE('',#11969,#1194);
#835=LINE('',#11970,#1195);
#836=LINE('',#11972,#1196);
#837=LINE('',#11973,#1197);
#838=LINE('',#11977,#1198);
#839=LINE('',#12003,#1199);
#840=LINE('',#12014,#1200);
#841=LINE('',#12034,#1201);
#842=LINE('',#12054,#1202);
#843=LINE('',#12074,#1203);
#844=LINE('',#12094,#1204);
#845=VECTOR('',#7460,1000.);
#846=VECTOR('',#7461,1000.);
#847=VECTOR('',#7462,1000.);
#848=VECTOR('',#7463,1000.);
#849=VECTOR('',#7466,1000.);
#850=VECTOR('',#7473,1000.);
#851=VECTOR('',#7474,1000.);
#852=VECTOR('',#7477,1000.);
#853=VECTOR('',#7478,1000.);
#854=VECTOR('',#7479,1000.);
#855=VECTOR('',#7486,1000.);
#856=VECTOR('',#7487,1000.);
#857=VECTOR('',#7490,1000.);
#858=VECTOR('',#7491,1000.);
#859=VECTOR('',#7492,1000.);
#860=VECTOR('',#7497,1000.);
#861=VECTOR('',#7498,1000.);
#862=VECTOR('',#7501,1000.);
#863=VECTOR('',#7502,1000.);
#864=VECTOR('',#7505,1000.);
#865=VECTOR('',#7508,1000.);
#866=VECTOR('',#7513,1000.);
#867=VECTOR('',#7516,1000.);
#868=VECTOR('',#7519,1000.);
#869=VECTOR('',#7522,1000.);
#870=VECTOR('',#7525,1000.);
#871=VECTOR('',#7530,1000.);
#872=VECTOR('',#7533,1000.);
#873=VECTOR('',#7542,1000.);
#874=VECTOR('',#7545,1000.);
#875=VECTOR('',#7548,1000.);
#876=VECTOR('',#7551,1000.);
#877=VECTOR('',#7554,1000.);
#878=VECTOR('',#7557,1000.);
#879=VECTOR('',#7562,1000.);
#880=VECTOR('',#7565,1000.);
#881=VECTOR('',#7568,1000.);
#882=VECTOR('',#7571,1000.);
#883=VECTOR('',#7574,1000.);
#884=VECTOR('',#7575,1000.);
#885=VECTOR('',#7586,1000.);
#886=VECTOR('',#7587,1000.);
#887=VECTOR('',#7590,1000.);
#888=VECTOR('',#7591,1000.);
#889=VECTOR('',#7620,1000.);
#890=VECTOR('',#7625,1000.);
#891=VECTOR('',#7626,1000.);
#892=VECTOR('',#7627,1000.);
#893=VECTOR('',#7646,1000.);
#894=VECTOR('',#7671,1000.);
#895=VECTOR('',#7674,1000.);
#896=VECTOR('',#7691,1000.);
#897=VECTOR('',#7692,1000.);
#898=VECTOR('',#7693,1000.);
#899=VECTOR('',#7718,1000.);
#900=VECTOR('',#7725,1000.);
#901=VECTOR('',#7726,1000.);
#902=VECTOR('',#7741,1000.);
#903=VECTOR('',#7748,1000.);
#904=VECTOR('',#7749,1000.);
#905=VECTOR('',#7752,1000.);
#906=VECTOR('',#7759,1000.);
#907=VECTOR('',#7812,1000.);
#908=VECTOR('',#7813,1000.);
#909=VECTOR('',#7814,1000.);
#910=VECTOR('',#7815,1000.);
#911=VECTOR('',#7816,1000.);
#912=VECTOR('',#7817,1000.);
#913=VECTOR('',#7818,1000.);
#914=VECTOR('',#7819,1000.);
#915=VECTOR('',#7820,1000.);
#916=VECTOR('',#7821,1000.);
#917=VECTOR('',#7822,1000.);
#918=VECTOR('',#7823,1000.);
#919=VECTOR('',#7828,1000.);
#920=VECTOR('',#7831,1000.);
#921=VECTOR('',#7838,1000.);
#922=VECTOR('',#7841,1000.);
#923=VECTOR('',#7846,1000.);
#924=VECTOR('',#7847,1000.);
#925=VECTOR('',#7848,1000.);
#926=VECTOR('',#7849,1000.);
#927=VECTOR('',#7850,1000.);
#928=VECTOR('',#7851,1000.);
#929=VECTOR('',#7852,1000.);
#930=VECTOR('',#7853,1000.);
#931=VECTOR('',#7854,1000.);
#932=VECTOR('',#7855,1000.);
#933=VECTOR('',#7856,1000.);
#934=VECTOR('',#7857,1000.);
#935=VECTOR('',#7872,1000.);
#936=VECTOR('',#7875,1000.);
#937=VECTOR('',#7882,1000.);
#938=VECTOR('',#7885,1000.);
#939=VECTOR('',#7892,1000.);
#940=VECTOR('',#7895,1000.);
#941=VECTOR('',#7902,1000.);
#942=VECTOR('',#7905,1000.);
#943=VECTOR('',#7954,1000.);
#944=VECTOR('',#7957,1000.);
#945=VECTOR('',#7960,1000.);
#946=VECTOR('',#7963,1000.);
#947=VECTOR('',#7966,1000.);
#948=VECTOR('',#7969,1000.);
#949=VECTOR('',#7972,1000.);
#950=VECTOR('',#7975,1000.);
#951=VECTOR('',#8006,1000.);
#952=VECTOR('',#8007,1000.);
#953=VECTOR('',#8010,1000.);
#954=VECTOR('',#8013,1000.);
#955=VECTOR('',#8018,1000.);
#956=VECTOR('',#8019,1000.);
#957=VECTOR('',#8022,1000.);
#958=VECTOR('',#8025,1000.);
#959=VECTOR('',#8036,1000.);
#960=VECTOR('',#8039,1000.);
#961=VECTOR('',#8044,1000.);
#962=VECTOR('',#8045,1000.);
#963=VECTOR('',#8046,1000.);
#964=VECTOR('',#8047,1000.);
#965=VECTOR('',#8048,1000.);
#966=VECTOR('',#8049,1000.);
#967=VECTOR('',#8060,1000.);
#968=VECTOR('',#8065,1000.);
#969=VECTOR('',#8066,1000.);
#970=VECTOR('',#8067,1000.);
#971=VECTOR('',#8070,1000.);
#972=VECTOR('',#8071,1000.);
#973=VECTOR('',#8072,1000.);
#974=VECTOR('',#8073,1000.);
#975=VECTOR('',#8074,1000.);
#976=VECTOR('',#8091,1000.);
#977=VECTOR('',#8098,1000.);
#978=VECTOR('',#8099,1000.);
#979=VECTOR('',#8102,1000.);
#980=VECTOR('',#8105,1000.);
#981=VECTOR('',#8110,1000.);
#982=VECTOR('',#8113,1000.);
#983=VECTOR('',#8118,1000.);
#984=VECTOR('',#8121,1000.);
#985=VECTOR('',#8136,1000.);
#986=VECTOR('',#8139,1000.);
#987=VECTOR('',#8208,1000.);
#988=VECTOR('',#8209,1000.);
#989=VECTOR('',#8212,1000.);
#990=VECTOR('',#8215,1000.);
#991=VECTOR('',#8218,1000.);
#992=VECTOR('',#8221,1000.);
#993=VECTOR('',#8418,1000.);
#994=VECTOR('',#8419,1000.);
#995=VECTOR('',#8420,1000.);
#996=VECTOR('',#8421,1000.);
#997=VECTOR('',#8422,1000.);
#998=VECTOR('',#8423,1000.);
#999=VECTOR('',#8424,1000.);
#1000=VECTOR('',#8425,1000.);
#1001=VECTOR('',#8428,1000.);
#1002=VECTOR('',#8429,1000.);
#1003=VECTOR('',#8430,1000.);
#1004=VECTOR('',#8431,1000.);
#1005=VECTOR('',#8432,1000.);
#1006=VECTOR('',#8433,1000.);
#1007=VECTOR('',#8442,1000.);
#1008=VECTOR('',#8443,1000.);
#1009=VECTOR('',#8444,1000.);
#1010=VECTOR('',#8447,1000.);
#1011=VECTOR('',#8448,1000.);
#1012=VECTOR('',#8449,1000.);
#1013=VECTOR('',#8452,1000.);
#1014=VECTOR('',#8453,1000.);
#1015=VECTOR('',#8454,1000.);
#1016=VECTOR('',#8455,1000.);
#1017=VECTOR('',#8456,1000.);
#1018=VECTOR('',#8457,1000.);
#1019=VECTOR('',#8474,1000.);
#1020=VECTOR('',#8479,1000.);
#1021=VECTOR('',#8482,1000.);
#1022=VECTOR('',#8491,1000.);
#1023=VECTOR('',#8494,1000.);
#1024=VECTOR('',#8497,1000.);
#1025=VECTOR('',#8524,1000.);
#1026=VECTOR('',#8525,1000.);
#1027=VECTOR('',#8526,1000.);
#1028=VECTOR('',#8527,1000.);
#1029=VECTOR('',#8532,1000.);
#1030=VECTOR('',#8535,1000.);
#1031=VECTOR('',#8538,1000.);
#1032=VECTOR('',#8559,1000.);
#1033=VECTOR('',#8562,1000.);
#1034=VECTOR('',#8565,1000.);
#1035=VECTOR('',#8568,1000.);
#1036=VECTOR('',#8575,1000.);
#1037=VECTOR('',#8576,1000.);
#1038=VECTOR('',#8579,1000.);
#1039=VECTOR('',#8582,1000.);
#1040=VECTOR('',#8585,1000.);
#1041=VECTOR('',#8588,1000.);
#1042=VECTOR('',#8599,1000.);
#1043=VECTOR('',#8602,1000.);
#1044=VECTOR('',#8609,1000.);
#1045=VECTOR('',#8612,1000.);
#1046=VECTOR('',#8621,1000.);
#1047=VECTOR('',#8624,1000.);
#1048=VECTOR('',#8627,1000.);
#1049=VECTOR('',#8630,1000.);
#1050=VECTOR('',#8631,1000.);
#1051=VECTOR('',#8632,1000.);
#1052=VECTOR('',#8633,1000.);
#1053=VECTOR('',#8650,1000.);
#1054=VECTOR('',#8653,1000.);
#1055=VECTOR('',#8658,1000.);
#1056=VECTOR('',#8661,1000.);
#1057=VECTOR('',#8666,1000.);
#1058=VECTOR('',#8669,1000.);
#1059=VECTOR('',#8678,1000.);
#1060=VECTOR('',#8679,1000.);
#1061=VECTOR('',#8680,1000.);
#1062=VECTOR('',#8681,1000.);
#1063=VECTOR('',#8682,1000.);
#1064=VECTOR('',#8683,1000.);
#1065=VECTOR('',#8692,1000.);
#1066=VECTOR('',#8693,1000.);
#1067=VECTOR('',#8694,1000.);
#1068=VECTOR('',#8695,1000.);
#1069=VECTOR('',#8696,1000.);
#1070=VECTOR('',#8697,1000.);
#1071=VECTOR('',#8698,1000.);
#1072=VECTOR('',#8699,1000.);
#1073=VECTOR('',#8702,1000.);
#1074=VECTOR('',#8703,1000.);
#1075=VECTOR('',#8704,1000.);
#1076=VECTOR('',#8705,1000.);
#1077=VECTOR('',#8706,1000.);
#1078=VECTOR('',#8707,1000.);
#1079=VECTOR('',#8718,1000.);
#1080=VECTOR('',#8721,1000.);
#1081=VECTOR('',#8724,1000.);
#1082=VECTOR('',#8727,1000.);
#1083=VECTOR('',#8730,1000.);
#1084=VECTOR('',#8755,1000.);
#1085=VECTOR('',#8758,1000.);
#1086=VECTOR('',#8761,1000.);
#1087=VECTOR('',#8776,1000.);
#1088=VECTOR('',#8777,1000.);
#1089=VECTOR('',#8778,1000.);
#1090=VECTOR('',#8779,1000.);
#1091=VECTOR('',#8784,1000.);
#1092=VECTOR('',#8787,1000.);
#1093=VECTOR('',#8790,1000.);
#1094=VECTOR('',#8795,1000.);
#1095=VECTOR('',#8796,1000.);
#1096=VECTOR('',#8797,1000.);
#1097=VECTOR('',#8798,1000.);
#1098=VECTOR('',#8803,1000.);
#1099=VECTOR('',#8806,1000.);
#1100=VECTOR('',#8809,1000.);
#1101=VECTOR('',#8848,1000.);
#1102=VECTOR('',#8849,1000.);
#1103=VECTOR('',#8852,1000.);
#1104=VECTOR('',#8855,1000.);
#1105=VECTOR('',#8858,1000.);
#1106=VECTOR('',#8861,1000.);
#1107=VECTOR('',#8864,1000.);
#1108=VECTOR('',#8867,1000.);
#1109=VECTOR('',#8870,1000.);
#1110=VECTOR('',#8873,1000.);
#1111=VECTOR('',#8884,1000.);
#1112=VECTOR('',#8885,1000.);
#1113=VECTOR('',#8888,1000.);
#1114=VECTOR('',#8891,1000.);
#1115=VECTOR('',#8894,1000.);
#1116=VECTOR('',#8897,1000.);
#1117=VECTOR('',#8904,1000.);
#1118=VECTOR('',#8907,1000.);
#1119=VECTOR('',#8914,1000.);
#1120=VECTOR('',#8917,1000.);
#1121=VECTOR('',#8922,1000.);
#1122=VECTOR('',#8925,1000.);
#1123=VECTOR('',#8930,1000.);
#1124=VECTOR('',#8933,1000.);
#1125=VECTOR('',#8942,1000.);
#1126=VECTOR('',#8943,1000.);
#1127=VECTOR('',#8944,1000.);
#1128=VECTOR('',#8945,1000.);
#1129=VECTOR('',#8946,1000.);
#1130=VECTOR('',#8947,1000.);
#1131=VECTOR('',#8952,1000.);
#1132=VECTOR('',#8957,1000.);
#1133=VECTOR('',#8960,1000.);
#1134=VECTOR('',#8973,1000.);
#1135=VECTOR('',#8974,1000.);
#1136=VECTOR('',#8975,1000.);
#1137=VECTOR('',#8976,1000.);
#1138=VECTOR('',#8977,1000.);
#1139=VECTOR('',#8986,1000.);
#1140=VECTOR('',#8989,1000.);
#1141=VECTOR('',#9006,1000.);
#1142=VECTOR('',#9009,1000.);
#1143=VECTOR('',#9024,1000.);
#1144=VECTOR('',#9025,1000.);
#1145=VECTOR('',#9028,1000.);
#1146=VECTOR('',#9031,1000.);
#1147=VECTOR('',#9038,1000.);
#1148=VECTOR('',#9039,1000.);
#1149=VECTOR('',#9042,1000.);
#1150=VECTOR('',#9045,1000.);
#1151=VECTOR('',#9056,1000.);
#1152=VECTOR('',#9059,1000.);
#1153=VECTOR('',#9074,1000.);
#1154=VECTOR('',#9075,1000.);
#1155=VECTOR('',#9076,1000.);
#1156=VECTOR('',#9077,1000.);
#1157=VECTOR('',#9080,1000.);
#1158=VECTOR('',#9081,1000.);
#1159=VECTOR('',#9082,1000.);
#1160=VECTOR('',#9083,1000.);
#1161=VECTOR('',#9084,1000.);
#1162=VECTOR('',#9085,1000.);
#1163=VECTOR('',#9086,1000.);
#1164=VECTOR('',#9087,1000.);
#1165=VECTOR('',#9088,1000.);
#1166=VECTOR('',#9089,1000.);
#1167=VECTOR('',#9090,1000.);
#1168=VECTOR('',#9095,1000.);
#1169=VECTOR('',#9098,1000.);
#1170=VECTOR('',#9101,1000.);
#1171=VECTOR('',#9102,1000.);
#1172=VECTOR('',#9103,1000.);
#1173=VECTOR('',#9106,1000.);
#1174=VECTOR('',#9117,1000.);
#1175=VECTOR('',#9118,1000.);
#1176=VECTOR('',#9119,1000.);
#1177=VECTOR('',#9120,1000.);
#1178=VECTOR('',#9127,1000.);
#1179=VECTOR('',#9128,1000.);
#1180=VECTOR('',#9129,1000.);
#1181=VECTOR('',#9130,1000.);
#1182=VECTOR('',#9137,1000.);
#1183=VECTOR('',#9140,1000.);
#1184=VECTOR('',#9143,1000.);
#1185=VECTOR('',#9148,1000.);
#1186=VECTOR('',#9149,1000.);
#1187=VECTOR('',#9150,1000.);
#1188=VECTOR('',#9153,1000.);
#1189=VECTOR('',#9154,1000.);
#1190=VECTOR('',#9155,1000.);
#1191=VECTOR('',#9158,1000.);
#1192=VECTOR('',#9159,1000.);
#1193=VECTOR('',#9160,1000.);
#1194=VECTOR('',#9163,1000.);
#1195=VECTOR('',#9164,1000.);
#1196=VECTOR('',#9167,1000.);
#1197=VECTOR('',#9168,1000.);
#1198=VECTOR('',#9175,1000.);
#1199=VECTOR('',#9198,1000.);
#1200=VECTOR('',#9199,1000.);
#1201=VECTOR('',#9202,1000.);
#1202=VECTOR('',#9205,1000.);
#1203=VECTOR('',#9208,1000.);
#1204=VECTOR('',#9211,1000.);
#1205=B_SPLINE_CURVE_WITH_KNOTS('',3,(#9432,#9433,#9434,#9435),
 .UNSPECIFIED.,.F.,.F.,(4,4),(0.727311733501006,1.),.UNSPECIFIED.);
#1206=B_SPLINE_CURVE_WITH_KNOTS('',3,(#9444,#9445,#9446,#9447,#9448,#9449,
#9450,#9451,#9452,#9453,#9454),.UNSPECIFIED.,.F.,.F.,(4,1,1,1,1,1,1,1,4),
(0.,0.00402708842578625,0.00805417685157249,0.0120812652773587,0.016108353703145,
0.0201354421289312,0.0241625305547175,0.0281896189805037,0.03221670740629),
 .UNSPECIFIED.);
#1207=B_SPLINE_CURVE_WITH_KNOTS('',3,(#9462,#9463,#9464,#9465,#9466,#9467,
#9468,#9469),.UNSPECIFIED.,.F.,.F.,(4,1,1,1,1,4),(0.,0.181827930866957,
0.363655861733915,0.454569827167393,0.545483792600872,0.727311723467829),
 .UNSPECIFIED.);
#1208=B_SPLINE_CURVE_WITH_KNOTS('',3,(#9475,#9476,#9477,#9478),
 .UNSPECIFIED.,.F.,.F.,(4,4),(0.467934357219046,0.51906908329726),
 .UNSPECIFIED.);
#1209=B_SPLINE_CURVE_WITH_KNOTS('',3,(#9483,#9484,#9485,#9486),
 .UNSPECIFIED.,.F.,.F.,(4,4),(0.,0.27266612630006),.UNSPECIFIED.);
#1210=B_SPLINE_CURVE_WITH_KNOTS('',3,(#9488,#9489,#9490,#9491,#9492,#9493,
#9494,#9495),.UNSPECIFIED.,.F.,.F.,(4,1,1,1,1,4),(0.272666139317519,0.454499604488139,
0.545416337073449,0.63633306965876,0.81816653482938,1.),.UNSPECIFIED.);
#1211=B_SPLINE_CURVE_WITH_KNOTS('',3,(#9503,#9504,#9505,#9506,#9507,#9508,
#9509,#9510,#9511,#9512,#9513),.UNSPECIFIED.,.F.,.F.,(4,1,1,1,1,1,1,1,4),
(0.,0.00402704446116248,0.00805408892232496,0.0120811333834874,0.0161081778446499,
0.0201352223058124,0.0241622667669749,0.0281893112281374,0.0322163556892998),
 .UNSPECIFIED.);
#1212=B_SPLINE_CURVE_WITH_KNOTS('',3,(#9526,#9527,#9528,#9529,#9530,#9531,
#9532,#9533,#9534,#9535,#9536),.UNSPECIFIED.,.F.,.F.,(4,1,1,1,1,1,1,1,4),
(0.,0.125,0.25,0.375,0.5,0.625,0.75,0.875,1.),.UNSPECIFIED.);
#1213=B_SPLINE_CURVE_WITH_KNOTS('',3,(#9544,#9545,#9546,#9547,#9548,#9549,
#9550,#9551,#9552,#9553,#9554),.UNSPECIFIED.,.F.,.F.,(4,1,1,1,1,1,1,1,4),
(0.,0.00402704446116244,0.00805408892232489,0.0120811333834873,0.0161081778446498,
0.0201352223058122,0.0241622667669747,0.0281893112281371,0.0322163556892995),
 .UNSPECIFIED.);
#1214=B_SPLINE_CURVE_WITH_KNOTS('',3,(#9567,#9568,#9569,#9570,#9571,#9572,
#9573,#9574,#9575,#9576,#9577,#9578,#9579,#9580,#9581),.UNSPECIFIED.,.F.,
 .F.,(4,1,1,1,1,1,1,1,1,1,1,1,4),(0.,0.125,0.1875,0.25,0.3125,0.375,0.4375,
0.5,0.625,0.6875,0.75,0.875,1.),.UNSPECIFIED.);
#1215=B_SPLINE_CURVE_WITH_KNOTS('',3,(#9585,#9586,#9587,#9588,#9589,#9590,
#9591,#9592,#9593,#9594,#9595,#9596,#9597,#9598,#9599),.UNSPECIFIED.,.F.,
 .F.,(4,1,1,1,1,1,1,1,1,1,1,1,4),(0.,0.125,0.25,0.3125,0.375,0.5,0.5625,
0.625,0.6875,0.75,0.8125,0.875,1.),.UNSPECIFIED.);
#1216=B_SPLINE_CURVE_WITH_KNOTS('',3,(#9609,#9610,#9611,#9612,#9613,#9614,
#9615,#9616,#9617,#9618,#9619,#9620,#9621,#9622,#9623),.UNSPECIFIED.,.F.,
 .F.,(4,1,1,1,1,1,1,1,1,1,1,1,4),(0.,0.125,0.1875,0.25,0.3125,0.375,0.4375,
0.5,0.625,0.6875,0.75,0.875,1.),.UNSPECIFIED.);
#1217=B_SPLINE_CURVE_WITH_KNOTS('',3,(#9627,#9628,#9629,#9630,#9631,#9632,
#9633,#9634,#9635,#9636,#9637,#9638,#9639,#9640,#9641),.UNSPECIFIED.,.F.,
 .F.,(4,1,1,1,1,1,1,1,1,1,1,1,4),(0.,0.125,0.25,0.3125,0.375,0.5,0.5625,
0.625,0.6875,0.75,0.8125,0.875,1.),.UNSPECIFIED.);
#1218=B_SPLINE_CURVE_WITH_KNOTS('',3,(#9647,#9648,#9649,#9650),
 .UNSPECIFIED.,.F.,.F.,(4,4),(0.,1.),.UNSPECIFIED.);
#1219=B_SPLINE_CURVE_WITH_KNOTS('',3,(#9654,#9655,#9656,#9657),
 .UNSPECIFIED.,.F.,.F.,(4,4),(0.,0.00712805379995555),.UNSPECIFIED.);
#1220=B_SPLINE_CURVE_WITH_KNOTS('',3,(#9659,#9660,#9661,#9662),
 .UNSPECIFIED.,.F.,.F.,(4,4),(0.,1.),.UNSPECIFIED.);
#1221=B_SPLINE_CURVE_WITH_KNOTS('',3,(#9664,#9665,#9666,#9667,#9668),
 .UNSPECIFIED.,.F.,.F.,(4,1,4),(0.,0.00356453590202654,0.00712907180405307),
 .UNSPECIFIED.);
#1222=B_SPLINE_CURVE_WITH_KNOTS('',3,(#9672,#9673,#9674,#9675),
 .UNSPECIFIED.,.F.,.F.,(4,4),(0.,1.),.UNSPECIFIED.);
#1223=B_SPLINE_CURVE_WITH_KNOTS('',3,(#9760,#9761,#9762,#9763,#9764),
 .UNSPECIFIED.,.F.,.F.,(4,1,4),(0.,0.00396604363519599,0.00793208727039197),
 .UNSPECIFIED.);
#1224=B_SPLINE_CURVE_WITH_KNOTS('',3,(#9766,#9767,#9768,#9769,#9770),
 .UNSPECIFIED.,.F.,.F.,(4,1,4),(0.,0.00396610171326621,0.00793220342653243),
 .UNSPECIFIED.);
#1225=B_SPLINE_CURVE_WITH_KNOTS('',3,(#9772,#9773,#9774,#9775,#9776),
 .UNSPECIFIED.,.F.,.F.,(4,1,4),(0.,0.00396610171326622,0.00793220342653243),
 .UNSPECIFIED.);
#1226=B_SPLINE_CURVE_WITH_KNOTS('',3,(#9778,#9779,#9780,#9781,#9782),
 .UNSPECIFIED.,.F.,.F.,(4,1,4),(2.60208521396521E-18,0.00396604363519597,
0.00793208727039195),.UNSPECIFIED.);
#1227=B_SPLINE_CURVE_WITH_KNOTS('',3,(#9803,#9804,#9805,#9806,#9807,#9808,
#9809,#9810,#9811,#9812,#9813,#9814,#9815,#9816,#9817,#9818,#9819,#9820),
 .UNSPECIFIED.,.F.,.F.,(4,1,1,1,1,1,1,1,1,1,1,1,1,1,1,4),(0.,0.125,0.1875,
0.21875,0.25,0.28125,0.3125,0.375,0.4375,0.46875,0.5,0.53125,0.5625,0.625,
0.75,1.),.UNSPECIFIED.);
#1228=B_SPLINE_CURVE_WITH_KNOTS('',3,(#9821,#9822,#9823,#9824,#9825,#9826,
#9827,#9828,#9829,#9830,#9831,#9832,#9833,#9834,#9835,#9836,#9837,#9838),
 .UNSPECIFIED.,.F.,.F.,(4,1,1,1,1,1,1,1,1,1,1,1,1,1,1,4),(0.,0.25,0.375,
0.4375,0.46875,0.5,0.53125,0.5625,0.625,0.6875,0.71875,0.75,0.78125,0.8125,
0.875,1.),.UNSPECIFIED.);
#1229=B_SPLINE_CURVE_WITH_KNOTS('',3,(#9847,#9848,#9849,#9850,#9851,#9852,
#9853,#9854,#9855,#9856,#9857,#9858,#9859,#9860,#9861,#9862,#9863,#9864,
#9865),.UNSPECIFIED.,.F.,.F.,(4,1,1,1,1,1,1,1,1,1,1,1,1,1,1,1,4),(0.,0.125,
0.25,0.375,0.4375,0.46875,0.5,0.53125,0.5625,0.625,0.6875,0.71875,0.75,
0.78125,0.8125,0.875,1.),.UNSPECIFIED.);
#1230=B_SPLINE_CURVE_WITH_KNOTS('',3,(#9866,#9867,#9868,#9869,#9870,#9871,
#9872,#9873,#9874,#9875,#9876,#9877,#9878,#9879,#9880,#9881,#9882,#9883,
#9884),.UNSPECIFIED.,.F.,.F.,(4,1,1,1,1,1,1,1,1,1,1,1,1,1,1,1,4),(0.,0.125,
0.1875,0.21875,0.25,0.28125,0.3125,0.375,0.4375,0.46875,0.5,0.53125,0.5625,
0.625,0.75,0.875,1.),.UNSPECIFIED.);
#1231=B_SPLINE_CURVE_WITH_KNOTS('',3,(#9886,#9887,#9888,#9889,#9890,#9891,
#9892,#9893,#9894,#9895,#9896,#9897,#9898,#9899,#9900,#9901,#9902,#9903,
#9904),.UNSPECIFIED.,.F.,.F.,(4,1,1,1,1,1,1,1,1,1,1,1,1,1,1,1,4),(0.,0.125,
0.1875,0.21875,0.25,0.28125,0.3125,0.375,0.4375,0.46875,0.5,0.53125,0.5625,
0.625,0.75,0.875,1.),.UNSPECIFIED.);
#1232=B_SPLINE_CURVE_WITH_KNOTS('',3,(#9908,#9909,#9910,#9911,#9912,#9913,
#9914,#9915,#9916,#9917,#9918,#9919,#9920,#9921,#9922,#9923,#9924,#9925,
#9926),.UNSPECIFIED.,.F.,.F.,(4,1,1,1,1,1,1,1,1,1,1,1,1,1,1,1,4),(0.,0.125,
0.25,0.375,0.4375,0.46875,0.5,0.53125,0.5625,0.625,0.6875,0.71875,0.75,
0.78125,0.8125,0.875,1.),.UNSPECIFIED.);
#1233=B_SPLINE_CURVE_WITH_KNOTS('',3,(#9928,#9929,#9930,#9931,#9932,#9933,
#9934,#9935,#9936,#9937,#9938,#9939,#9940,#9941,#9942,#9943,#9944,#9945,
#9946),.UNSPECIFIED.,.F.,.F.,(4,1,1,1,1,1,1,1,1,1,1,1,1,1,1,1,4),(0.,0.125,
0.1875,0.21875,0.25,0.28125,0.3125,0.375,0.4375,0.46875,0.5,0.53125,0.5625,
0.625,0.75,0.875,1.),.UNSPECIFIED.);
#1234=B_SPLINE_CURVE_WITH_KNOTS('',3,(#9947,#9948,#9949,#9950,#9951,#9952,
#9953,#9954,#9955,#9956,#9957,#9958,#9959,#9960,#9961,#9962,#9963,#9964,
#9965),.UNSPECIFIED.,.F.,.F.,(4,1,1,1,1,1,1,1,1,1,1,1,1,1,1,1,4),(0.,0.125,
0.25,0.375,0.4375,0.46875,0.5,0.53125,0.5625,0.625,0.6875,0.71875,0.75,
0.78125,0.8125,0.875,1.),.UNSPECIFIED.);
#1235=B_SPLINE_CURVE_WITH_KNOTS('',3,(#9993,#9994,#9995,#9996),
 .UNSPECIFIED.,.F.,.F.,(4,4),(0.,1.),.UNSPECIFIED.);
#1236=B_SPLINE_CURVE_WITH_KNOTS('',3,(#9998,#9999,#10000,#10001,#10002,
#10003,#10004,#10005,#10006,#10007,#10008,#10009,#10010,#10011,#10012,#10013),
 .UNSPECIFIED.,.F.,.F.,(4,1,1,1,1,1,1,1,1,1,1,1,1,4),(0.,0.125,0.1875,0.25,
0.3125,0.375,0.4375,0.5,0.5625,0.625,0.6875,0.75,0.875,1.),
 .UNSPECIFIED.);
#1237=B_SPLINE_CURVE_WITH_KNOTS('',3,(#10015,#10016,#10017,#10018),
 .UNSPECIFIED.,.F.,.F.,(4,4),(0.,1.),.UNSPECIFIED.);
#1238=B_SPLINE_CURVE_WITH_KNOTS('',3,(#10041,#10042,#10043,#10044),
 .UNSPECIFIED.,.F.,.F.,(4,4),(0.,1.),.UNSPECIFIED.);
#1239=B_SPLINE_CURVE_WITH_KNOTS('',3,(#10046,#10047,#10048,#10049,#10050,
#10051,#10052,#10053,#10054,#10055,#10056,#10057,#10058,#10059,#10060,#10061),
 .UNSPECIFIED.,.F.,.F.,(4,1,1,1,1,1,1,1,1,1,1,1,1,4),(0.,0.125,0.25,0.3125,
0.375,0.4375,0.5,0.5625,0.625,0.6875,0.75,0.8125,0.875,1.),
 .UNSPECIFIED.);
#1240=B_SPLINE_CURVE_WITH_KNOTS('',3,(#10063,#10064,#10065,#10066,#10067,
#10068,#10069,#10070,#10071,#10072,#10073,#10074,#10075,#10076,#10077,#10078,
#10079,#10080,#10081),.UNSPECIFIED.,.F.,.F.,(4,1,1,1,1,1,1,1,1,1,1,1,1,
1,1,1,4),(0.,0.125,0.25,0.375,0.4375,0.46875,0.5,0.53125,0.5625,0.625,0.6875,
0.71875,0.75,0.78125,0.8125,0.875,1.),.UNSPECIFIED.);
#1241=B_SPLINE_CURVE_WITH_KNOTS('',3,(#10082,#10083,#10084,#10085,#10086,
#10087,#10088,#10089,#10090,#10091,#10092,#10093,#10094,#10095,#10096,#10097,
#10098,#10099,#10100),.UNSPECIFIED.,.F.,.F.,(4,1,1,1,1,1,1,1,1,1,1,1,1,
1,1,1,4),(0.,0.125,0.1875,0.21875,0.25,0.28125,0.3125,0.375,0.4375,0.46875,
0.5,0.53125,0.5625,0.625,0.75,0.875,1.),.UNSPECIFIED.);
#1242=B_SPLINE_CURVE_WITH_KNOTS('',3,(#10103,#10104,#10105,#10106),
 .UNSPECIFIED.,.F.,.F.,(4,4),(0.,1.),.UNSPECIFIED.);
#1243=B_SPLINE_CURVE_WITH_KNOTS('',3,(#10151,#10152,#10153,#10154),
 .UNSPECIFIED.,.F.,.F.,(4,4),(0.,1.),.UNSPECIFIED.);
#1244=B_SPLINE_CURVE_WITH_KNOTS('',3,(#10156,#10157,#10158,#10159),
 .UNSPECIFIED.,.F.,.F.,(4,4),(0.,1.),.UNSPECIFIED.);
#1245=B_SPLINE_CURVE_WITH_KNOTS('',3,(#10180,#10181,#10182,#10183),
 .UNSPECIFIED.,.F.,.F.,(4,4),(0.,1.),.UNSPECIFIED.);
#1246=B_SPLINE_CURVE_WITH_KNOTS('',3,(#10212,#10213,#10214,#10215),
 .UNSPECIFIED.,.F.,.F.,(4,4),(0.00176781015935327,0.00314648977991041),
 .UNSPECIFIED.);
#1247=B_SPLINE_CURVE_WITH_KNOTS('',3,(#10216,#10217,#10218,#10219),
 .UNSPECIFIED.,.F.,.F.,(4,4),(0.,1.),.UNSPECIFIED.);
#1248=B_SPLINE_CURVE_WITH_KNOTS('',3,(#10221,#10222,#10223,#10224),
 .UNSPECIFIED.,.F.,.F.,(4,4),(0.,1.),.UNSPECIFIED.);
#1249=B_SPLINE_CURVE_WITH_KNOTS('',3,(#10301,#10302,#10303,#10304),
 .UNSPECIFIED.,.F.,.F.,(4,4),(0.00559541774444953,0.0069739432300284),
 .UNSPECIFIED.);
#1250=B_SPLINE_CURVE_WITH_KNOTS('',3,(#10330,#10331,#10332,#10333),
 .UNSPECIFIED.,.F.,.F.,(4,4),(0.,1.),.UNSPECIFIED.);
#1251=B_SPLINE_CURVE_WITH_KNOTS('',3,(#10356,#10357,#10358,#10359),
 .UNSPECIFIED.,.F.,.F.,(4,4),(0.,1.),.UNSPECIFIED.);
#1252=B_SPLINE_CURVE_WITH_KNOTS('',3,(#10361,#10362,#10363,#10364),
 .UNSPECIFIED.,.F.,.F.,(4,4),(0.,1.),.UNSPECIFIED.);
#1253=B_SPLINE_CURVE_WITH_KNOTS('',3,(#10366,#10367,#10368,#10369,#10370,
#10371,#10372,#10373,#10374,#10375,#10376,#10377,#10378,#10379,#10380,#10381),
 .UNSPECIFIED.,.F.,.F.,(4,1,1,1,1,1,1,1,1,1,1,1,1,4),(0.,0.125,0.1875,0.25,
0.3125,0.375,0.4375,0.5,0.5625,0.625,0.6875,0.75,0.875,1.),
 .UNSPECIFIED.);
#1254=B_SPLINE_CURVE_WITH_KNOTS('',3,(#10383,#10384,#10385,#10386),
 .UNSPECIFIED.,.F.,.F.,(4,4),(0.,1.),.UNSPECIFIED.);
#1255=B_SPLINE_CURVE_WITH_KNOTS('',3,(#10409,#10410,#10411,#10412,#10413,
#10414,#10415,#10416,#10417,#10418,#10419,#10420,#10421,#10422,#10423,#10424),
 .UNSPECIFIED.,.F.,.F.,(4,1,1,1,1,1,1,1,1,1,1,1,1,4),(0.,0.125,0.25,0.3125,
0.375,0.4375,0.5,0.5625,0.625,0.6875,0.75,0.8125,0.875,1.),
 .UNSPECIFIED.);
#1256=B_SPLINE_CURVE_WITH_KNOTS('',3,(#10458,#10459,#10460,#10461),
 .UNSPECIFIED.,.F.,.F.,(4,4),(0.,1.),.UNSPECIFIED.);
#1257=B_SPLINE_CURVE_WITH_KNOTS('',3,(#10463,#10464,#10465,#10466,#10467,
#10468,#10469,#10470,#10471,#10472,#10473,#10474,#10475,#10476,#10477,#10478,
#10479,#10480),.UNSPECIFIED.,.F.,.F.,(4,1,1,1,1,1,1,1,1,1,1,1,1,1,1,4),
(0.,0.25,0.375,0.4375,0.46875,0.5,0.53125,0.5625,0.625,0.6875,0.71875,0.75,
0.78125,0.8125,0.875,1.),.UNSPECIFIED.);
#1258=B_SPLINE_CURVE_WITH_KNOTS('',3,(#10481,#10482,#10483,#10484,#10485,
#10486,#10487,#10488,#10489,#10490,#10491,#10492,#10493,#10494,#10495,#10496,
#10497,#10498),.UNSPECIFIED.,.F.,.F.,(4,1,1,1,1,1,1,1,1,1,1,1,1,1,1,4),
(0.,0.125,0.1875,0.21875,0.25,0.28125,0.3125,0.375,0.4375,0.46875,0.5,0.53125,
0.5625,0.625,0.75,1.),.UNSPECIFIED.);
#1259=B_SPLINE_CURVE_WITH_KNOTS('',3,(#10509,#10510,#10511,#10512),
 .UNSPECIFIED.,.F.,.F.,(4,4),(0.,1.),.UNSPECIFIED.);
#1260=B_SPLINE_CURVE_WITH_KNOTS('',3,(#10531,#10532,#10533,#10534),
 .UNSPECIFIED.,.F.,.F.,(4,4),(0.,1.),.UNSPECIFIED.);
#1261=B_SPLINE_CURVE_WITH_KNOTS('',3,(#10561,#10562,#10563,#10564),
 .UNSPECIFIED.,.F.,.F.,(4,4),(0.727311733501778,1.),.UNSPECIFIED.);
#1262=B_SPLINE_CURVE_WITH_KNOTS('',3,(#10566,#10567,#10568,#10569,#10570,
#10571,#10572,#10573),.UNSPECIFIED.,.F.,.F.,(4,1,1,1,1,4),(0.,0.181827930867149,
0.363655861734298,0.454569827167873,0.545483792601448,0.727311723468597),
 .UNSPECIFIED.);
#1263=B_SPLINE_CURVE_WITH_KNOTS('',3,(#10575,#10576,#10577,#10578),
 .UNSPECIFIED.,.F.,.F.,(4,4),(0.,0.00712805379995572),.UNSPECIFIED.);
#1264=B_SPLINE_CURVE_WITH_KNOTS('',3,(#10583,#10584,#10585,#10586,#10587),
 .UNSPECIFIED.,.F.,.F.,(4,1,4),(0.,0.00356453590202662,0.00712907180405324),
 .UNSPECIFIED.);
#1265=B_SPLINE_CURVE_WITH_KNOTS('',3,(#10588,#10589,#10590,#10591,#10592,
#10593,#10594,#10595,#10596,#10597,#10598),.UNSPECIFIED.,.F.,.F.,(4,1,1,
1,1,1,1,1,4),(0.,0.00402708842578622,0.00805417685157244,0.0120812652773587,
0.0161083537031449,0.0201354421289311,0.0241625305547173,0.0281896189805035,
0.0322167074062897),.UNSPECIFIED.);
#1266=B_SPLINE_CURVE_WITH_KNOTS('',3,(#10988,#10989,#10990,#10991,#10992,
#10993,#10994),.UNSPECIFIED.,.F.,.F.,(4,1,1,1,4),(2.95745113954118E-18,
0.00349854822682158,0.00699709645364315,0.0104956446804647,0.0139941929072863),
 .UNSPECIFIED.);
#1267=B_SPLINE_CURVE_WITH_KNOTS('',3,(#10999,#11000,#11001,#11002,#11003,
#11004,#11005),.UNSPECIFIED.,.F.,.F.,(4,1,1,1,4),(0.,0.00349854822682158,
0.00699709645364315,0.0104956446804647,0.0139941929072863),
 .UNSPECIFIED.);
#1268=B_SPLINE_CURVE_WITH_KNOTS('',3,(#11009,#11010,#11011,#11012,#11013,
#11014,#11015),.UNSPECIFIED.,.F.,.F.,(4,1,1,1,4),(5.2759554800502E-18,0.00349854822682158,
0.00699709645364315,0.0104956446804647,0.0139941929072863),
 .UNSPECIFIED.);
#1269=B_SPLINE_CURVE_WITH_KNOTS('',3,(#11017,#11018,#11019,#11020,#11021,
#11022,#11023),.UNSPECIFIED.,.F.,.F.,(4,1,1,1,4),(6.31448876631291E-18,
0.00349854822682158,0.00699709645364316,0.0104956446804647,0.0139941929072863),
 .UNSPECIFIED.);
#1270=B_SPLINE_CURVE_WITH_KNOTS('',3,(#11027,#11028,#11029,#11030,#11031,
#11032,#11033),.UNSPECIFIED.,.F.,.F.,(4,1,1,1,4),(1.95156391047391E-18,
0.00349854822682158,0.00699709645364315,0.0104956446804647,0.0139941929072863),
 .UNSPECIFIED.);
#1271=B_SPLINE_CURVE_WITH_KNOTS('',3,(#11035,#11036,#11037,#11038,#11039,
#11040,#11041),.UNSPECIFIED.,.F.,.F.,(4,1,1,1,4),(2.04243930527813E-19,
0.00349854822682157,0.00699709645364315,0.0104956446804647,0.0139941929072863),
 .UNSPECIFIED.);
#1272=B_SPLINE_CURVE_WITH_KNOTS('',3,(#11045,#11046,#11047,#11048,#11049,
#11050,#11051),.UNSPECIFIED.,.F.,.F.,(4,1,1,1,4),(5.37770540629334E-19,
0.00349854822682158,0.00699709645364316,0.0104956446804647,0.0139941929072863),
 .UNSPECIFIED.);
#1273=B_SPLINE_CURVE_WITH_KNOTS('',3,(#11053,#11054,#11055,#11056,#11057,
#11058,#11059),.UNSPECIFIED.,.F.,.F.,(4,1,1,1,4),(8.36453368460804E-18,
0.00349854822682159,0.00699709645364317,0.0104956446804647,0.0139941929072863),
 .UNSPECIFIED.);
#1274=B_SPLINE_CURVE_WITH_KNOTS('',3,(#11063,#11064,#11065,#11066,#11067,
#11068,#11069),.UNSPECIFIED.,.F.,.F.,(4,1,1,1,4),(1.74822347316868E-18,
0.00349854822682158,0.00699709645364315,0.0104956446804647,0.0139941929072863),
 .UNSPECIFIED.);
#1275=B_SPLINE_CURVE_WITH_KNOTS('',3,(#11071,#11072,#11073,#11074,#11075,
#11076,#11077),.UNSPECIFIED.,.F.,.F.,(4,1,1,1,4),(1.14083624821025E-17,
0.00349854822682159,0.00699709645364317,0.0104956446804647,0.0139941929072863),
 .UNSPECIFIED.);
#1276=B_SPLINE_CURVE_WITH_KNOTS('',3,(#11081,#11082,#11083,#11084,#11085,
#11086,#11087),.UNSPECIFIED.,.F.,.F.,(4,1,1,1,4),(4.38532639371947E-18,
0.00349854822682158,0.00699709645364315,0.0104956446804647,0.0139941929072863),
 .UNSPECIFIED.);
#1277=B_SPLINE_CURVE_WITH_KNOTS('',3,(#11088,#11089,#11090,#11091,#11092,
#11093,#11094),.UNSPECIFIED.,.F.,.F.,(4,1,1,1,4),(6.52932027726128E-18,
0.00349854822682158,0.00699709645364315,0.0104956446804647,0.0139941929072863),
 .UNSPECIFIED.);
#1278=B_SPLINE_CURVE_WITH_KNOTS('',3,(#11239,#11240,#11241,#11242),
 .UNSPECIFIED.,.F.,.F.,(4,4),(-0.00319303420951042,0.00721110255092803),
 .UNSPECIFIED.);
#1279=B_SPLINE_CURVE_WITH_KNOTS('',3,(#11256,#11257,#11258,#11259),
 .UNSPECIFIED.,.F.,.F.,(4,4),(0.,0.0104041367604389),.UNSPECIFIED.);
#1280=B_SPLINE_CURVE_WITH_KNOTS('',3,(#11419,#11420,#11421,#11422),
 .UNSPECIFIED.,.F.,.F.,(4,4),(1.44349874717898E-17,0.00142857291635596),
 .UNSPECIFIED.);
#1281=B_SPLINE_CURVE_WITH_KNOTS('',3,(#11426,#11427,#11428,#11429),
 .UNSPECIFIED.,.F.,.F.,(4,4),(3.46944695195361E-18,0.00142857291635596),
 .UNSPECIFIED.);
#1282=B_SPLINE_CURVE_WITH_KNOTS('',3,(#11473,#11474,#11475,#11476),
 .UNSPECIFIED.,.F.,.F.,(4,4),(0.,0.00142801241461232),.UNSPECIFIED.);
#1283=B_SPLINE_CURVE_WITH_KNOTS('',3,(#11481,#11482,#11483,#11484),
 .UNSPECIFIED.,.F.,.F.,(4,4),(0.,0.00142801241461224),.UNSPECIFIED.);
#1284=B_SPLINE_CURVE_WITH_KNOTS('',3,(#11708,#11709,#11710,#11711),
 .UNSPECIFIED.,.F.,.F.,(4,4),(7.75791922889773E-18,0.00142857291635596),
 .UNSPECIFIED.);
#1285=B_SPLINE_CURVE_WITH_KNOTS('',3,(#11715,#11716,#11717,#11718),
 .UNSPECIFIED.,.F.,.F.,(4,4),(5.81136409968643E-18,0.00142857291635596),
 .UNSPECIFIED.);
#1286=B_SPLINE_CURVE_WITH_KNOTS('',3,(#11722,#11723,#11724,#11725),
 .UNSPECIFIED.,.F.,.F.,(4,4),(0.,0.00142857291635595),.UNSPECIFIED.);
#1287=B_SPLINE_CURVE_WITH_KNOTS('',3,(#11729,#11730,#11731,#11732),
 .UNSPECIFIED.,.F.,.F.,(4,4),(9.81307786677359E-18,0.00142857291635596),
 .UNSPECIFIED.);
#1288=B_SPLINE_CURVE_WITH_KNOTS('',3,(#11850,#11851,#11852,#11853),
 .UNSPECIFIED.,.F.,.F.,(4,4),(3.46944695195361E-18,0.00142857291635596),
 .UNSPECIFIED.);
#1289=B_SPLINE_CURVE_WITH_KNOTS('',3,(#11858,#11859,#11860,#11861),
 .UNSPECIFIED.,.F.,.F.,(4,4),(8.67361737988404E-19,0.00142857291635596),
 .UNSPECIFIED.);
#1290=B_SPLINE_CURVE_WITH_KNOTS('',3,(#11993,#11994,#11995,#11996,#11997,
#11998,#11999,#12000),.UNSPECIFIED.,.F.,.F.,(4,1,1,1,1,4),(5.9056571684331E-18,
0.00670555076807469,0.0134111015361494,0.0167638769201867,0.0201166523042241,
0.0268222030722988),.UNSPECIFIED.);
#1291=B_SPLINE_CURVE_WITH_KNOTS('',3,(#12005,#12006,#12007,#12008,#12009,
#12010,#12011,#12012),.UNSPECIFIED.,.F.,.F.,(4,1,1,1,1,4),(0.,0.00670555076807469,
0.0134111015361494,0.0167638769201867,0.0201166523042241,0.0268222030722988),
 .UNSPECIFIED.);
#1292=B_SPLINE_CURVE_WITH_KNOTS('',3,(#12016,#12017,#12018,#12019,#12020,
#12021,#12022,#12023),.UNSPECIFIED.,.F.,.F.,(4,1,1,1,1,4),(1.78811203067275E-18,
0.00670555076807469,0.0134111015361494,0.0167638769201867,0.0201166523042241,
0.0268222030722987),.UNSPECIFIED.);
#1293=B_SPLINE_CURVE_WITH_KNOTS('',3,(#12025,#12026,#12027,#12028,#12029,
#12030,#12031,#12032),.UNSPECIFIED.,.F.,.F.,(4,1,1,1,1,4),(5.20417042793042E-18,
0.00670555076807469,0.0134111015361494,0.0167638769201867,0.0201166523042241,
0.0268222030722987),.UNSPECIFIED.);
#1294=B_SPLINE_CURVE_WITH_KNOTS('',3,(#12036,#12037,#12038,#12039,#12040,
#12041,#12042,#12043),.UNSPECIFIED.,.F.,.F.,(4,1,1,1,1,4),(3.90312782094782E-18,
0.00670555076807469,0.0134111015361494,0.0167638769201867,0.0201166523042241,
0.0268222030722988),.UNSPECIFIED.);
#1295=B_SPLINE_CURVE_WITH_KNOTS('',3,(#12045,#12046,#12047,#12048,#12049,
#12050,#12051,#12052),.UNSPECIFIED.,.F.,.F.,(4,1,1,1,1,4),(1.2504318541027E-18,
0.00670555076807469,0.0134111015361494,0.0167638769201867,0.0201166523042241,
0.0268222030722988),.UNSPECIFIED.);
#1296=B_SPLINE_CURVE_WITH_KNOTS('',3,(#12056,#12057,#12058,#12059,#12060,
#12061,#12062,#12063),.UNSPECIFIED.,.F.,.F.,(4,1,1,1,1,4),(1.75889712232761E-18,
0.00670555076807469,0.0134111015361494,0.0167638769201867,0.0201166523042241,
0.0268222030722988),.UNSPECIFIED.);
#1297=B_SPLINE_CURVE_WITH_KNOTS('',3,(#12065,#12066,#12067,#12068,#12069,
#12070,#12071,#12072),.UNSPECIFIED.,.F.,.F.,(4,1,1,1,1,4),(3.87895961444886E-18,
0.00670555076807469,0.0134111015361494,0.0167638769201867,0.0201166523042241,
0.0268222030722988),.UNSPECIFIED.);
#1298=B_SPLINE_CURVE_WITH_KNOTS('',3,(#12076,#12077,#12078,#12079,#12080,
#12081,#12082,#12083),.UNSPECIFIED.,.F.,.F.,(4,1,1,1,1,4),(5.2759554800502E-18,
0.00670555076807469,0.0134111015361494,0.0167638769201867,0.0201166523042241,
0.0268222030722987),.UNSPECIFIED.);
#1299=B_SPLINE_CURVE_WITH_KNOTS('',3,(#12085,#12086,#12087,#12088,#12089,
#12090,#12091,#12092),.UNSPECIFIED.,.F.,.F.,(4,1,1,1,1,4),(6.93889390390723E-18,
0.00670555076807469,0.0134111015361494,0.0167638769201867,0.0201166523042241,
0.0268222030722987),.UNSPECIFIED.);
#1300=B_SPLINE_CURVE_WITH_KNOTS('',3,(#12096,#12097,#12098,#12099,#12100,
#12101,#12102,#12103),.UNSPECIFIED.,.F.,.F.,(4,1,1,1,1,4),(4.98261384108449E-18,
0.00670555076807469,0.0134111015361494,0.0167638769201867,0.0201166523042241,
0.0268222030722987),.UNSPECIFIED.);
#1301=B_SPLINE_CURVE_WITH_KNOTS('',3,(#12104,#12105,#12106,#12107,#12108,
#12109,#12110,#12111),.UNSPECIFIED.,.F.,.F.,(4,1,1,1,1,4),(6.67051885302269E-18,
0.0067055507680747,0.0134111015361494,0.0167638769201867,0.0201166523042241,
0.0268222030722988),.UNSPECIFIED.);
#1302=ORIENTED_EDGE('',*,*,#2910,.T.);
#1303=ORIENTED_EDGE('',*,*,#2911,.T.);
#1304=ORIENTED_EDGE('',*,*,#2912,.T.);
#1305=ORIENTED_EDGE('',*,*,#2913,.T.);
#1306=ORIENTED_EDGE('',*,*,#2914,.T.);
#1307=ORIENTED_EDGE('',*,*,#2915,.T.);
#1308=ORIENTED_EDGE('',*,*,#2916,.T.);
#1309=ORIENTED_EDGE('',*,*,#2917,.F.);
#1310=ORIENTED_EDGE('',*,*,#2918,.T.);
#1311=ORIENTED_EDGE('',*,*,#2919,.T.);
#1312=ORIENTED_EDGE('',*,*,#2920,.T.);
#1313=ORIENTED_EDGE('',*,*,#2921,.T.);
#1314=ORIENTED_EDGE('',*,*,#2922,.T.);
#1315=ORIENTED_EDGE('',*,*,#2923,.F.);
#1316=ORIENTED_EDGE('',*,*,#2924,.T.);
#1317=ORIENTED_EDGE('',*,*,#2925,.T.);
#1318=ORIENTED_EDGE('',*,*,#2926,.T.);
#1319=ORIENTED_EDGE('',*,*,#2927,.T.);
#1320=ORIENTED_EDGE('',*,*,#2928,.T.);
#1321=ORIENTED_EDGE('',*,*,#2929,.F.);
#1322=ORIENTED_EDGE('',*,*,#2930,.T.);
#1323=ORIENTED_EDGE('',*,*,#2931,.T.);
#1324=ORIENTED_EDGE('',*,*,#2932,.T.);
#1325=ORIENTED_EDGE('',*,*,#2933,.T.);
#1326=ORIENTED_EDGE('',*,*,#2934,.T.);
#1327=ORIENTED_EDGE('',*,*,#2935,.T.);
#1328=ORIENTED_EDGE('',*,*,#2936,.T.);
#1329=ORIENTED_EDGE('',*,*,#2937,.T.);
#1330=ORIENTED_EDGE('',*,*,#2938,.T.);
#1331=ORIENTED_EDGE('',*,*,#2939,.F.);
#1332=ORIENTED_EDGE('',*,*,#2940,.T.);
#1333=ORIENTED_EDGE('',*,*,#2941,.T.);
#1334=ORIENTED_EDGE('',*,*,#2942,.T.);
#1335=ORIENTED_EDGE('',*,*,#2943,.T.);
#1336=ORIENTED_EDGE('',*,*,#2944,.T.);
#1337=ORIENTED_EDGE('',*,*,#2945,.T.);
#1338=ORIENTED_EDGE('',*,*,#2946,.T.);
#1339=ORIENTED_EDGE('',*,*,#2947,.T.);
#1340=ORIENTED_EDGE('',*,*,#2948,.T.);
#1341=ORIENTED_EDGE('',*,*,#2949,.T.);
#1342=ORIENTED_EDGE('',*,*,#2950,.T.);
#1343=ORIENTED_EDGE('',*,*,#2951,.T.);
#1344=ORIENTED_EDGE('',*,*,#2952,.T.);
#1345=ORIENTED_EDGE('',*,*,#2953,.T.);
#1346=ORIENTED_EDGE('',*,*,#2954,.T.);
#1347=ORIENTED_EDGE('',*,*,#2955,.T.);
#1348=ORIENTED_EDGE('',*,*,#2956,.T.);
#1349=ORIENTED_EDGE('',*,*,#2957,.T.);
#1350=ORIENTED_EDGE('',*,*,#2958,.F.);
#1351=ORIENTED_EDGE('',*,*,#2959,.F.);
#1352=ORIENTED_EDGE('',*,*,#2960,.T.);
#1353=ORIENTED_EDGE('',*,*,#2915,.F.);
#1354=ORIENTED_EDGE('',*,*,#2961,.T.);
#1355=ORIENTED_EDGE('',*,*,#2931,.F.);
#1356=ORIENTED_EDGE('',*,*,#2962,.T.);
#1357=ORIENTED_EDGE('',*,*,#2963,.F.);
#1358=ORIENTED_EDGE('',*,*,#2964,.F.);
#1359=ORIENTED_EDGE('',*,*,#2913,.F.);
#1360=ORIENTED_EDGE('',*,*,#2965,.F.);
#1361=ORIENTED_EDGE('',*,*,#2956,.F.);
#1362=ORIENTED_EDGE('',*,*,#2966,.T.);
#1363=ORIENTED_EDGE('',*,*,#2967,.T.);
#1364=ORIENTED_EDGE('',*,*,#2968,.T.);
#1365=ORIENTED_EDGE('',*,*,#2969,.T.);
#1366=ORIENTED_EDGE('',*,*,#2970,.T.);
#1367=ORIENTED_EDGE('',*,*,#2971,.T.);
#1368=ORIENTED_EDGE('',*,*,#2972,.T.);
#1369=ORIENTED_EDGE('',*,*,#2973,.T.);
#1370=ORIENTED_EDGE('',*,*,#2974,.F.);
#1371=ORIENTED_EDGE('',*,*,#2975,.T.);
#1372=ORIENTED_EDGE('',*,*,#2976,.T.);
#1373=ORIENTED_EDGE('',*,*,#2977,.T.);
#1374=ORIENTED_EDGE('',*,*,#2978,.F.);
#1375=ORIENTED_EDGE('',*,*,#2979,.F.);
#1376=ORIENTED_EDGE('',*,*,#2980,.T.);
#1377=ORIENTED_EDGE('',*,*,#2981,.T.);
#1378=ORIENTED_EDGE('',*,*,#2982,.F.);
#1379=ORIENTED_EDGE('',*,*,#2983,.F.);
#1380=ORIENTED_EDGE('',*,*,#2984,.T.);
#1381=ORIENTED_EDGE('',*,*,#2985,.T.);
#1382=ORIENTED_EDGE('',*,*,#2986,.T.);
#1383=ORIENTED_EDGE('',*,*,#2977,.F.);
#1384=ORIENTED_EDGE('',*,*,#2987,.T.);
#1385=ORIENTED_EDGE('',*,*,#2988,.F.);
#1386=ORIENTED_EDGE('',*,*,#2989,.F.);
#1387=ORIENTED_EDGE('',*,*,#2990,.F.);
#1388=ORIENTED_EDGE('',*,*,#2991,.T.);
#1389=ORIENTED_EDGE('',*,*,#2992,.T.);
#1390=ORIENTED_EDGE('',*,*,#2988,.T.);
#1391=ORIENTED_EDGE('',*,*,#2986,.F.);
#1392=ORIENTED_EDGE('',*,*,#2993,.T.);
#1393=ORIENTED_EDGE('',*,*,#2981,.F.);
#1394=ORIENTED_EDGE('',*,*,#2994,.F.);
#1395=ORIENTED_EDGE('',*,*,#2995,.T.);
#1396=ORIENTED_EDGE('',*,*,#2974,.T.);
#1397=ORIENTED_EDGE('',*,*,#2996,.T.);
#1398=ORIENTED_EDGE('',*,*,#2997,.T.);
#1399=ORIENTED_EDGE('',*,*,#2998,.F.);
#1400=ORIENTED_EDGE('',*,*,#2975,.F.);
#1401=ORIENTED_EDGE('',*,*,#2999,.F.);
#1402=ORIENTED_EDGE('',*,*,#3000,.T.);
#1403=ORIENTED_EDGE('',*,*,#3001,.T.);
#1404=ORIENTED_EDGE('',*,*,#2979,.T.);
#1405=ORIENTED_EDGE('',*,*,#3002,.T.);
#1406=ORIENTED_EDGE('',*,*,#3003,.T.);
#1407=ORIENTED_EDGE('',*,*,#3004,.T.);
#1408=ORIENTED_EDGE('',*,*,#2989,.T.);
#1409=ORIENTED_EDGE('',*,*,#2992,.F.);
#1410=ORIENTED_EDGE('',*,*,#3005,.T.);
#1411=ORIENTED_EDGE('',*,*,#3002,.F.);
#1412=ORIENTED_EDGE('',*,*,#2978,.T.);
#1413=ORIENTED_EDGE('',*,*,#2994,.T.);
#1414=ORIENTED_EDGE('',*,*,#2980,.F.);
#1415=ORIENTED_EDGE('',*,*,#3001,.F.);
#1416=ORIENTED_EDGE('',*,*,#3006,.T.);
#1417=ORIENTED_EDGE('',*,*,#2983,.T.);
#1418=ORIENTED_EDGE('',*,*,#2987,.F.);
#1419=ORIENTED_EDGE('',*,*,#2976,.F.);
#1420=ORIENTED_EDGE('',*,*,#2998,.T.);
#1421=ORIENTED_EDGE('',*,*,#3007,.T.);
#1422=ORIENTED_EDGE('',*,*,#2990,.T.);
#1423=ORIENTED_EDGE('',*,*,#2993,.F.);
#1424=ORIENTED_EDGE('',*,*,#2985,.F.);
#1425=ORIENTED_EDGE('',*,*,#3008,.T.);
#1426=ORIENTED_EDGE('',*,*,#2999,.T.);
#1427=ORIENTED_EDGE('',*,*,#2982,.T.);
#1428=ORIENTED_EDGE('',*,*,#2957,.F.);
#1429=ORIENTED_EDGE('',*,*,#2995,.F.);
#1430=ORIENTED_EDGE('',*,*,#3008,.F.);
#1431=ORIENTED_EDGE('',*,*,#2984,.F.);
#1432=ORIENTED_EDGE('',*,*,#3006,.F.);
#1433=ORIENTED_EDGE('',*,*,#3000,.F.);
#1434=ORIENTED_EDGE('',*,*,#3005,.F.);
#1435=ORIENTED_EDGE('',*,*,#2991,.F.);
#1436=ORIENTED_EDGE('',*,*,#3007,.F.);
#1437=ORIENTED_EDGE('',*,*,#2997,.F.);
#1438=ORIENTED_EDGE('',*,*,#2996,.F.);
#1439=ORIENTED_EDGE('',*,*,#3004,.F.);
#1440=ORIENTED_EDGE('',*,*,#3003,.F.);
#1441=ORIENTED_EDGE('',*,*,#3009,.F.);
#1442=ORIENTED_EDGE('',*,*,#2929,.T.);
#1443=ORIENTED_EDGE('',*,*,#3010,.T.);
#1444=ORIENTED_EDGE('',*,*,#2917,.T.);
#1445=ORIENTED_EDGE('',*,*,#3011,.T.);
#1446=ORIENTED_EDGE('',*,*,#3012,.T.);
#1447=ORIENTED_EDGE('',*,*,#3013,.T.);
#1448=ORIENTED_EDGE('',*,*,#3014,.T.);
#1449=ORIENTED_EDGE('',*,*,#3015,.T.);
#1450=ORIENTED_EDGE('',*,*,#3015,.F.);
#1451=ORIENTED_EDGE('',*,*,#3016,.T.);
#1452=ORIENTED_EDGE('',*,*,#2943,.F.);
#1453=ORIENTED_EDGE('',*,*,#3017,.T.);
#1454=ORIENTED_EDGE('',*,*,#3018,.T.);
#1455=ORIENTED_EDGE('',*,*,#3019,.T.);
#1456=ORIENTED_EDGE('',*,*,#2922,.F.);
#1457=ORIENTED_EDGE('',*,*,#3018,.F.);
#1458=ORIENTED_EDGE('',*,*,#3019,.F.);
#1459=ORIENTED_EDGE('',*,*,#2911,.F.);
#1460=ORIENTED_EDGE('',*,*,#2914,.F.);
#1461=ORIENTED_EDGE('',*,*,#3020,.T.);
#1462=ORIENTED_EDGE('',*,*,#2966,.F.);
#1463=ORIENTED_EDGE('',*,*,#3021,.T.);
#1464=ORIENTED_EDGE('',*,*,#2972,.F.);
#1465=ORIENTED_EDGE('',*,*,#3022,.T.);
#1466=ORIENTED_EDGE('',*,*,#3023,.F.);
#1467=ORIENTED_EDGE('',*,*,#3024,.T.);
#1468=ORIENTED_EDGE('',*,*,#2968,.F.);
#1469=ORIENTED_EDGE('',*,*,#3025,.T.);
#1470=ORIENTED_EDGE('',*,*,#2942,.F.);
#1471=ORIENTED_EDGE('',*,*,#3026,.T.);
#1472=ORIENTED_EDGE('',*,*,#3027,.T.);
#1473=ORIENTED_EDGE('',*,*,#3028,.T.);
#1474=ORIENTED_EDGE('',*,*,#2910,.F.);
#1475=ORIENTED_EDGE('',*,*,#3027,.F.);
#1476=ORIENTED_EDGE('',*,*,#3028,.F.);
#1477=ORIENTED_EDGE('',*,*,#2921,.F.);
#1478=ORIENTED_EDGE('',*,*,#2958,.T.);
#1479=ORIENTED_EDGE('',*,*,#3021,.F.);
#1480=ORIENTED_EDGE('',*,*,#3029,.F.);
#1481=ORIENTED_EDGE('',*,*,#3030,.F.);
#1482=ORIENTED_EDGE('',*,*,#3029,.T.);
#1483=ORIENTED_EDGE('',*,*,#2969,.F.);
#1484=ORIENTED_EDGE('',*,*,#3031,.F.);
#1485=ORIENTED_EDGE('',*,*,#3032,.F.);
#1486=ORIENTED_EDGE('',*,*,#3031,.T.);
#1487=ORIENTED_EDGE('',*,*,#3026,.F.);
#1488=ORIENTED_EDGE('',*,*,#3033,.F.);
#1489=ORIENTED_EDGE('',*,*,#3034,.F.);
#1490=ORIENTED_EDGE('',*,*,#2932,.F.);
#1491=ORIENTED_EDGE('',*,*,#3035,.T.);
#1492=ORIENTED_EDGE('',*,*,#2970,.F.);
#1493=ORIENTED_EDGE('',*,*,#3036,.T.);
#1494=ORIENTED_EDGE('',*,*,#2919,.F.);
#1495=ORIENTED_EDGE('',*,*,#3037,.T.);
#1496=ORIENTED_EDGE('',*,*,#3012,.F.);
#1497=ORIENTED_EDGE('',*,*,#3038,.F.);
#1498=ORIENTED_EDGE('',*,*,#3038,.T.);
#1499=ORIENTED_EDGE('',*,*,#3017,.F.);
#1500=ORIENTED_EDGE('',*,*,#2965,.T.);
#1501=ORIENTED_EDGE('',*,*,#2912,.F.);
#1502=ORIENTED_EDGE('',*,*,#2920,.F.);
#1503=ORIENTED_EDGE('',*,*,#2964,.T.);
#1504=ORIENTED_EDGE('',*,*,#2955,.F.);
#1505=ORIENTED_EDGE('',*,*,#3039,.F.);
#1506=ORIENTED_EDGE('',*,*,#3020,.F.);
#1507=ORIENTED_EDGE('',*,*,#3039,.T.);
#1508=ORIENTED_EDGE('',*,*,#2954,.F.);
#1509=ORIENTED_EDGE('',*,*,#3040,.F.);
#1510=ORIENTED_EDGE('',*,*,#2967,.F.);
#1511=ORIENTED_EDGE('',*,*,#3040,.T.);
#1512=ORIENTED_EDGE('',*,*,#2953,.F.);
#1513=ORIENTED_EDGE('',*,*,#3041,.F.);
#1514=ORIENTED_EDGE('',*,*,#3025,.F.);
#1515=ORIENTED_EDGE('',*,*,#3024,.F.);
#1516=ORIENTED_EDGE('',*,*,#3042,.F.);
#1517=ORIENTED_EDGE('',*,*,#3043,.F.);
#1518=ORIENTED_EDGE('',*,*,#2949,.F.);
#1519=ORIENTED_EDGE('',*,*,#2948,.F.);
#1520=ORIENTED_EDGE('',*,*,#3044,.F.);
#1521=ORIENTED_EDGE('',*,*,#3044,.T.);
#1522=ORIENTED_EDGE('',*,*,#2947,.F.);
#1523=ORIENTED_EDGE('',*,*,#3045,.F.);
#1524=ORIENTED_EDGE('',*,*,#2973,.F.);
#1525=ORIENTED_EDGE('',*,*,#3045,.T.);
#1526=ORIENTED_EDGE('',*,*,#2946,.F.);
#1527=ORIENTED_EDGE('',*,*,#2945,.F.);
#1528=ORIENTED_EDGE('',*,*,#3046,.T.);
#1529=ORIENTED_EDGE('',*,*,#2923,.T.);
#1530=ORIENTED_EDGE('',*,*,#3036,.F.);
#1531=ORIENTED_EDGE('',*,*,#2926,.F.);
#1532=ORIENTED_EDGE('',*,*,#2925,.F.);
#1533=ORIENTED_EDGE('',*,*,#3047,.T.);
#1534=ORIENTED_EDGE('',*,*,#3016,.F.);
#1535=ORIENTED_EDGE('',*,*,#3048,.F.);
#1536=ORIENTED_EDGE('',*,*,#3014,.F.);
#1537=ORIENTED_EDGE('',*,*,#3049,.T.);
#1538=ORIENTED_EDGE('',*,*,#2927,.F.);
#1539=ORIENTED_EDGE('',*,*,#3048,.T.);
#1540=ORIENTED_EDGE('',*,*,#3050,.T.);
#1541=ORIENTED_EDGE('',*,*,#3022,.F.);
#1542=ORIENTED_EDGE('',*,*,#3051,.F.);
#1543=ORIENTED_EDGE('',*,*,#3052,.F.);
#1544=ORIENTED_EDGE('',*,*,#3051,.T.);
#1545=ORIENTED_EDGE('',*,*,#2971,.F.);
#1546=ORIENTED_EDGE('',*,*,#3053,.F.);
#1547=ORIENTED_EDGE('',*,*,#3054,.F.);
#1548=ORIENTED_EDGE('',*,*,#3053,.T.);
#1549=ORIENTED_EDGE('',*,*,#3035,.F.);
#1550=ORIENTED_EDGE('',*,*,#2961,.F.);
#1551=ORIENTED_EDGE('',*,*,#3055,.F.);
#1552=ORIENTED_EDGE('',*,*,#2960,.F.);
#1553=ORIENTED_EDGE('',*,*,#3056,.F.);
#1554=ORIENTED_EDGE('',*,*,#2962,.F.);
#1555=ORIENTED_EDGE('',*,*,#2930,.F.);
#1556=ORIENTED_EDGE('',*,*,#3011,.F.);
#1557=ORIENTED_EDGE('',*,*,#2916,.F.);
#1558=ORIENTED_EDGE('',*,*,#2928,.F.);
#1559=ORIENTED_EDGE('',*,*,#3049,.F.);
#1560=ORIENTED_EDGE('',*,*,#3013,.F.);
#1561=ORIENTED_EDGE('',*,*,#3037,.F.);
#1562=ORIENTED_EDGE('',*,*,#2918,.F.);
#1563=ORIENTED_EDGE('',*,*,#3010,.F.);
#1564=ORIENTED_EDGE('',*,*,#3057,.T.);
#1565=ORIENTED_EDGE('',*,*,#3058,.T.);
#1566=ORIENTED_EDGE('',*,*,#3059,.T.);
#1567=ORIENTED_EDGE('',*,*,#3060,.T.);
#1568=ORIENTED_EDGE('',*,*,#3061,.T.);
#1569=ORIENTED_EDGE('',*,*,#3062,.T.);
#1570=ORIENTED_EDGE('',*,*,#3063,.T.);
#1571=ORIENTED_EDGE('',*,*,#3064,.T.);
#1572=ORIENTED_EDGE('',*,*,#3065,.F.);
#1573=ORIENTED_EDGE('',*,*,#3063,.F.);
#1574=ORIENTED_EDGE('',*,*,#3062,.F.);
#1575=ORIENTED_EDGE('',*,*,#3066,.F.);
#1576=ORIENTED_EDGE('',*,*,#3067,.F.);
#1577=ORIENTED_EDGE('',*,*,#3068,.T.);
#1578=ORIENTED_EDGE('',*,*,#3057,.F.);
#1579=ORIENTED_EDGE('',*,*,#3069,.F.);
#1580=ORIENTED_EDGE('',*,*,#2951,.F.);
#1581=ORIENTED_EDGE('',*,*,#3070,.T.);
#1582=ORIENTED_EDGE('',*,*,#3060,.F.);
#1583=ORIENTED_EDGE('',*,*,#3071,.T.);
#1584=ORIENTED_EDGE('',*,*,#2939,.T.);
#1585=ORIENTED_EDGE('',*,*,#3072,.T.);
#1586=ORIENTED_EDGE('',*,*,#3073,.T.);
#1587=ORIENTED_EDGE('',*,*,#3074,.T.);
#1588=ORIENTED_EDGE('',*,*,#3075,.F.);
#1589=ORIENTED_EDGE('',*,*,#3072,.F.);
#1590=ORIENTED_EDGE('',*,*,#2938,.F.);
#1591=ORIENTED_EDGE('',*,*,#3076,.F.);
#1592=ORIENTED_EDGE('',*,*,#3058,.F.);
#1593=ORIENTED_EDGE('',*,*,#3068,.F.);
#1594=ORIENTED_EDGE('',*,*,#3059,.F.);
#1595=ORIENTED_EDGE('',*,*,#3076,.T.);
#1596=ORIENTED_EDGE('',*,*,#2937,.F.);
#1597=ORIENTED_EDGE('',*,*,#3077,.T.);
#1598=ORIENTED_EDGE('',*,*,#2933,.F.);
#1599=ORIENTED_EDGE('',*,*,#3061,.F.);
#1600=ORIENTED_EDGE('',*,*,#3064,.F.);
#1601=ORIENTED_EDGE('',*,*,#2934,.F.);
#1602=ORIENTED_EDGE('',*,*,#3078,.T.);
#1603=ORIENTED_EDGE('',*,*,#3071,.F.);
#1604=ORIENTED_EDGE('',*,*,#3077,.F.);
#1605=ORIENTED_EDGE('',*,*,#2936,.F.);
#1606=ORIENTED_EDGE('',*,*,#3069,.T.);
#1607=ORIENTED_EDGE('',*,*,#3070,.F.);
#1608=ORIENTED_EDGE('',*,*,#3079,.T.);
#1609=ORIENTED_EDGE('',*,*,#3080,.F.);
#1610=ORIENTED_EDGE('',*,*,#3081,.F.);
#1611=ORIENTED_EDGE('',*,*,#3082,.F.);
#1612=ORIENTED_EDGE('',*,*,#3083,.F.);
#1613=ORIENTED_EDGE('',*,*,#3084,.F.);
#1614=ORIENTED_EDGE('',*,*,#2940,.F.);
#1615=ORIENTED_EDGE('',*,*,#3074,.F.);
#1616=ORIENTED_EDGE('',*,*,#3085,.F.);
#1617=ORIENTED_EDGE('',*,*,#3082,.T.);
#1618=ORIENTED_EDGE('',*,*,#3086,.F.);
#1619=ORIENTED_EDGE('',*,*,#3050,.F.);
#1620=ORIENTED_EDGE('',*,*,#3087,.F.);
#1621=ORIENTED_EDGE('',*,*,#3084,.T.);
#1622=ORIENTED_EDGE('',*,*,#3088,.F.);
#1623=ORIENTED_EDGE('',*,*,#3033,.T.);
#1624=ORIENTED_EDGE('',*,*,#2941,.F.);
#1625=ORIENTED_EDGE('',*,*,#3078,.F.);
#1626=ORIENTED_EDGE('',*,*,#2935,.F.);
#1627=ORIENTED_EDGE('',*,*,#3041,.T.);
#1628=ORIENTED_EDGE('',*,*,#2952,.F.);
#1629=ORIENTED_EDGE('',*,*,#3087,.T.);
#1630=ORIENTED_EDGE('',*,*,#3052,.T.);
#1631=ORIENTED_EDGE('',*,*,#3054,.T.);
#1632=ORIENTED_EDGE('',*,*,#3055,.T.);
#1633=ORIENTED_EDGE('',*,*,#2963,.T.);
#1634=ORIENTED_EDGE('',*,*,#3056,.T.);
#1635=ORIENTED_EDGE('',*,*,#2959,.T.);
#1636=ORIENTED_EDGE('',*,*,#3030,.T.);
#1637=ORIENTED_EDGE('',*,*,#3032,.T.);
#1638=ORIENTED_EDGE('',*,*,#3034,.T.);
#1639=ORIENTED_EDGE('',*,*,#3088,.T.);
#1640=ORIENTED_EDGE('',*,*,#3083,.T.);
#1641=ORIENTED_EDGE('',*,*,#3009,.T.);
#1642=ORIENTED_EDGE('',*,*,#3081,.T.);
#1643=ORIENTED_EDGE('',*,*,#3080,.T.);
#1644=ORIENTED_EDGE('',*,*,#3089,.T.);
#1645=ORIENTED_EDGE('',*,*,#3042,.T.);
#1646=ORIENTED_EDGE('',*,*,#3023,.T.);
#1647=ORIENTED_EDGE('',*,*,#3086,.T.);
#1648=ORIENTED_EDGE('',*,*,#3085,.T.);
#1649=ORIENTED_EDGE('',*,*,#3073,.F.);
#1650=ORIENTED_EDGE('',*,*,#3075,.T.);
#1651=ORIENTED_EDGE('',*,*,#3067,.T.);
#1652=ORIENTED_EDGE('',*,*,#3065,.T.);
#1653=ORIENTED_EDGE('',*,*,#3066,.T.);
#1654=ORIENTED_EDGE('',*,*,#3043,.T.);
#1655=ORIENTED_EDGE('',*,*,#3089,.F.);
#1656=ORIENTED_EDGE('',*,*,#3079,.F.);
#1657=ORIENTED_EDGE('',*,*,#2950,.F.);
#1658=ORIENTED_EDGE('',*,*,#3047,.F.);
#1659=ORIENTED_EDGE('',*,*,#2924,.F.);
#1660=ORIENTED_EDGE('',*,*,#3046,.F.);
#1661=ORIENTED_EDGE('',*,*,#2944,.F.);
#1662=ORIENTED_EDGE('',*,*,#3090,.T.);
#1663=ORIENTED_EDGE('',*,*,#3091,.T.);
#1664=ORIENTED_EDGE('',*,*,#3091,.F.);
#1665=ORIENTED_EDGE('',*,*,#3092,.T.);
#1666=ORIENTED_EDGE('',*,*,#3093,.F.);
#1667=ORIENTED_EDGE('',*,*,#3094,.T.);
#1668=ORIENTED_EDGE('',*,*,#3093,.T.);
#1669=ORIENTED_EDGE('',*,*,#3095,.T.);
#1670=ORIENTED_EDGE('',*,*,#3096,.T.);
#1671=ORIENTED_EDGE('',*,*,#3096,.F.);
#1672=ORIENTED_EDGE('',*,*,#3092,.F.);
#1673=ORIENTED_EDGE('',*,*,#3090,.F.);
#1674=ORIENTED_EDGE('',*,*,#3094,.F.);
#1675=ORIENTED_EDGE('',*,*,#3097,.T.);
#1676=ORIENTED_EDGE('',*,*,#3095,.F.);
#1677=ORIENTED_EDGE('',*,*,#3098,.T.);
#1678=ORIENTED_EDGE('',*,*,#3099,.F.);
#1679=ORIENTED_EDGE('',*,*,#3098,.F.);
#1680=ORIENTED_EDGE('',*,*,#3097,.F.);
#1681=ORIENTED_EDGE('',*,*,#3099,.T.);
#1682=ORIENTED_EDGE('',*,*,#3100,.T.);
#1683=ORIENTED_EDGE('',*,*,#3101,.T.);
#1684=ORIENTED_EDGE('',*,*,#3102,.T.);
#1685=ORIENTED_EDGE('',*,*,#3103,.T.);
#1686=ORIENTED_EDGE('',*,*,#3104,.T.);
#1687=ORIENTED_EDGE('',*,*,#3105,.T.);
#1688=ORIENTED_EDGE('',*,*,#3106,.T.);
#1689=ORIENTED_EDGE('',*,*,#3107,.T.);
#1690=ORIENTED_EDGE('',*,*,#3108,.T.);
#1691=ORIENTED_EDGE('',*,*,#3109,.T.);
#1692=ORIENTED_EDGE('',*,*,#3110,.T.);
#1693=ORIENTED_EDGE('',*,*,#3111,.T.);
#1694=ORIENTED_EDGE('',*,*,#3112,.T.);
#1695=ORIENTED_EDGE('',*,*,#3113,.T.);
#1696=ORIENTED_EDGE('',*,*,#3114,.T.);
#1697=ORIENTED_EDGE('',*,*,#3115,.T.);
#1698=ORIENTED_EDGE('',*,*,#3116,.T.);
#1699=ORIENTED_EDGE('',*,*,#3117,.T.);
#1700=ORIENTED_EDGE('',*,*,#3118,.T.);
#1701=ORIENTED_EDGE('',*,*,#3119,.T.);
#1702=ORIENTED_EDGE('',*,*,#3120,.T.);
#1703=ORIENTED_EDGE('',*,*,#3121,.T.);
#1704=ORIENTED_EDGE('',*,*,#3122,.T.);
#1705=ORIENTED_EDGE('',*,*,#3123,.T.);
#1706=ORIENTED_EDGE('',*,*,#3124,.T.);
#1707=ORIENTED_EDGE('',*,*,#3125,.T.);
#1708=ORIENTED_EDGE('',*,*,#3126,.T.);
#1709=ORIENTED_EDGE('',*,*,#3127,.T.);
#1710=ORIENTED_EDGE('',*,*,#3128,.T.);
#1711=ORIENTED_EDGE('',*,*,#3129,.T.);
#1712=ORIENTED_EDGE('',*,*,#3130,.T.);
#1713=ORIENTED_EDGE('',*,*,#3131,.T.);
#1714=ORIENTED_EDGE('',*,*,#3132,.T.);
#1715=ORIENTED_EDGE('',*,*,#3133,.T.);
#1716=ORIENTED_EDGE('',*,*,#3134,.T.);
#1717=ORIENTED_EDGE('',*,*,#3121,.F.);
#1718=ORIENTED_EDGE('',*,*,#3135,.T.);
#1719=ORIENTED_EDGE('',*,*,#3134,.F.);
#1720=ORIENTED_EDGE('',*,*,#3112,.F.);
#1721=ORIENTED_EDGE('',*,*,#3135,.F.);
#1722=ORIENTED_EDGE('',*,*,#3136,.T.);
#1723=ORIENTED_EDGE('',*,*,#3137,.T.);
#1724=ORIENTED_EDGE('',*,*,#3138,.T.);
#1725=ORIENTED_EDGE('',*,*,#3139,.T.);
#1726=ORIENTED_EDGE('',*,*,#3140,.T.);
#1727=ORIENTED_EDGE('',*,*,#3141,.T.);
#1728=ORIENTED_EDGE('',*,*,#3142,.T.);
#1729=ORIENTED_EDGE('',*,*,#3143,.T.);
#1730=ORIENTED_EDGE('',*,*,#3144,.T.);
#1731=ORIENTED_EDGE('',*,*,#3145,.T.);
#1732=ORIENTED_EDGE('',*,*,#3146,.T.);
#1733=ORIENTED_EDGE('',*,*,#3147,.T.);
#1734=ORIENTED_EDGE('',*,*,#3148,.T.);
#1735=ORIENTED_EDGE('',*,*,#3149,.T.);
#1736=ORIENTED_EDGE('',*,*,#3150,.T.);
#1737=ORIENTED_EDGE('',*,*,#3151,.T.);
#1738=ORIENTED_EDGE('',*,*,#3152,.T.);
#1739=ORIENTED_EDGE('',*,*,#3153,.T.);
#1740=ORIENTED_EDGE('',*,*,#3154,.T.);
#1741=ORIENTED_EDGE('',*,*,#3155,.T.);
#1742=ORIENTED_EDGE('',*,*,#3156,.T.);
#1743=ORIENTED_EDGE('',*,*,#3157,.T.);
#1744=ORIENTED_EDGE('',*,*,#3158,.T.);
#1745=ORIENTED_EDGE('',*,*,#3159,.T.);
#1746=ORIENTED_EDGE('',*,*,#3130,.F.);
#1747=ORIENTED_EDGE('',*,*,#3160,.T.);
#1748=ORIENTED_EDGE('',*,*,#3106,.F.);
#1749=ORIENTED_EDGE('',*,*,#3161,.T.);
#1750=ORIENTED_EDGE('',*,*,#3140,.F.);
#1751=ORIENTED_EDGE('',*,*,#3162,.T.);
#1752=ORIENTED_EDGE('',*,*,#3102,.F.);
#1753=ORIENTED_EDGE('',*,*,#3163,.T.);
#1754=ORIENTED_EDGE('',*,*,#3122,.F.);
#1755=ORIENTED_EDGE('',*,*,#3164,.T.);
#1756=ORIENTED_EDGE('',*,*,#3155,.F.);
#1757=ORIENTED_EDGE('',*,*,#3165,.T.);
#1758=ORIENTED_EDGE('',*,*,#3124,.F.);
#1759=ORIENTED_EDGE('',*,*,#3166,.T.);
#1760=ORIENTED_EDGE('',*,*,#3100,.F.);
#1761=ORIENTED_EDGE('',*,*,#3167,.T.);
#1762=ORIENTED_EDGE('',*,*,#3150,.F.);
#1763=ORIENTED_EDGE('',*,*,#3168,.T.);
#1764=ORIENTED_EDGE('',*,*,#3108,.F.);
#1765=ORIENTED_EDGE('',*,*,#3169,.T.);
#1766=ORIENTED_EDGE('',*,*,#3128,.F.);
#1767=ORIENTED_EDGE('',*,*,#3170,.T.);
#1768=ORIENTED_EDGE('',*,*,#3145,.F.);
#1769=ORIENTED_EDGE('',*,*,#3171,.T.);
#1770=ORIENTED_EDGE('',*,*,#3133,.F.);
#1771=ORIENTED_EDGE('',*,*,#3172,.T.);
#1772=ORIENTED_EDGE('',*,*,#3152,.F.);
#1773=ORIENTED_EDGE('',*,*,#3164,.F.);
#1774=ORIENTED_EDGE('',*,*,#3154,.F.);
#1775=ORIENTED_EDGE('',*,*,#3173,.T.);
#1776=ORIENTED_EDGE('',*,*,#3103,.F.);
#1777=ORIENTED_EDGE('',*,*,#3165,.F.);
#1778=ORIENTED_EDGE('',*,*,#3139,.F.);
#1779=ORIENTED_EDGE('',*,*,#3174,.T.);
#1780=ORIENTED_EDGE('',*,*,#3131,.F.);
#1781=ORIENTED_EDGE('',*,*,#3162,.F.);
#1782=ORIENTED_EDGE('',*,*,#3105,.F.);
#1783=ORIENTED_EDGE('',*,*,#3175,.T.);
#1784=ORIENTED_EDGE('',*,*,#3137,.F.);
#1785=ORIENTED_EDGE('',*,*,#3161,.F.);
#1786=ORIENTED_EDGE('',*,*,#3127,.F.);
#1787=ORIENTED_EDGE('',*,*,#3176,.T.);
#1788=ORIENTED_EDGE('',*,*,#3142,.F.);
#1789=ORIENTED_EDGE('',*,*,#3170,.F.);
#1790=ORIENTED_EDGE('',*,*,#3149,.F.);
#1791=ORIENTED_EDGE('',*,*,#3177,.T.);
#1792=ORIENTED_EDGE('',*,*,#3125,.F.);
#1793=ORIENTED_EDGE('',*,*,#3168,.F.);
#1794=ORIENTED_EDGE('',*,*,#3144,.F.);
#1795=ORIENTED_EDGE('',*,*,#3178,.T.);
#1796=ORIENTED_EDGE('',*,*,#3109,.F.);
#1797=ORIENTED_EDGE('',*,*,#3171,.F.);
#1798=ORIENTED_EDGE('',*,*,#3111,.F.);
#1799=ORIENTED_EDGE('',*,*,#3179,.T.);
#1800=ORIENTED_EDGE('',*,*,#3147,.F.);
#1801=ORIENTED_EDGE('',*,*,#3167,.F.);
#1802=ORIENTED_EDGE('',*,*,#3157,.F.);
#1803=ORIENTED_EDGE('',*,*,#3136,.F.);
#1804=ORIENTED_EDGE('',*,*,#3156,.F.);
#1805=ORIENTED_EDGE('',*,*,#3151,.F.);
#1806=ORIENTED_EDGE('',*,*,#3146,.F.);
#1807=ORIENTED_EDGE('',*,*,#3159,.F.);
#1808=ORIENTED_EDGE('',*,*,#3158,.F.);
#1809=ORIENTED_EDGE('',*,*,#3141,.F.);
#1810=ORIENTED_EDGE('',*,*,#3126,.F.);
#1811=ORIENTED_EDGE('',*,*,#3180,.T.);
#1812=ORIENTED_EDGE('',*,*,#3110,.F.);
#1813=ORIENTED_EDGE('',*,*,#3181,.T.);
#1814=ORIENTED_EDGE('',*,*,#3104,.F.);
#1815=ORIENTED_EDGE('',*,*,#3182,.T.);
#1816=ORIENTED_EDGE('',*,*,#3132,.F.);
#1817=ORIENTED_EDGE('',*,*,#3183,.T.);
#1818=ORIENTED_EDGE('',*,*,#3175,.F.);
#1819=ORIENTED_EDGE('',*,*,#3183,.F.);
#1820=ORIENTED_EDGE('',*,*,#3174,.F.);
#1821=ORIENTED_EDGE('',*,*,#3138,.F.);
#1822=ORIENTED_EDGE('',*,*,#3176,.F.);
#1823=ORIENTED_EDGE('',*,*,#3181,.F.);
#1824=ORIENTED_EDGE('',*,*,#3178,.F.);
#1825=ORIENTED_EDGE('',*,*,#3143,.F.);
#1826=ORIENTED_EDGE('',*,*,#3179,.F.);
#1827=ORIENTED_EDGE('',*,*,#3180,.F.);
#1828=ORIENTED_EDGE('',*,*,#3177,.F.);
#1829=ORIENTED_EDGE('',*,*,#3148,.F.);
#1830=ORIENTED_EDGE('',*,*,#3172,.F.);
#1831=ORIENTED_EDGE('',*,*,#3182,.F.);
#1832=ORIENTED_EDGE('',*,*,#3173,.F.);
#1833=ORIENTED_EDGE('',*,*,#3153,.F.);
#1834=ORIENTED_EDGE('',*,*,#3184,.F.);
#1835=ORIENTED_EDGE('',*,*,#3107,.F.);
#1836=ORIENTED_EDGE('',*,*,#3185,.F.);
#1837=ORIENTED_EDGE('',*,*,#3120,.F.);
#1838=ORIENTED_EDGE('',*,*,#3185,.T.);
#1839=ORIENTED_EDGE('',*,*,#3160,.F.);
#1840=ORIENTED_EDGE('',*,*,#3186,.F.);
#1841=ORIENTED_EDGE('',*,*,#3117,.F.);
#1842=ORIENTED_EDGE('',*,*,#3184,.T.);
#1843=ORIENTED_EDGE('',*,*,#3119,.F.);
#1844=ORIENTED_EDGE('',*,*,#3187,.F.);
#1845=ORIENTED_EDGE('',*,*,#3169,.F.);
#1846=ORIENTED_EDGE('',*,*,#3186,.T.);
#1847=ORIENTED_EDGE('',*,*,#3129,.F.);
#1848=ORIENTED_EDGE('',*,*,#3187,.T.);
#1849=ORIENTED_EDGE('',*,*,#3118,.F.);
#1850=ORIENTED_EDGE('',*,*,#3188,.F.);
#1851=ORIENTED_EDGE('',*,*,#3163,.F.);
#1852=ORIENTED_EDGE('',*,*,#3189,.F.);
#1853=ORIENTED_EDGE('',*,*,#3116,.F.);
#1854=ORIENTED_EDGE('',*,*,#3189,.T.);
#1855=ORIENTED_EDGE('',*,*,#3101,.F.);
#1856=ORIENTED_EDGE('',*,*,#3190,.F.);
#1857=ORIENTED_EDGE('',*,*,#3113,.F.);
#1858=ORIENTED_EDGE('',*,*,#3188,.T.);
#1859=ORIENTED_EDGE('',*,*,#3115,.F.);
#1860=ORIENTED_EDGE('',*,*,#3191,.F.);
#1861=ORIENTED_EDGE('',*,*,#3123,.F.);
#1862=ORIENTED_EDGE('',*,*,#3190,.T.);
#1863=ORIENTED_EDGE('',*,*,#3166,.F.);
#1864=ORIENTED_EDGE('',*,*,#3191,.T.);
#1865=ORIENTED_EDGE('',*,*,#3114,.F.);
#1866=ORIENTED_EDGE('',*,*,#3192,.T.);
#1867=ORIENTED_EDGE('',*,*,#3193,.T.);
#1868=ORIENTED_EDGE('',*,*,#3194,.T.);
#1869=ORIENTED_EDGE('',*,*,#3195,.T.);
#1870=ORIENTED_EDGE('',*,*,#3196,.T.);
#1871=ORIENTED_EDGE('',*,*,#3197,.T.);
#1872=ORIENTED_EDGE('',*,*,#3198,.T.);
#1873=ORIENTED_EDGE('',*,*,#3199,.T.);
#1874=ORIENTED_EDGE('',*,*,#3200,.F.);
#1875=ORIENTED_EDGE('',*,*,#3201,.T.);
#1876=ORIENTED_EDGE('',*,*,#3202,.T.);
#1877=ORIENTED_EDGE('',*,*,#3203,.T.);
#1878=ORIENTED_EDGE('',*,*,#3204,.T.);
#1879=ORIENTED_EDGE('',*,*,#3205,.T.);
#1880=ORIENTED_EDGE('',*,*,#3200,.T.);
#1881=ORIENTED_EDGE('',*,*,#3206,.T.);
#1882=ORIENTED_EDGE('',*,*,#3207,.F.);
#1883=ORIENTED_EDGE('',*,*,#3208,.T.);
#1884=ORIENTED_EDGE('',*,*,#3209,.T.);
#1885=ORIENTED_EDGE('',*,*,#3203,.F.);
#1886=ORIENTED_EDGE('',*,*,#3210,.T.);
#1887=ORIENTED_EDGE('',*,*,#3211,.F.);
#1888=ORIENTED_EDGE('',*,*,#3207,.T.);
#1889=ORIENTED_EDGE('',*,*,#3212,.T.);
#1890=ORIENTED_EDGE('',*,*,#3213,.T.);
#1891=ORIENTED_EDGE('',*,*,#3214,.T.);
#1892=ORIENTED_EDGE('',*,*,#3215,.F.);
#1893=ORIENTED_EDGE('',*,*,#3216,.T.);
#1894=ORIENTED_EDGE('',*,*,#3215,.T.);
#1895=ORIENTED_EDGE('',*,*,#3217,.T.);
#1896=ORIENTED_EDGE('',*,*,#3202,.F.);
#1897=ORIENTED_EDGE('',*,*,#3218,.T.);
#1898=ORIENTED_EDGE('',*,*,#3219,.T.);
#1899=ORIENTED_EDGE('',*,*,#3220,.T.);
#1900=ORIENTED_EDGE('',*,*,#3221,.T.);
#1901=ORIENTED_EDGE('',*,*,#3222,.T.);
#1902=ORIENTED_EDGE('',*,*,#3223,.T.);
#1903=ORIENTED_EDGE('',*,*,#3211,.T.);
#1904=ORIENTED_EDGE('',*,*,#3224,.T.);
#1905=ORIENTED_EDGE('',*,*,#3225,.F.);
#1906=ORIENTED_EDGE('',*,*,#3218,.F.);
#1907=ORIENTED_EDGE('',*,*,#3226,.F.);
#1908=ORIENTED_EDGE('',*,*,#3197,.F.);
#1909=ORIENTED_EDGE('',*,*,#3226,.T.);
#1910=ORIENTED_EDGE('',*,*,#3201,.F.);
#1911=ORIENTED_EDGE('',*,*,#3227,.F.);
#1912=ORIENTED_EDGE('',*,*,#3194,.F.);
#1913=ORIENTED_EDGE('',*,*,#3225,.T.);
#1914=ORIENTED_EDGE('',*,*,#3196,.F.);
#1915=ORIENTED_EDGE('',*,*,#3228,.F.);
#1916=ORIENTED_EDGE('',*,*,#3216,.F.);
#1917=ORIENTED_EDGE('',*,*,#3227,.T.);
#1918=ORIENTED_EDGE('',*,*,#3208,.F.);
#1919=ORIENTED_EDGE('',*,*,#3228,.T.);
#1920=ORIENTED_EDGE('',*,*,#3195,.F.);
#1921=ORIENTED_EDGE('',*,*,#3217,.F.);
#1922=ORIENTED_EDGE('',*,*,#3229,.F.);
#1923=ORIENTED_EDGE('',*,*,#3224,.F.);
#1924=ORIENTED_EDGE('',*,*,#3210,.F.);
#1925=ORIENTED_EDGE('',*,*,#3229,.T.);
#1926=ORIENTED_EDGE('',*,*,#3214,.F.);
#1927=ORIENTED_EDGE('',*,*,#3230,.T.);
#1928=ORIENTED_EDGE('',*,*,#3222,.F.);
#1929=ORIENTED_EDGE('',*,*,#3231,.T.);
#1930=ORIENTED_EDGE('',*,*,#3232,.T.);
#1931=ORIENTED_EDGE('',*,*,#3233,.F.);
#1932=ORIENTED_EDGE('',*,*,#3234,.T.);
#1933=ORIENTED_EDGE('',*,*,#3235,.T.);
#1934=ORIENTED_EDGE('',*,*,#3236,.T.);
#1935=ORIENTED_EDGE('',*,*,#3213,.F.);
#1936=ORIENTED_EDGE('',*,*,#3237,.T.);
#1937=ORIENTED_EDGE('',*,*,#3233,.T.);
#1938=ORIENTED_EDGE('',*,*,#3238,.T.);
#1939=ORIENTED_EDGE('',*,*,#3198,.F.);
#1940=ORIENTED_EDGE('',*,*,#3230,.F.);
#1941=ORIENTED_EDGE('',*,*,#3236,.F.);
#1942=ORIENTED_EDGE('',*,*,#3209,.F.);
#1943=ORIENTED_EDGE('',*,*,#3223,.F.);
#1944=ORIENTED_EDGE('',*,*,#3199,.F.);
#1945=ORIENTED_EDGE('',*,*,#3238,.F.);
#1946=ORIENTED_EDGE('',*,*,#3232,.F.);
#1947=ORIENTED_EDGE('',*,*,#3239,.F.);
#1948=ORIENTED_EDGE('',*,*,#3239,.T.);
#1949=ORIENTED_EDGE('',*,*,#3235,.F.);
#1950=ORIENTED_EDGE('',*,*,#3240,.F.);
#1951=ORIENTED_EDGE('',*,*,#3206,.F.);
#1952=ORIENTED_EDGE('',*,*,#3234,.F.);
#1953=ORIENTED_EDGE('',*,*,#3237,.F.);
#1954=ORIENTED_EDGE('',*,*,#3212,.F.);
#1955=ORIENTED_EDGE('',*,*,#3240,.T.);
#1956=ORIENTED_EDGE('',*,*,#3231,.F.);
#1957=ORIENTED_EDGE('',*,*,#3205,.F.);
#1958=ORIENTED_EDGE('',*,*,#3193,.F.);
#1959=ORIENTED_EDGE('',*,*,#3219,.F.);
#1960=ORIENTED_EDGE('',*,*,#3220,.F.);
#1961=ORIENTED_EDGE('',*,*,#3221,.F.);
#1962=ORIENTED_EDGE('',*,*,#3241,.T.);
#1963=ORIENTED_EDGE('',*,*,#3242,.T.);
#1964=ORIENTED_EDGE('',*,*,#3243,.T.);
#1965=ORIENTED_EDGE('',*,*,#3244,.T.);
#1966=ORIENTED_EDGE('',*,*,#3204,.F.);
#1967=ORIENTED_EDGE('',*,*,#3244,.F.);
#1968=ORIENTED_EDGE('',*,*,#3243,.F.);
#1969=ORIENTED_EDGE('',*,*,#3242,.F.);
#1970=ORIENTED_EDGE('',*,*,#3241,.F.);
#1971=ORIENTED_EDGE('',*,*,#3192,.F.);
#1972=ORIENTED_EDGE('',*,*,#3245,.F.);
#1973=ORIENTED_EDGE('',*,*,#3246,.T.);
#1974=ORIENTED_EDGE('',*,*,#3247,.T.);
#1975=ORIENTED_EDGE('',*,*,#3248,.T.);
#1976=ORIENTED_EDGE('',*,*,#3249,.T.);
#1977=ORIENTED_EDGE('',*,*,#3245,.T.);
#1978=ORIENTED_EDGE('',*,*,#3250,.T.);
#1979=ORIENTED_EDGE('',*,*,#3246,.F.);
#1980=ORIENTED_EDGE('',*,*,#3248,.F.);
#1981=ORIENTED_EDGE('',*,*,#3250,.F.);
#1982=ORIENTED_EDGE('',*,*,#3249,.F.);
#1983=ORIENTED_EDGE('',*,*,#3247,.F.);
#1984=ORIENTED_EDGE('',*,*,#3251,.F.);
#1985=ORIENTED_EDGE('',*,*,#3252,.T.);
#1986=ORIENTED_EDGE('',*,*,#3253,.T.);
#1987=ORIENTED_EDGE('',*,*,#3254,.T.);
#1988=ORIENTED_EDGE('',*,*,#3255,.F.);
#1989=ORIENTED_EDGE('',*,*,#3256,.F.);
#1990=ORIENTED_EDGE('',*,*,#3257,.F.);
#1991=ORIENTED_EDGE('',*,*,#3258,.T.);
#1992=ORIENTED_EDGE('',*,*,#3259,.F.);
#1993=ORIENTED_EDGE('',*,*,#3258,.F.);
#1994=ORIENTED_EDGE('',*,*,#3260,.F.);
#1995=ORIENTED_EDGE('',*,*,#3261,.T.);
#1996=ORIENTED_EDGE('',*,*,#3262,.F.);
#1997=ORIENTED_EDGE('',*,*,#3261,.F.);
#1998=ORIENTED_EDGE('',*,*,#3263,.F.);
#1999=ORIENTED_EDGE('',*,*,#3264,.T.);
#2000=ORIENTED_EDGE('',*,*,#3265,.F.);
#2001=ORIENTED_EDGE('',*,*,#3264,.F.);
#2002=ORIENTED_EDGE('',*,*,#3266,.F.);
#2003=ORIENTED_EDGE('',*,*,#3267,.T.);
#2004=ORIENTED_EDGE('',*,*,#3268,.F.);
#2005=ORIENTED_EDGE('',*,*,#3267,.F.);
#2006=ORIENTED_EDGE('',*,*,#3269,.F.);
#2007=ORIENTED_EDGE('',*,*,#3270,.T.);
#2008=ORIENTED_EDGE('',*,*,#3271,.F.);
#2009=ORIENTED_EDGE('',*,*,#3270,.F.);
#2010=ORIENTED_EDGE('',*,*,#3272,.F.);
#2011=ORIENTED_EDGE('',*,*,#3256,.T.);
#2012=ORIENTED_EDGE('',*,*,#3273,.T.);
#2013=ORIENTED_EDGE('',*,*,#3274,.F.);
#2014=ORIENTED_EDGE('',*,*,#3252,.F.);
#2015=ORIENTED_EDGE('',*,*,#3275,.T.);
#2016=ORIENTED_EDGE('',*,*,#3276,.T.);
#2017=ORIENTED_EDGE('',*,*,#3277,.F.);
#2018=ORIENTED_EDGE('',*,*,#3278,.T.);
#2019=ORIENTED_EDGE('',*,*,#3279,.F.);
#2020=ORIENTED_EDGE('',*,*,#3280,.T.);
#2021=ORIENTED_EDGE('',*,*,#3281,.F.);
#2022=ORIENTED_EDGE('',*,*,#3282,.T.);
#2023=ORIENTED_EDGE('',*,*,#3283,.F.);
#2024=ORIENTED_EDGE('',*,*,#3284,.T.);
#2025=ORIENTED_EDGE('',*,*,#3285,.F.);
#2026=ORIENTED_EDGE('',*,*,#3286,.T.);
#2027=ORIENTED_EDGE('',*,*,#3287,.F.);
#2028=ORIENTED_EDGE('',*,*,#3288,.T.);
#2029=ORIENTED_EDGE('',*,*,#3289,.F.);
#2030=ORIENTED_EDGE('',*,*,#3290,.T.);
#2031=ORIENTED_EDGE('',*,*,#3291,.F.);
#2032=ORIENTED_EDGE('',*,*,#3292,.T.);
#2033=ORIENTED_EDGE('',*,*,#3293,.F.);
#2034=ORIENTED_EDGE('',*,*,#3254,.F.);
#2035=ORIENTED_EDGE('',*,*,#3294,.T.);
#2036=ORIENTED_EDGE('',*,*,#3266,.T.);
#2037=ORIENTED_EDGE('',*,*,#3263,.T.);
#2038=ORIENTED_EDGE('',*,*,#3260,.T.);
#2039=ORIENTED_EDGE('',*,*,#3257,.T.);
#2040=ORIENTED_EDGE('',*,*,#3272,.T.);
#2041=ORIENTED_EDGE('',*,*,#3269,.T.);
#2042=ORIENTED_EDGE('',*,*,#3253,.F.);
#2043=ORIENTED_EDGE('',*,*,#3271,.T.);
#2044=ORIENTED_EDGE('',*,*,#3255,.T.);
#2045=ORIENTED_EDGE('',*,*,#3259,.T.);
#2046=ORIENTED_EDGE('',*,*,#3262,.T.);
#2047=ORIENTED_EDGE('',*,*,#3265,.T.);
#2048=ORIENTED_EDGE('',*,*,#3268,.T.);
#2049=ORIENTED_EDGE('',*,*,#3251,.T.);
#2050=ORIENTED_EDGE('',*,*,#3295,.T.);
#2051=ORIENTED_EDGE('',*,*,#3294,.F.);
#2052=ORIENTED_EDGE('',*,*,#3295,.F.);
#2053=ORIENTED_EDGE('',*,*,#3293,.T.);
#2054=ORIENTED_EDGE('',*,*,#3296,.T.);
#2055=ORIENTED_EDGE('',*,*,#3292,.F.);
#2056=ORIENTED_EDGE('',*,*,#3296,.F.);
#2057=ORIENTED_EDGE('',*,*,#3291,.T.);
#2058=ORIENTED_EDGE('',*,*,#3297,.T.);
#2059=ORIENTED_EDGE('',*,*,#3290,.F.);
#2060=ORIENTED_EDGE('',*,*,#3297,.F.);
#2061=ORIENTED_EDGE('',*,*,#3289,.T.);
#2062=ORIENTED_EDGE('',*,*,#3298,.T.);
#2063=ORIENTED_EDGE('',*,*,#3288,.F.);
#2064=ORIENTED_EDGE('',*,*,#3298,.F.);
#2065=ORIENTED_EDGE('',*,*,#3287,.T.);
#2066=ORIENTED_EDGE('',*,*,#3299,.T.);
#2067=ORIENTED_EDGE('',*,*,#3286,.F.);
#2068=ORIENTED_EDGE('',*,*,#3299,.F.);
#2069=ORIENTED_EDGE('',*,*,#3285,.T.);
#2070=ORIENTED_EDGE('',*,*,#3300,.T.);
#2071=ORIENTED_EDGE('',*,*,#3284,.F.);
#2072=ORIENTED_EDGE('',*,*,#3300,.F.);
#2073=ORIENTED_EDGE('',*,*,#3283,.T.);
#2074=ORIENTED_EDGE('',*,*,#3301,.T.);
#2075=ORIENTED_EDGE('',*,*,#3282,.F.);
#2076=ORIENTED_EDGE('',*,*,#3301,.F.);
#2077=ORIENTED_EDGE('',*,*,#3281,.T.);
#2078=ORIENTED_EDGE('',*,*,#3302,.T.);
#2079=ORIENTED_EDGE('',*,*,#3280,.F.);
#2080=ORIENTED_EDGE('',*,*,#3302,.F.);
#2081=ORIENTED_EDGE('',*,*,#3279,.T.);
#2082=ORIENTED_EDGE('',*,*,#3303,.T.);
#2083=ORIENTED_EDGE('',*,*,#3278,.F.);
#2084=ORIENTED_EDGE('',*,*,#3303,.F.);
#2085=ORIENTED_EDGE('',*,*,#3277,.T.);
#2086=ORIENTED_EDGE('',*,*,#3304,.T.);
#2087=ORIENTED_EDGE('',*,*,#3276,.F.);
#2088=ORIENTED_EDGE('',*,*,#3304,.F.);
#2089=ORIENTED_EDGE('',*,*,#3274,.T.);
#2090=ORIENTED_EDGE('',*,*,#3305,.T.);
#2091=ORIENTED_EDGE('',*,*,#3273,.F.);
#2092=ORIENTED_EDGE('',*,*,#3305,.F.);
#2093=ORIENTED_EDGE('',*,*,#3275,.F.);
#2094=ORIENTED_EDGE('',*,*,#3306,.F.);
#2095=ORIENTED_EDGE('',*,*,#3307,.T.);
#2096=ORIENTED_EDGE('',*,*,#3308,.T.);
#2097=ORIENTED_EDGE('',*,*,#3307,.F.);
#2098=ORIENTED_EDGE('',*,*,#3309,.T.);
#2099=ORIENTED_EDGE('',*,*,#3308,.F.);
#2100=ORIENTED_EDGE('',*,*,#3310,.T.);
#2101=ORIENTED_EDGE('',*,*,#3311,.F.);
#2102=ORIENTED_EDGE('',*,*,#3310,.F.);
#2103=ORIENTED_EDGE('',*,*,#3309,.F.);
#2104=ORIENTED_EDGE('',*,*,#3311,.T.);
#2105=ORIENTED_EDGE('',*,*,#3312,.T.);
#2106=ORIENTED_EDGE('',*,*,#3313,.F.);
#2107=ORIENTED_EDGE('',*,*,#3306,.T.);
#2108=ORIENTED_EDGE('',*,*,#3313,.T.);
#2109=ORIENTED_EDGE('',*,*,#3314,.T.);
#2110=ORIENTED_EDGE('',*,*,#3314,.F.);
#2111=ORIENTED_EDGE('',*,*,#3312,.F.);
#2112=ORIENTED_EDGE('',*,*,#3315,.F.);
#2113=ORIENTED_EDGE('',*,*,#3316,.T.);
#2114=ORIENTED_EDGE('',*,*,#3317,.T.);
#2115=ORIENTED_EDGE('',*,*,#3318,.T.);
#2116=ORIENTED_EDGE('',*,*,#3319,.T.);
#2117=ORIENTED_EDGE('',*,*,#3320,.T.);
#2118=ORIENTED_EDGE('',*,*,#3321,.T.);
#2119=ORIENTED_EDGE('',*,*,#3322,.T.);
#2120=ORIENTED_EDGE('',*,*,#3323,.T.);
#2121=ORIENTED_EDGE('',*,*,#3324,.T.);
#2122=ORIENTED_EDGE('',*,*,#3325,.T.);
#2123=ORIENTED_EDGE('',*,*,#3326,.T.);
#2124=ORIENTED_EDGE('',*,*,#3327,.T.);
#2125=ORIENTED_EDGE('',*,*,#3328,.F.);
#2126=ORIENTED_EDGE('',*,*,#3329,.T.);
#2127=ORIENTED_EDGE('',*,*,#3330,.T.);
#2128=ORIENTED_EDGE('',*,*,#3326,.F.);
#2129=ORIENTED_EDGE('',*,*,#3331,.T.);
#2130=ORIENTED_EDGE('',*,*,#3315,.T.);
#2131=ORIENTED_EDGE('',*,*,#3332,.T.);
#2132=ORIENTED_EDGE('',*,*,#3333,.F.);
#2133=ORIENTED_EDGE('',*,*,#3334,.T.);
#2134=ORIENTED_EDGE('',*,*,#3329,.F.);
#2135=ORIENTED_EDGE('',*,*,#3335,.F.);
#2136=ORIENTED_EDGE('',*,*,#3319,.F.);
#2137=ORIENTED_EDGE('',*,*,#3336,.T.);
#2138=ORIENTED_EDGE('',*,*,#3337,.F.);
#2139=ORIENTED_EDGE('',*,*,#3338,.F.);
#2140=ORIENTED_EDGE('',*,*,#3339,.F.);
#2141=ORIENTED_EDGE('',*,*,#3340,.T.);
#2142=ORIENTED_EDGE('',*,*,#3341,.T.);
#2143=ORIENTED_EDGE('',*,*,#3342,.T.);
#2144=ORIENTED_EDGE('',*,*,#3343,.T.);
#2145=ORIENTED_EDGE('',*,*,#3344,.T.);
#2146=ORIENTED_EDGE('',*,*,#3322,.F.);
#2147=ORIENTED_EDGE('',*,*,#3345,.T.);
#2148=ORIENTED_EDGE('',*,*,#3339,.T.);
#2149=ORIENTED_EDGE('',*,*,#3346,.T.);
#2150=ORIENTED_EDGE('',*,*,#3328,.T.);
#2151=ORIENTED_EDGE('',*,*,#3347,.T.);
#2152=ORIENTED_EDGE('',*,*,#3343,.F.);
#2153=ORIENTED_EDGE('',*,*,#3348,.T.);
#2154=ORIENTED_EDGE('',*,*,#3337,.T.);
#2155=ORIENTED_EDGE('',*,*,#3349,.T.);
#2156=ORIENTED_EDGE('',*,*,#3350,.T.);
#2157=ORIENTED_EDGE('',*,*,#3351,.T.);
#2158=ORIENTED_EDGE('',*,*,#3333,.T.);
#2159=ORIENTED_EDGE('',*,*,#3352,.T.);
#2160=ORIENTED_EDGE('',*,*,#3353,.T.);
#2161=ORIENTED_EDGE('',*,*,#3354,.T.);
#2162=ORIENTED_EDGE('',*,*,#3355,.T.);
#2163=ORIENTED_EDGE('',*,*,#3356,.T.);
#2164=ORIENTED_EDGE('',*,*,#3357,.T.);
#2165=ORIENTED_EDGE('',*,*,#3358,.T.);
#2166=ORIENTED_EDGE('',*,*,#3359,.T.);
#2167=ORIENTED_EDGE('',*,*,#3360,.T.);
#2168=ORIENTED_EDGE('',*,*,#3361,.T.);
#2169=ORIENTED_EDGE('',*,*,#3362,.T.);
#2170=ORIENTED_EDGE('',*,*,#3363,.T.);
#2171=ORIENTED_EDGE('',*,*,#3364,.T.);
#2172=ORIENTED_EDGE('',*,*,#3365,.T.);
#2173=ORIENTED_EDGE('',*,*,#3366,.T.);
#2174=ORIENTED_EDGE('',*,*,#3367,.T.);
#2175=ORIENTED_EDGE('',*,*,#3368,.T.);
#2176=ORIENTED_EDGE('',*,*,#3369,.T.);
#2177=ORIENTED_EDGE('',*,*,#3370,.T.);
#2178=ORIENTED_EDGE('',*,*,#3371,.T.);
#2179=ORIENTED_EDGE('',*,*,#3372,.T.);
#2180=ORIENTED_EDGE('',*,*,#3373,.T.);
#2181=ORIENTED_EDGE('',*,*,#3374,.T.);
#2182=ORIENTED_EDGE('',*,*,#3375,.T.);
#2183=ORIENTED_EDGE('',*,*,#3376,.T.);
#2184=ORIENTED_EDGE('',*,*,#3377,.T.);
#2185=ORIENTED_EDGE('',*,*,#3378,.T.);
#2186=ORIENTED_EDGE('',*,*,#3379,.T.);
#2187=ORIENTED_EDGE('',*,*,#3380,.T.);
#2188=ORIENTED_EDGE('',*,*,#3381,.T.);
#2189=ORIENTED_EDGE('',*,*,#3382,.T.);
#2190=ORIENTED_EDGE('',*,*,#3383,.T.);
#2191=ORIENTED_EDGE('',*,*,#3384,.T.);
#2192=ORIENTED_EDGE('',*,*,#3385,.T.);
#2193=ORIENTED_EDGE('',*,*,#3373,.F.);
#2194=ORIENTED_EDGE('',*,*,#3386,.T.);
#2195=ORIENTED_EDGE('',*,*,#3341,.F.);
#2196=ORIENTED_EDGE('',*,*,#3375,.F.);
#2197=ORIENTED_EDGE('',*,*,#3387,.T.);
#2198=ORIENTED_EDGE('',*,*,#3388,.T.);
#2199=ORIENTED_EDGE('',*,*,#3320,.F.);
#2200=ORIENTED_EDGE('',*,*,#3389,.T.);
#2201=ORIENTED_EDGE('',*,*,#3335,.T.);
#2202=ORIENTED_EDGE('',*,*,#3348,.F.);
#2203=ORIENTED_EDGE('',*,*,#3390,.F.);
#2204=ORIENTED_EDGE('',*,*,#3352,.F.);
#2205=ORIENTED_EDGE('',*,*,#3338,.T.);
#2206=ORIENTED_EDGE('',*,*,#3356,.F.);
#2207=ORIENTED_EDGE('',*,*,#3391,.F.);
#2208=ORIENTED_EDGE('',*,*,#3389,.F.);
#2209=ORIENTED_EDGE('',*,*,#3390,.T.);
#2210=ORIENTED_EDGE('',*,*,#3342,.F.);
#2211=ORIENTED_EDGE('',*,*,#3392,.F.);
#2212=ORIENTED_EDGE('',*,*,#3353,.F.);
#2213=ORIENTED_EDGE('',*,*,#3391,.T.);
#2214=ORIENTED_EDGE('',*,*,#3355,.F.);
#2215=ORIENTED_EDGE('',*,*,#3393,.F.);
#2216=ORIENTED_EDGE('',*,*,#3376,.F.);
#2217=ORIENTED_EDGE('',*,*,#3392,.T.);
#2218=ORIENTED_EDGE('',*,*,#3386,.F.);
#2219=ORIENTED_EDGE('',*,*,#3393,.T.);
#2220=ORIENTED_EDGE('',*,*,#3354,.F.);
#2221=ORIENTED_EDGE('',*,*,#3370,.F.);
#2222=ORIENTED_EDGE('',*,*,#3357,.F.);
#2223=ORIENTED_EDGE('',*,*,#3394,.F.);
#2224=ORIENTED_EDGE('',*,*,#3347,.F.);
#2225=ORIENTED_EDGE('',*,*,#3395,.F.);
#2226=ORIENTED_EDGE('',*,*,#3362,.F.);
#2227=ORIENTED_EDGE('',*,*,#3395,.T.);
#2228=ORIENTED_EDGE('',*,*,#3327,.F.);
#2229=ORIENTED_EDGE('',*,*,#3396,.F.);
#2230=ORIENTED_EDGE('',*,*,#3363,.F.);
#2231=ORIENTED_EDGE('',*,*,#3394,.T.);
#2232=ORIENTED_EDGE('',*,*,#3361,.F.);
#2233=ORIENTED_EDGE('',*,*,#3397,.F.);
#2234=ORIENTED_EDGE('',*,*,#3344,.F.);
#2235=ORIENTED_EDGE('',*,*,#3396,.T.);
#2236=ORIENTED_EDGE('',*,*,#3332,.F.);
#2237=ORIENTED_EDGE('',*,*,#3398,.F.);
#2238=ORIENTED_EDGE('',*,*,#3358,.F.);
#2239=ORIENTED_EDGE('',*,*,#3397,.T.);
#2240=ORIENTED_EDGE('',*,*,#3360,.F.);
#2241=ORIENTED_EDGE('',*,*,#3399,.F.);
#2242=ORIENTED_EDGE('',*,*,#3346,.F.);
#2243=ORIENTED_EDGE('',*,*,#3398,.T.);
#2244=ORIENTED_EDGE('',*,*,#3323,.F.);
#2245=ORIENTED_EDGE('',*,*,#3399,.T.);
#2246=ORIENTED_EDGE('',*,*,#3359,.F.);
#2247=ORIENTED_EDGE('',*,*,#3364,.F.);
#2248=ORIENTED_EDGE('',*,*,#3368,.F.);
#2249=ORIENTED_EDGE('',*,*,#3365,.F.);
#2250=ORIENTED_EDGE('',*,*,#3369,.F.);
#2251=ORIENTED_EDGE('',*,*,#3366,.F.);
#2252=ORIENTED_EDGE('',*,*,#3372,.F.);
#2253=ORIENTED_EDGE('',*,*,#3384,.F.);
#2254=ORIENTED_EDGE('',*,*,#3340,.F.);
#2255=ORIENTED_EDGE('',*,*,#3400,.F.);
#2256=ORIENTED_EDGE('',*,*,#3380,.F.);
#2257=ORIENTED_EDGE('',*,*,#3401,.T.);
#2258=ORIENTED_EDGE('',*,*,#3400,.T.);
#2259=ORIENTED_EDGE('',*,*,#3345,.F.);
#2260=ORIENTED_EDGE('',*,*,#3402,.F.);
#2261=ORIENTED_EDGE('',*,*,#3381,.F.);
#2262=ORIENTED_EDGE('',*,*,#3388,.F.);
#2263=ORIENTED_EDGE('',*,*,#3403,.T.);
#2264=ORIENTED_EDGE('',*,*,#3382,.F.);
#2265=ORIENTED_EDGE('',*,*,#3402,.T.);
#2266=ORIENTED_EDGE('',*,*,#3321,.F.);
#2267=ORIENTED_EDGE('',*,*,#3367,.F.);
#2268=ORIENTED_EDGE('',*,*,#3377,.F.);
#2269=ORIENTED_EDGE('',*,*,#3403,.F.);
#2270=ORIENTED_EDGE('',*,*,#3387,.F.);
#2271=ORIENTED_EDGE('',*,*,#3404,.F.);
#2272=ORIENTED_EDGE('',*,*,#3383,.F.);
#2273=ORIENTED_EDGE('',*,*,#3404,.T.);
#2274=ORIENTED_EDGE('',*,*,#3374,.F.);
#2275=ORIENTED_EDGE('',*,*,#3405,.F.);
#2276=ORIENTED_EDGE('',*,*,#3378,.F.);
#2277=ORIENTED_EDGE('',*,*,#3405,.T.);
#2278=ORIENTED_EDGE('',*,*,#3385,.F.);
#2279=ORIENTED_EDGE('',*,*,#3401,.F.);
#2280=ORIENTED_EDGE('',*,*,#3379,.F.);
#2281=ORIENTED_EDGE('',*,*,#3406,.T.);
#2282=ORIENTED_EDGE('',*,*,#3407,.T.);
#2283=ORIENTED_EDGE('',*,*,#3408,.T.);
#2284=ORIENTED_EDGE('',*,*,#3409,.T.);
#2285=ORIENTED_EDGE('',*,*,#3410,.T.);
#2286=ORIENTED_EDGE('',*,*,#3411,.T.);
#2287=ORIENTED_EDGE('',*,*,#3412,.T.);
#2288=ORIENTED_EDGE('',*,*,#3413,.T.);
#2289=ORIENTED_EDGE('',*,*,#3414,.T.);
#2290=ORIENTED_EDGE('',*,*,#3415,.T.);
#2291=ORIENTED_EDGE('',*,*,#3416,.T.);
#2292=ORIENTED_EDGE('',*,*,#3406,.F.);
#2293=ORIENTED_EDGE('',*,*,#3371,.F.);
#2294=ORIENTED_EDGE('',*,*,#3318,.F.);
#2295=ORIENTED_EDGE('',*,*,#3417,.T.);
#2296=ORIENTED_EDGE('',*,*,#3413,.F.);
#2297=ORIENTED_EDGE('',*,*,#3418,.T.);
#2298=ORIENTED_EDGE('',*,*,#3415,.F.);
#2299=ORIENTED_EDGE('',*,*,#3419,.T.);
#2300=ORIENTED_EDGE('',*,*,#3330,.F.);
#2301=ORIENTED_EDGE('',*,*,#3420,.T.);
#2302=ORIENTED_EDGE('',*,*,#3334,.F.);
#2303=ORIENTED_EDGE('',*,*,#3351,.F.);
#2304=ORIENTED_EDGE('',*,*,#3421,.F.);
#2305=ORIENTED_EDGE('',*,*,#3420,.F.);
#2306=ORIENTED_EDGE('',*,*,#3421,.T.);
#2307=ORIENTED_EDGE('',*,*,#3350,.F.);
#2308=ORIENTED_EDGE('',*,*,#3422,.F.);
#2309=ORIENTED_EDGE('',*,*,#3416,.F.);
#2310=ORIENTED_EDGE('',*,*,#3336,.F.);
#2311=ORIENTED_EDGE('',*,*,#3418,.F.);
#2312=ORIENTED_EDGE('',*,*,#3422,.T.);
#2313=ORIENTED_EDGE('',*,*,#3349,.F.);
#2314=ORIENTED_EDGE('',*,*,#3317,.F.);
#2315=ORIENTED_EDGE('',*,*,#3423,.T.);
#2316=ORIENTED_EDGE('',*,*,#3411,.F.);
#2317=ORIENTED_EDGE('',*,*,#3424,.F.);
#2318=ORIENTED_EDGE('',*,*,#3417,.F.);
#2319=ORIENTED_EDGE('',*,*,#3424,.T.);
#2320=ORIENTED_EDGE('',*,*,#3410,.F.);
#2321=ORIENTED_EDGE('',*,*,#3425,.F.);
#2322=ORIENTED_EDGE('',*,*,#3414,.F.);
#2323=ORIENTED_EDGE('',*,*,#3324,.F.);
#2324=ORIENTED_EDGE('',*,*,#3419,.F.);
#2325=ORIENTED_EDGE('',*,*,#3425,.T.);
#2326=ORIENTED_EDGE('',*,*,#3409,.F.);
#2327=ORIENTED_EDGE('',*,*,#3426,.T.);
#2328=ORIENTED_EDGE('',*,*,#3423,.F.);
#2329=ORIENTED_EDGE('',*,*,#3316,.F.);
#2330=ORIENTED_EDGE('',*,*,#3427,.F.);
#2331=ORIENTED_EDGE('',*,*,#3412,.F.);
#2332=ORIENTED_EDGE('',*,*,#3427,.T.);
#2333=ORIENTED_EDGE('',*,*,#3331,.F.);
#2334=ORIENTED_EDGE('',*,*,#3428,.F.);
#2335=ORIENTED_EDGE('',*,*,#3407,.F.);
#2336=ORIENTED_EDGE('',*,*,#3426,.F.);
#2337=ORIENTED_EDGE('',*,*,#3408,.F.);
#2338=ORIENTED_EDGE('',*,*,#3428,.T.);
#2339=ORIENTED_EDGE('',*,*,#3325,.F.);
#2340=ORIENTED_EDGE('',*,*,#3429,.T.);
#2341=ORIENTED_EDGE('',*,*,#3430,.T.);
#2342=ORIENTED_EDGE('',*,*,#3431,.T.);
#2343=ORIENTED_EDGE('',*,*,#3432,.T.);
#2344=ORIENTED_EDGE('',*,*,#3433,.F.);
#2345=ORIENTED_EDGE('',*,*,#3434,.T.);
#2346=ORIENTED_EDGE('',*,*,#3435,.T.);
#2347=ORIENTED_EDGE('',*,*,#3436,.T.);
#2348=ORIENTED_EDGE('',*,*,#3437,.T.);
#2349=ORIENTED_EDGE('',*,*,#3438,.T.);
#2350=ORIENTED_EDGE('',*,*,#3439,.F.);
#2351=ORIENTED_EDGE('',*,*,#3440,.T.);
#2352=ORIENTED_EDGE('',*,*,#3441,.T.);
#2353=ORIENTED_EDGE('',*,*,#3442,.T.);
#2354=ORIENTED_EDGE('',*,*,#3443,.T.);
#2355=ORIENTED_EDGE('',*,*,#3444,.T.);
#2356=ORIENTED_EDGE('',*,*,#3445,.T.);
#2357=ORIENTED_EDGE('',*,*,#3446,.T.);
#2358=ORIENTED_EDGE('',*,*,#3447,.F.);
#2359=ORIENTED_EDGE('',*,*,#3448,.T.);
#2360=ORIENTED_EDGE('',*,*,#3449,.T.);
#2361=ORIENTED_EDGE('',*,*,#3450,.T.);
#2362=ORIENTED_EDGE('',*,*,#3447,.T.);
#2363=ORIENTED_EDGE('',*,*,#3451,.T.);
#2364=ORIENTED_EDGE('',*,*,#3441,.F.);
#2365=ORIENTED_EDGE('',*,*,#3452,.T.);
#2366=ORIENTED_EDGE('',*,*,#3453,.T.);
#2367=ORIENTED_EDGE('',*,*,#3454,.T.);
#2368=ORIENTED_EDGE('',*,*,#3455,.T.);
#2369=ORIENTED_EDGE('',*,*,#3456,.T.);
#2370=ORIENTED_EDGE('',*,*,#3457,.T.);
#2371=ORIENTED_EDGE('',*,*,#3458,.T.);
#2372=ORIENTED_EDGE('',*,*,#3459,.T.);
#2373=ORIENTED_EDGE('',*,*,#3460,.T.);
#2374=ORIENTED_EDGE('',*,*,#3461,.T.);
#2375=ORIENTED_EDGE('',*,*,#3462,.T.);
#2376=ORIENTED_EDGE('',*,*,#3463,.T.);
#2377=ORIENTED_EDGE('',*,*,#3439,.T.);
#2378=ORIENTED_EDGE('',*,*,#3464,.T.);
#2379=ORIENTED_EDGE('',*,*,#3429,.F.);
#2380=ORIENTED_EDGE('',*,*,#3465,.T.);
#2381=ORIENTED_EDGE('',*,*,#3449,.F.);
#2382=ORIENTED_EDGE('',*,*,#3466,.T.);
#2383=ORIENTED_EDGE('',*,*,#3433,.T.);
#2384=ORIENTED_EDGE('',*,*,#3467,.T.);
#2385=ORIENTED_EDGE('',*,*,#3468,.T.);
#2386=ORIENTED_EDGE('',*,*,#3469,.T.);
#2387=ORIENTED_EDGE('',*,*,#3470,.T.);
#2388=ORIENTED_EDGE('',*,*,#3471,.T.);
#2389=ORIENTED_EDGE('',*,*,#3472,.T.);
#2390=ORIENTED_EDGE('',*,*,#3473,.T.);
#2391=ORIENTED_EDGE('',*,*,#3474,.T.);
#2392=ORIENTED_EDGE('',*,*,#3475,.T.);
#2393=ORIENTED_EDGE('',*,*,#3476,.T.);
#2394=ORIENTED_EDGE('',*,*,#3477,.T.);
#2395=ORIENTED_EDGE('',*,*,#3478,.T.);
#2396=ORIENTED_EDGE('',*,*,#3479,.T.);
#2397=ORIENTED_EDGE('',*,*,#3480,.T.);
#2398=ORIENTED_EDGE('',*,*,#3481,.T.);
#2399=ORIENTED_EDGE('',*,*,#3482,.T.);
#2400=ORIENTED_EDGE('',*,*,#3483,.T.);
#2401=ORIENTED_EDGE('',*,*,#3484,.T.);
#2402=ORIENTED_EDGE('',*,*,#3485,.T.);
#2403=ORIENTED_EDGE('',*,*,#3486,.T.);
#2404=ORIENTED_EDGE('',*,*,#3487,.T.);
#2405=ORIENTED_EDGE('',*,*,#3488,.T.);
#2406=ORIENTED_EDGE('',*,*,#3489,.T.);
#2407=ORIENTED_EDGE('',*,*,#3490,.T.);
#2408=ORIENTED_EDGE('',*,*,#3491,.T.);
#2409=ORIENTED_EDGE('',*,*,#3492,.T.);
#2410=ORIENTED_EDGE('',*,*,#3493,.T.);
#2411=ORIENTED_EDGE('',*,*,#3494,.T.);
#2412=ORIENTED_EDGE('',*,*,#3495,.T.);
#2413=ORIENTED_EDGE('',*,*,#3496,.T.);
#2414=ORIENTED_EDGE('',*,*,#3497,.T.);
#2415=ORIENTED_EDGE('',*,*,#3498,.T.);
#2416=ORIENTED_EDGE('',*,*,#3499,.T.);
#2417=ORIENTED_EDGE('',*,*,#3500,.T.);
#2418=ORIENTED_EDGE('',*,*,#3501,.T.);
#2419=ORIENTED_EDGE('',*,*,#3502,.T.);
#2420=ORIENTED_EDGE('',*,*,#3503,.T.);
#2421=ORIENTED_EDGE('',*,*,#3504,.T.);
#2422=ORIENTED_EDGE('',*,*,#3492,.F.);
#2423=ORIENTED_EDGE('',*,*,#3505,.T.);
#2424=ORIENTED_EDGE('',*,*,#3431,.F.);
#2425=ORIENTED_EDGE('',*,*,#3506,.T.);
#2426=ORIENTED_EDGE('',*,*,#3507,.T.);
#2427=ORIENTED_EDGE('',*,*,#3481,.F.);
#2428=ORIENTED_EDGE('',*,*,#3508,.T.);
#2429=ORIENTED_EDGE('',*,*,#3443,.F.);
#2430=ORIENTED_EDGE('',*,*,#3483,.F.);
#2431=ORIENTED_EDGE('',*,*,#3509,.T.);
#2432=ORIENTED_EDGE('',*,*,#3510,.T.);
#2433=ORIENTED_EDGE('',*,*,#3445,.F.);
#2434=ORIENTED_EDGE('',*,*,#3511,.T.);
#2435=ORIENTED_EDGE('',*,*,#3494,.F.);
#2436=ORIENTED_EDGE('',*,*,#3512,.T.);
#2437=ORIENTED_EDGE('',*,*,#3513,.T.);
#2438=ORIENTED_EDGE('',*,*,#3437,.F.);
#2439=ORIENTED_EDGE('',*,*,#3514,.T.);
#2440=ORIENTED_EDGE('',*,*,#3453,.F.);
#2441=ORIENTED_EDGE('',*,*,#3480,.F.);
#2442=ORIENTED_EDGE('',*,*,#3515,.F.);
#2443=ORIENTED_EDGE('',*,*,#3450,.F.);
#2444=ORIENTED_EDGE('',*,*,#3516,.F.);
#2445=ORIENTED_EDGE('',*,*,#3460,.F.);
#2446=ORIENTED_EDGE('',*,*,#3516,.T.);
#2447=ORIENTED_EDGE('',*,*,#3467,.F.);
#2448=ORIENTED_EDGE('',*,*,#3517,.F.);
#2449=ORIENTED_EDGE('',*,*,#3461,.F.);
#2450=ORIENTED_EDGE('',*,*,#3515,.T.);
#2451=ORIENTED_EDGE('',*,*,#3459,.F.);
#2452=ORIENTED_EDGE('',*,*,#3518,.F.);
#2453=ORIENTED_EDGE('',*,*,#3511,.F.);
#2454=ORIENTED_EDGE('',*,*,#3517,.T.);
#2455=ORIENTED_EDGE('',*,*,#3432,.F.);
#2456=ORIENTED_EDGE('',*,*,#3519,.F.);
#2457=ORIENTED_EDGE('',*,*,#3462,.F.);
#2458=ORIENTED_EDGE('',*,*,#3518,.T.);
#2459=ORIENTED_EDGE('',*,*,#3458,.F.);
#2460=ORIENTED_EDGE('',*,*,#3520,.F.);
#2461=ORIENTED_EDGE('',*,*,#3484,.F.);
#2462=ORIENTED_EDGE('',*,*,#3519,.T.);
#2463=ORIENTED_EDGE('',*,*,#3505,.F.);
#2464=ORIENTED_EDGE('',*,*,#3521,.F.);
#2465=ORIENTED_EDGE('',*,*,#3463,.F.);
#2466=ORIENTED_EDGE('',*,*,#3520,.T.);
#2467=ORIENTED_EDGE('',*,*,#3457,.F.);
#2468=ORIENTED_EDGE('',*,*,#3522,.F.);
#2469=ORIENTED_EDGE('',*,*,#3508,.F.);
#2470=ORIENTED_EDGE('',*,*,#3521,.T.);
#2471=ORIENTED_EDGE('',*,*,#3495,.F.);
#2472=ORIENTED_EDGE('',*,*,#3523,.F.);
#2473=ORIENTED_EDGE('',*,*,#3454,.F.);
#2474=ORIENTED_EDGE('',*,*,#3522,.T.);
#2475=ORIENTED_EDGE('',*,*,#3456,.F.);
#2476=ORIENTED_EDGE('',*,*,#3524,.F.);
#2477=ORIENTED_EDGE('',*,*,#3444,.F.);
#2478=ORIENTED_EDGE('',*,*,#3523,.T.);
#2479=ORIENTED_EDGE('',*,*,#3514,.F.);
#2480=ORIENTED_EDGE('',*,*,#3524,.T.);
#2481=ORIENTED_EDGE('',*,*,#3455,.F.);
#2482=ORIENTED_EDGE('',*,*,#3478,.F.);
#2483=ORIENTED_EDGE('',*,*,#3468,.F.);
#2484=ORIENTED_EDGE('',*,*,#3469,.F.);
#2485=ORIENTED_EDGE('',*,*,#3436,.F.);
#2486=ORIENTED_EDGE('',*,*,#3479,.F.);
#2487=ORIENTED_EDGE('',*,*,#3470,.F.);
#2488=ORIENTED_EDGE('',*,*,#3525,.F.);
#2489=ORIENTED_EDGE('',*,*,#3466,.F.);
#2490=ORIENTED_EDGE('',*,*,#3526,.F.);
#2491=ORIENTED_EDGE('',*,*,#3475,.F.);
#2492=ORIENTED_EDGE('',*,*,#3526,.T.);
#2493=ORIENTED_EDGE('',*,*,#3448,.F.);
#2494=ORIENTED_EDGE('',*,*,#3527,.F.);
#2495=ORIENTED_EDGE('',*,*,#3476,.F.);
#2496=ORIENTED_EDGE('',*,*,#3525,.T.);
#2497=ORIENTED_EDGE('',*,*,#3474,.F.);
#2498=ORIENTED_EDGE('',*,*,#3528,.F.);
#2499=ORIENTED_EDGE('',*,*,#3434,.F.);
#2500=ORIENTED_EDGE('',*,*,#3527,.T.);
#2501=ORIENTED_EDGE('',*,*,#3452,.F.);
#2502=ORIENTED_EDGE('',*,*,#3529,.F.);
#2503=ORIENTED_EDGE('',*,*,#3471,.F.);
#2504=ORIENTED_EDGE('',*,*,#3528,.T.);
#2505=ORIENTED_EDGE('',*,*,#3473,.F.);
#2506=ORIENTED_EDGE('',*,*,#3530,.F.);
#2507=ORIENTED_EDGE('',*,*,#3465,.F.);
#2508=ORIENTED_EDGE('',*,*,#3529,.T.);
#2509=ORIENTED_EDGE('',*,*,#3440,.F.);
#2510=ORIENTED_EDGE('',*,*,#3530,.T.);
#2511=ORIENTED_EDGE('',*,*,#3472,.F.);
#2512=ORIENTED_EDGE('',*,*,#3485,.F.);
#2513=ORIENTED_EDGE('',*,*,#3477,.F.);
#2514=ORIENTED_EDGE('',*,*,#3506,.F.);
#2515=ORIENTED_EDGE('',*,*,#3442,.F.);
#2516=ORIENTED_EDGE('',*,*,#3531,.F.);
#2517=ORIENTED_EDGE('',*,*,#3490,.F.);
#2518=ORIENTED_EDGE('',*,*,#3532,.T.);
#2519=ORIENTED_EDGE('',*,*,#3531,.T.);
#2520=ORIENTED_EDGE('',*,*,#3451,.F.);
#2521=ORIENTED_EDGE('',*,*,#3533,.F.);
#2522=ORIENTED_EDGE('',*,*,#3491,.F.);
#2523=ORIENTED_EDGE('',*,*,#3510,.F.);
#2524=ORIENTED_EDGE('',*,*,#3534,.T.);
#2525=ORIENTED_EDGE('',*,*,#3486,.F.);
#2526=ORIENTED_EDGE('',*,*,#3533,.T.);
#2527=ORIENTED_EDGE('',*,*,#3446,.F.);
#2528=ORIENTED_EDGE('',*,*,#3496,.F.);
#2529=ORIENTED_EDGE('',*,*,#3435,.F.);
#2530=ORIENTED_EDGE('',*,*,#3503,.F.);
#2531=ORIENTED_EDGE('',*,*,#3430,.F.);
#2532=ORIENTED_EDGE('',*,*,#3535,.F.);
#2533=ORIENTED_EDGE('',*,*,#3501,.F.);
#2534=ORIENTED_EDGE('',*,*,#3536,.T.);
#2535=ORIENTED_EDGE('',*,*,#3535,.T.);
#2536=ORIENTED_EDGE('',*,*,#3464,.F.);
#2537=ORIENTED_EDGE('',*,*,#3537,.F.);
#2538=ORIENTED_EDGE('',*,*,#3502,.F.);
#2539=ORIENTED_EDGE('',*,*,#3537,.T.);
#2540=ORIENTED_EDGE('',*,*,#3438,.F.);
#2541=ORIENTED_EDGE('',*,*,#3513,.F.);
#2542=ORIENTED_EDGE('',*,*,#3538,.T.);
#2543=ORIENTED_EDGE('',*,*,#3497,.F.);
#2544=ORIENTED_EDGE('',*,*,#3536,.F.);
#2545=ORIENTED_EDGE('',*,*,#3500,.F.);
#2546=ORIENTED_EDGE('',*,*,#3539,.F.);
#2547=ORIENTED_EDGE('',*,*,#3504,.F.);
#2548=ORIENTED_EDGE('',*,*,#3539,.T.);
#2549=ORIENTED_EDGE('',*,*,#3499,.F.);
#2550=ORIENTED_EDGE('',*,*,#3540,.F.);
#2551=ORIENTED_EDGE('',*,*,#3493,.F.);
#2552=ORIENTED_EDGE('',*,*,#3538,.F.);
#2553=ORIENTED_EDGE('',*,*,#3512,.F.);
#2554=ORIENTED_EDGE('',*,*,#3540,.T.);
#2555=ORIENTED_EDGE('',*,*,#3498,.F.);
#2556=ORIENTED_EDGE('',*,*,#3532,.F.);
#2557=ORIENTED_EDGE('',*,*,#3489,.F.);
#2558=ORIENTED_EDGE('',*,*,#3541,.F.);
#2559=ORIENTED_EDGE('',*,*,#3507,.F.);
#2560=ORIENTED_EDGE('',*,*,#3541,.T.);
#2561=ORIENTED_EDGE('',*,*,#3488,.F.);
#2562=ORIENTED_EDGE('',*,*,#3542,.F.);
#2563=ORIENTED_EDGE('',*,*,#3482,.F.);
#2564=ORIENTED_EDGE('',*,*,#3534,.F.);
#2565=ORIENTED_EDGE('',*,*,#3509,.F.);
#2566=ORIENTED_EDGE('',*,*,#3542,.T.);
#2567=ORIENTED_EDGE('',*,*,#3487,.F.);
#2568=ORIENTED_EDGE('',*,*,#3543,.T.);
#2569=ORIENTED_EDGE('',*,*,#3544,.T.);
#2570=ORIENTED_EDGE('',*,*,#3545,.T.);
#2571=ORIENTED_EDGE('',*,*,#3546,.T.);
#2572=ORIENTED_EDGE('',*,*,#3547,.F.);
#2573=ORIENTED_EDGE('',*,*,#3548,.T.);
#2574=ORIENTED_EDGE('',*,*,#3545,.F.);
#2575=ORIENTED_EDGE('',*,*,#3549,.T.);
#2576=ORIENTED_EDGE('',*,*,#3550,.T.);
#2577=ORIENTED_EDGE('',*,*,#3551,.T.);
#2578=ORIENTED_EDGE('',*,*,#3552,.T.);
#2579=ORIENTED_EDGE('',*,*,#3553,.T.);
#2580=ORIENTED_EDGE('',*,*,#3554,.T.);
#2581=ORIENTED_EDGE('',*,*,#3555,.T.);
#2582=ORIENTED_EDGE('',*,*,#3556,.T.);
#2583=ORIENTED_EDGE('',*,*,#3557,.T.);
#2584=ORIENTED_EDGE('',*,*,#3558,.T.);
#2585=ORIENTED_EDGE('',*,*,#3550,.F.);
#2586=ORIENTED_EDGE('',*,*,#3559,.T.);
#2587=ORIENTED_EDGE('',*,*,#3560,.T.);
#2588=ORIENTED_EDGE('',*,*,#3561,.T.);
#2589=ORIENTED_EDGE('',*,*,#3562,.T.);
#2590=ORIENTED_EDGE('',*,*,#3563,.T.);
#2591=ORIENTED_EDGE('',*,*,#3547,.T.);
#2592=ORIENTED_EDGE('',*,*,#3564,.T.);
#2593=ORIENTED_EDGE('',*,*,#3562,.F.);
#2594=ORIENTED_EDGE('',*,*,#3565,.T.);
#2595=ORIENTED_EDGE('',*,*,#3566,.T.);
#2596=ORIENTED_EDGE('',*,*,#3567,.T.);
#2597=ORIENTED_EDGE('',*,*,#3568,.T.);
#2598=ORIENTED_EDGE('',*,*,#3569,.T.);
#2599=ORIENTED_EDGE('',*,*,#3570,.T.);
#2600=ORIENTED_EDGE('',*,*,#3571,.T.);
#2601=ORIENTED_EDGE('',*,*,#3572,.T.);
#2602=ORIENTED_EDGE('',*,*,#3573,.T.);
#2603=ORIENTED_EDGE('',*,*,#3574,.T.);
#2604=ORIENTED_EDGE('',*,*,#3575,.T.);
#2605=ORIENTED_EDGE('',*,*,#3576,.T.);
#2606=ORIENTED_EDGE('',*,*,#3577,.T.);
#2607=ORIENTED_EDGE('',*,*,#3578,.T.);
#2608=ORIENTED_EDGE('',*,*,#3579,.T.);
#2609=ORIENTED_EDGE('',*,*,#3580,.T.);
#2610=ORIENTED_EDGE('',*,*,#3581,.T.);
#2611=ORIENTED_EDGE('',*,*,#3543,.F.);
#2612=ORIENTED_EDGE('',*,*,#3582,.T.);
#2613=ORIENTED_EDGE('',*,*,#3560,.F.);
#2614=ORIENTED_EDGE('',*,*,#3583,.F.);
#2615=ORIENTED_EDGE('',*,*,#3565,.F.);
#2616=ORIENTED_EDGE('',*,*,#3584,.F.);
#2617=ORIENTED_EDGE('',*,*,#3555,.F.);
#2618=ORIENTED_EDGE('',*,*,#3584,.T.);
#2619=ORIENTED_EDGE('',*,*,#3561,.F.);
#2620=ORIENTED_EDGE('',*,*,#3585,.F.);
#2621=ORIENTED_EDGE('',*,*,#3552,.F.);
#2622=ORIENTED_EDGE('',*,*,#3583,.T.);
#2623=ORIENTED_EDGE('',*,*,#3554,.F.);
#2624=ORIENTED_EDGE('',*,*,#3586,.F.);
#2625=ORIENTED_EDGE('',*,*,#3548,.F.);
#2626=ORIENTED_EDGE('',*,*,#3585,.T.);
#2627=ORIENTED_EDGE('',*,*,#3582,.F.);
#2628=ORIENTED_EDGE('',*,*,#3586,.T.);
#2629=ORIENTED_EDGE('',*,*,#3553,.F.);
#2630=ORIENTED_EDGE('',*,*,#3556,.F.);
#2631=ORIENTED_EDGE('',*,*,#3573,.F.);
#2632=ORIENTED_EDGE('',*,*,#3587,.F.);
#2633=ORIENTED_EDGE('',*,*,#3564,.F.);
#2634=ORIENTED_EDGE('',*,*,#3588,.F.);
#2635=ORIENTED_EDGE('',*,*,#3569,.F.);
#2636=ORIENTED_EDGE('',*,*,#3588,.T.);
#2637=ORIENTED_EDGE('',*,*,#3546,.F.);
#2638=ORIENTED_EDGE('',*,*,#3589,.F.);
#2639=ORIENTED_EDGE('',*,*,#3566,.F.);
#2640=ORIENTED_EDGE('',*,*,#3587,.T.);
#2641=ORIENTED_EDGE('',*,*,#3568,.F.);
#2642=ORIENTED_EDGE('',*,*,#3590,.F.);
#2643=ORIENTED_EDGE('',*,*,#3563,.F.);
#2644=ORIENTED_EDGE('',*,*,#3589,.T.);
#2645=ORIENTED_EDGE('',*,*,#3551,.F.);
#2646=ORIENTED_EDGE('',*,*,#3590,.T.);
#2647=ORIENTED_EDGE('',*,*,#3567,.F.);
#2648=ORIENTED_EDGE('',*,*,#3572,.F.);
#2649=ORIENTED_EDGE('',*,*,#3570,.F.);
#2650=ORIENTED_EDGE('',*,*,#3558,.F.);
#2651=ORIENTED_EDGE('',*,*,#3571,.F.);
#2652=ORIENTED_EDGE('',*,*,#3574,.F.);
#2653=ORIENTED_EDGE('',*,*,#3557,.F.);
#2654=ORIENTED_EDGE('',*,*,#3581,.F.);
#2655=ORIENTED_EDGE('',*,*,#3591,.T.);
#2656=ORIENTED_EDGE('',*,*,#3575,.F.);
#2657=ORIENTED_EDGE('',*,*,#3592,.F.);
#2658=ORIENTED_EDGE('',*,*,#3544,.F.);
#2659=ORIENTED_EDGE('',*,*,#3592,.T.);
#2660=ORIENTED_EDGE('',*,*,#3578,.F.);
#2661=ORIENTED_EDGE('',*,*,#3593,.F.);
#2662=ORIENTED_EDGE('',*,*,#3549,.F.);
#2663=ORIENTED_EDGE('',*,*,#3593,.T.);
#2664=ORIENTED_EDGE('',*,*,#3577,.F.);
#2665=ORIENTED_EDGE('',*,*,#3594,.T.);
#2666=ORIENTED_EDGE('',*,*,#3579,.F.);
#2667=ORIENTED_EDGE('',*,*,#3559,.F.);
#2668=ORIENTED_EDGE('',*,*,#3591,.F.);
#2669=ORIENTED_EDGE('',*,*,#3580,.F.);
#2670=ORIENTED_EDGE('',*,*,#3594,.F.);
#2671=ORIENTED_EDGE('',*,*,#3576,.F.);
#2672=ORIENTED_EDGE('',*,*,#3595,.F.);
#2673=ORIENTED_EDGE('',*,*,#3596,.F.);
#2674=ORIENTED_EDGE('',*,*,#3597,.T.);
#2675=ORIENTED_EDGE('',*,*,#3598,.T.);
#2676=ORIENTED_EDGE('',*,*,#3599,.F.);
#2677=ORIENTED_EDGE('',*,*,#3600,.F.);
#2678=ORIENTED_EDGE('',*,*,#3601,.F.);
#2679=ORIENTED_EDGE('',*,*,#3602,.T.);
#2680=ORIENTED_EDGE('',*,*,#3603,.F.);
#2681=ORIENTED_EDGE('',*,*,#3604,.F.);
#2682=ORIENTED_EDGE('',*,*,#3598,.F.);
#2683=ORIENTED_EDGE('',*,*,#3605,.F.);
#2684=ORIENTED_EDGE('',*,*,#3606,.F.);
#2685=ORIENTED_EDGE('',*,*,#3607,.T.);
#2686=ORIENTED_EDGE('',*,*,#3608,.T.);
#2687=ORIENTED_EDGE('',*,*,#3609,.F.);
#2688=ORIENTED_EDGE('',*,*,#3610,.T.);
#2689=ORIENTED_EDGE('',*,*,#3611,.T.);
#2690=ORIENTED_EDGE('',*,*,#3612,.F.);
#2691=ORIENTED_EDGE('',*,*,#3613,.F.);
#2692=ORIENTED_EDGE('',*,*,#3614,.F.);
#2693=ORIENTED_EDGE('',*,*,#3615,.F.);
#2694=ORIENTED_EDGE('',*,*,#3616,.T.);
#2695=ORIENTED_EDGE('',*,*,#3613,.T.);
#2696=ORIENTED_EDGE('',*,*,#3617,.F.);
#2697=ORIENTED_EDGE('',*,*,#3618,.T.);
#2698=ORIENTED_EDGE('',*,*,#3615,.T.);
#2699=ORIENTED_EDGE('',*,*,#3619,.F.);
#2700=ORIENTED_EDGE('',*,*,#3620,.F.);
#2701=ORIENTED_EDGE('',*,*,#3621,.F.);
#2702=ORIENTED_EDGE('',*,*,#3616,.F.);
#2703=ORIENTED_EDGE('',*,*,#3618,.F.);
#2704=ORIENTED_EDGE('',*,*,#3622,.T.);
#2705=ORIENTED_EDGE('',*,*,#3623,.T.);
#2706=ORIENTED_EDGE('',*,*,#3607,.F.);
#2707=ORIENTED_EDGE('',*,*,#3624,.T.);
#2708=ORIENTED_EDGE('',*,*,#3625,.T.);
#2709=ORIENTED_EDGE('',*,*,#3610,.F.);
#2710=ORIENTED_EDGE('',*,*,#3626,.T.);
#2711=ORIENTED_EDGE('',*,*,#3627,.T.);
#2712=ORIENTED_EDGE('',*,*,#3614,.T.);
#2713=ORIENTED_EDGE('',*,*,#3612,.T.);
#2714=ORIENTED_EDGE('',*,*,#3628,.F.);
#2715=ORIENTED_EDGE('',*,*,#3629,.F.);
#2716=ORIENTED_EDGE('',*,*,#3609,.T.);
#2717=ORIENTED_EDGE('',*,*,#3630,.F.);
#2718=ORIENTED_EDGE('',*,*,#3631,.F.);
#2719=ORIENTED_EDGE('',*,*,#3619,.T.);
#2720=ORIENTED_EDGE('',*,*,#3627,.F.);
#2721=ORIENTED_EDGE('',*,*,#3621,.T.);
#2722=ORIENTED_EDGE('',*,*,#3626,.F.);
#2723=ORIENTED_EDGE('',*,*,#3620,.T.);
#2724=ORIENTED_EDGE('',*,*,#3628,.T.);
#2725=ORIENTED_EDGE('',*,*,#3611,.F.);
#2726=ORIENTED_EDGE('',*,*,#3625,.F.);
#2727=ORIENTED_EDGE('',*,*,#3632,.T.);
#2728=ORIENTED_EDGE('',*,*,#3629,.T.);
#2729=ORIENTED_EDGE('',*,*,#3632,.F.);
#2730=ORIENTED_EDGE('',*,*,#3624,.F.);
#2731=ORIENTED_EDGE('',*,*,#3606,.T.);
#2732=ORIENTED_EDGE('',*,*,#3633,.T.);
#2733=ORIENTED_EDGE('',*,*,#3599,.T.);
#2734=ORIENTED_EDGE('',*,*,#3631,.T.);
#2735=ORIENTED_EDGE('',*,*,#3634,.F.);
#2736=ORIENTED_EDGE('',*,*,#3622,.F.);
#2737=ORIENTED_EDGE('',*,*,#3617,.T.);
#2738=ORIENTED_EDGE('',*,*,#3630,.T.);
#2739=ORIENTED_EDGE('',*,*,#3608,.F.);
#2740=ORIENTED_EDGE('',*,*,#3623,.F.);
#2741=ORIENTED_EDGE('',*,*,#3634,.T.);
#2742=ORIENTED_EDGE('',*,*,#3605,.T.);
#2743=ORIENTED_EDGE('',*,*,#3597,.F.);
#2744=ORIENTED_EDGE('',*,*,#3635,.F.);
#2745=ORIENTED_EDGE('',*,*,#3636,.T.);
#2746=ORIENTED_EDGE('',*,*,#3637,.F.);
#2747=ORIENTED_EDGE('',*,*,#3638,.F.);
#2748=ORIENTED_EDGE('',*,*,#3639,.T.);
#2749=ORIENTED_EDGE('',*,*,#3601,.T.);
#2750=ORIENTED_EDGE('',*,*,#3640,.F.);
#2751=ORIENTED_EDGE('',*,*,#3600,.T.);
#2752=ORIENTED_EDGE('',*,*,#3641,.T.);
#2753=ORIENTED_EDGE('',*,*,#3642,.F.);
#2754=ORIENTED_EDGE('',*,*,#3643,.F.);
#2755=ORIENTED_EDGE('',*,*,#3640,.T.);
#2756=ORIENTED_EDGE('',*,*,#3643,.T.);
#2757=ORIENTED_EDGE('',*,*,#3644,.F.);
#2758=ORIENTED_EDGE('',*,*,#3635,.T.);
#2759=ORIENTED_EDGE('',*,*,#3596,.T.);
#2760=ORIENTED_EDGE('',*,*,#3645,.T.);
#2761=ORIENTED_EDGE('',*,*,#3638,.T.);
#2762=ORIENTED_EDGE('',*,*,#3646,.T.);
#2763=ORIENTED_EDGE('',*,*,#3645,.F.);
#2764=ORIENTED_EDGE('',*,*,#3647,.F.);
#2765=ORIENTED_EDGE('',*,*,#3603,.T.);
#2766=ORIENTED_EDGE('',*,*,#3604,.T.);
#2767=ORIENTED_EDGE('',*,*,#3647,.T.);
#2768=ORIENTED_EDGE('',*,*,#3595,.T.);
#2769=ORIENTED_EDGE('',*,*,#3602,.F.);
#2770=ORIENTED_EDGE('',*,*,#3639,.F.);
#2771=ORIENTED_EDGE('',*,*,#3646,.F.);
#2772=ORIENTED_EDGE('',*,*,#3641,.F.);
#2773=ORIENTED_EDGE('',*,*,#3633,.F.);
#2774=ORIENTED_EDGE('',*,*,#3637,.T.);
#2775=ORIENTED_EDGE('',*,*,#3648,.T.);
#2776=ORIENTED_EDGE('',*,*,#3642,.T.);
#2777=ORIENTED_EDGE('',*,*,#3648,.F.);
#2778=ORIENTED_EDGE('',*,*,#3636,.F.);
#2779=ORIENTED_EDGE('',*,*,#3644,.T.);
#2780=ORIENTED_EDGE('',*,*,#3649,.F.);
#2781=ORIENTED_EDGE('',*,*,#3650,.T.);
#2782=ORIENTED_EDGE('',*,*,#3651,.T.);
#2783=ORIENTED_EDGE('',*,*,#3652,.T.);
#2784=ORIENTED_EDGE('',*,*,#3653,.F.);
#2785=ORIENTED_EDGE('',*,*,#3654,.F.);
#2786=ORIENTED_EDGE('',*,*,#3655,.F.);
#2787=ORIENTED_EDGE('',*,*,#3656,.T.);
#2788=ORIENTED_EDGE('',*,*,#3657,.F.);
#2789=ORIENTED_EDGE('',*,*,#3656,.F.);
#2790=ORIENTED_EDGE('',*,*,#3658,.F.);
#2791=ORIENTED_EDGE('',*,*,#3659,.T.);
#2792=ORIENTED_EDGE('',*,*,#3660,.F.);
#2793=ORIENTED_EDGE('',*,*,#3659,.F.);
#2794=ORIENTED_EDGE('',*,*,#3661,.F.);
#2795=ORIENTED_EDGE('',*,*,#3662,.T.);
#2796=ORIENTED_EDGE('',*,*,#3663,.F.);
#2797=ORIENTED_EDGE('',*,*,#3662,.F.);
#2798=ORIENTED_EDGE('',*,*,#3664,.F.);
#2799=ORIENTED_EDGE('',*,*,#3665,.T.);
#2800=ORIENTED_EDGE('',*,*,#3666,.F.);
#2801=ORIENTED_EDGE('',*,*,#3665,.F.);
#2802=ORIENTED_EDGE('',*,*,#3667,.F.);
#2803=ORIENTED_EDGE('',*,*,#3668,.T.);
#2804=ORIENTED_EDGE('',*,*,#3669,.F.);
#2805=ORIENTED_EDGE('',*,*,#3668,.F.);
#2806=ORIENTED_EDGE('',*,*,#3670,.F.);
#2807=ORIENTED_EDGE('',*,*,#3654,.T.);
#2808=ORIENTED_EDGE('',*,*,#3671,.T.);
#2809=ORIENTED_EDGE('',*,*,#3672,.F.);
#2810=ORIENTED_EDGE('',*,*,#3650,.F.);
#2811=ORIENTED_EDGE('',*,*,#3673,.T.);
#2812=ORIENTED_EDGE('',*,*,#3674,.T.);
#2813=ORIENTED_EDGE('',*,*,#3675,.F.);
#2814=ORIENTED_EDGE('',*,*,#3676,.T.);
#2815=ORIENTED_EDGE('',*,*,#3677,.F.);
#2816=ORIENTED_EDGE('',*,*,#3678,.T.);
#2817=ORIENTED_EDGE('',*,*,#3679,.F.);
#2818=ORIENTED_EDGE('',*,*,#3680,.T.);
#2819=ORIENTED_EDGE('',*,*,#3681,.F.);
#2820=ORIENTED_EDGE('',*,*,#3682,.T.);
#2821=ORIENTED_EDGE('',*,*,#3683,.F.);
#2822=ORIENTED_EDGE('',*,*,#3684,.T.);
#2823=ORIENTED_EDGE('',*,*,#3685,.F.);
#2824=ORIENTED_EDGE('',*,*,#3686,.T.);
#2825=ORIENTED_EDGE('',*,*,#3687,.F.);
#2826=ORIENTED_EDGE('',*,*,#3688,.T.);
#2827=ORIENTED_EDGE('',*,*,#3689,.F.);
#2828=ORIENTED_EDGE('',*,*,#3690,.T.);
#2829=ORIENTED_EDGE('',*,*,#3691,.F.);
#2830=ORIENTED_EDGE('',*,*,#3652,.F.);
#2831=ORIENTED_EDGE('',*,*,#3692,.T.);
#2832=ORIENTED_EDGE('',*,*,#3664,.T.);
#2833=ORIENTED_EDGE('',*,*,#3661,.T.);
#2834=ORIENTED_EDGE('',*,*,#3658,.T.);
#2835=ORIENTED_EDGE('',*,*,#3655,.T.);
#2836=ORIENTED_EDGE('',*,*,#3670,.T.);
#2837=ORIENTED_EDGE('',*,*,#3667,.T.);
#2838=ORIENTED_EDGE('',*,*,#3651,.F.);
#2839=ORIENTED_EDGE('',*,*,#3669,.T.);
#2840=ORIENTED_EDGE('',*,*,#3653,.T.);
#2841=ORIENTED_EDGE('',*,*,#3657,.T.);
#2842=ORIENTED_EDGE('',*,*,#3660,.T.);
#2843=ORIENTED_EDGE('',*,*,#3663,.T.);
#2844=ORIENTED_EDGE('',*,*,#3666,.T.);
#2845=ORIENTED_EDGE('',*,*,#3649,.T.);
#2846=ORIENTED_EDGE('',*,*,#3693,.T.);
#2847=ORIENTED_EDGE('',*,*,#3692,.F.);
#2848=ORIENTED_EDGE('',*,*,#3693,.F.);
#2849=ORIENTED_EDGE('',*,*,#3691,.T.);
#2850=ORIENTED_EDGE('',*,*,#3694,.T.);
#2851=ORIENTED_EDGE('',*,*,#3690,.F.);
#2852=ORIENTED_EDGE('',*,*,#3694,.F.);
#2853=ORIENTED_EDGE('',*,*,#3689,.T.);
#2854=ORIENTED_EDGE('',*,*,#3695,.T.);
#2855=ORIENTED_EDGE('',*,*,#3688,.F.);
#2856=ORIENTED_EDGE('',*,*,#3695,.F.);
#2857=ORIENTED_EDGE('',*,*,#3687,.T.);
#2858=ORIENTED_EDGE('',*,*,#3696,.T.);
#2859=ORIENTED_EDGE('',*,*,#3686,.F.);
#2860=ORIENTED_EDGE('',*,*,#3696,.F.);
#2861=ORIENTED_EDGE('',*,*,#3685,.T.);
#2862=ORIENTED_EDGE('',*,*,#3697,.T.);
#2863=ORIENTED_EDGE('',*,*,#3684,.F.);
#2864=ORIENTED_EDGE('',*,*,#3697,.F.);
#2865=ORIENTED_EDGE('',*,*,#3683,.T.);
#2866=ORIENTED_EDGE('',*,*,#3698,.T.);
#2867=ORIENTED_EDGE('',*,*,#3682,.F.);
#2868=ORIENTED_EDGE('',*,*,#3698,.F.);
#2869=ORIENTED_EDGE('',*,*,#3681,.T.);
#2870=ORIENTED_EDGE('',*,*,#3699,.T.);
#2871=ORIENTED_EDGE('',*,*,#3680,.F.);
#2872=ORIENTED_EDGE('',*,*,#3699,.F.);
#2873=ORIENTED_EDGE('',*,*,#3679,.T.);
#2874=ORIENTED_EDGE('',*,*,#3700,.T.);
#2875=ORIENTED_EDGE('',*,*,#3678,.F.);
#2876=ORIENTED_EDGE('',*,*,#3700,.F.);
#2877=ORIENTED_EDGE('',*,*,#3677,.T.);
#2878=ORIENTED_EDGE('',*,*,#3701,.T.);
#2879=ORIENTED_EDGE('',*,*,#3676,.F.);
#2880=ORIENTED_EDGE('',*,*,#3701,.F.);
#2881=ORIENTED_EDGE('',*,*,#3675,.T.);
#2882=ORIENTED_EDGE('',*,*,#3702,.T.);
#2883=ORIENTED_EDGE('',*,*,#3674,.F.);
#2884=ORIENTED_EDGE('',*,*,#3702,.F.);
#2885=ORIENTED_EDGE('',*,*,#3672,.T.);
#2886=ORIENTED_EDGE('',*,*,#3703,.T.);
#2887=ORIENTED_EDGE('',*,*,#3671,.F.);
#2888=ORIENTED_EDGE('',*,*,#3703,.F.);
#2889=ORIENTED_EDGE('',*,*,#3673,.F.);
#2890=ORIENTED_EDGE('',*,*,#3704,.T.);
#2891=ORIENTED_EDGE('',*,*,#3705,.F.);
#2892=ORIENTED_EDGE('',*,*,#3706,.T.);
#2893=ORIENTED_EDGE('',*,*,#3704,.F.);
#2894=ORIENTED_EDGE('',*,*,#3707,.T.);
#2895=ORIENTED_EDGE('',*,*,#3705,.T.);
#2896=ORIENTED_EDGE('',*,*,#3708,.T.);
#2897=ORIENTED_EDGE('',*,*,#3707,.F.);
#2898=ORIENTED_EDGE('',*,*,#3709,.T.);
#2899=ORIENTED_EDGE('',*,*,#3706,.F.);
#2900=ORIENTED_EDGE('',*,*,#3710,.T.);
#2901=ORIENTED_EDGE('',*,*,#3711,.F.);
#2902=ORIENTED_EDGE('',*,*,#3710,.F.);
#2903=ORIENTED_EDGE('',*,*,#3709,.F.);
#2904=ORIENTED_EDGE('',*,*,#3711,.T.);
#2905=ORIENTED_EDGE('',*,*,#3712,.T.);
#2906=ORIENTED_EDGE('',*,*,#3713,.F.);
#2907=ORIENTED_EDGE('',*,*,#3712,.F.);
#2908=ORIENTED_EDGE('',*,*,#3708,.F.);
#2909=ORIENTED_EDGE('',*,*,#3713,.T.);
#2910=EDGE_CURVE('',#3714,#3714,#4279,.T.);
#2911=EDGE_CURVE('',#3715,#3715,#4280,.T.);
#2912=EDGE_CURVE('',#3716,#3717,#1205,.T.);
#2913=EDGE_CURVE('',#3717,#3718,#485,.T.);
#2914=EDGE_CURVE('',#3718,#3719,#486,.T.);
#2915=EDGE_CURVE('',#3719,#3720,#487,.T.);
#2916=EDGE_CURVE('',#3720,#3721,#1206,.T.);
#2917=EDGE_CURVE('',#3722,#3721,#488,.T.);
#2918=EDGE_CURVE('',#3722,#3723,#4281,.F.);
#2919=EDGE_CURVE('',#3723,#3724,#489,.T.);
#2920=EDGE_CURVE('',#3724,#3716,#1207,.T.);
#2921=EDGE_CURVE('',#3725,#3725,#4282,.T.);
#2922=EDGE_CURVE('',#3726,#3726,#4283,.T.);
#2923=EDGE_CURVE('',#3727,#3728,#1208,.T.);
#2924=EDGE_CURVE('',#3727,#3729,#490,.T.);
#2925=EDGE_CURVE('',#3729,#3730,#1209,.T.);
#2926=EDGE_CURVE('',#3730,#3731,#1210,.T.);
#2927=EDGE_CURVE('',#3731,#3732,#491,.T.);
#2928=EDGE_CURVE('',#3732,#3733,#4284,.F.);
#2929=EDGE_CURVE('',#3734,#3733,#492,.T.);
#2930=EDGE_CURVE('',#3734,#3735,#1211,.T.);
#2931=EDGE_CURVE('',#3735,#3736,#493,.T.);
#2932=EDGE_CURVE('',#3736,#3728,#494,.T.);
#2933=EDGE_CURVE('',#3737,#3737,#4285,.T.);
#2934=EDGE_CURVE('',#3738,#3738,#4286,.T.);
#2935=EDGE_CURVE('',#3739,#3740,#495,.T.);
#2936=EDGE_CURVE('',#3740,#3741,#1212,.T.);
#2937=EDGE_CURVE('',#3741,#3742,#496,.T.);
#2938=EDGE_CURVE('',#3742,#3743,#4287,.F.);
#2939=EDGE_CURVE('',#3744,#3743,#497,.T.);
#2940=EDGE_CURVE('',#3744,#3745,#1213,.T.);
#2941=EDGE_CURVE('',#3745,#3746,#498,.T.);
#2942=EDGE_CURVE('',#3746,#3739,#499,.T.);
#2943=EDGE_CURVE('',#3747,#3748,#4288,.F.);
#2944=EDGE_CURVE('',#3748,#3749,#500,.F.);
#2945=EDGE_CURVE('',#3749,#3750,#501,.F.);
#2946=EDGE_CURVE('',#3750,#3751,#1214,.T.);
#2947=EDGE_CURVE('',#3751,#3752,#4289,.F.);
#2948=EDGE_CURVE('',#3752,#3753,#1215,.T.);
#2949=EDGE_CURVE('',#3753,#3754,#502,.T.);
#2950=EDGE_CURVE('',#3754,#3755,#503,.T.);
#2951=EDGE_CURVE('',#3755,#3756,#4290,.T.);
#2952=EDGE_CURVE('',#3756,#3757,#504,.F.);
#2953=EDGE_CURVE('',#3757,#3758,#1216,.T.);
#2954=EDGE_CURVE('',#3758,#3759,#4291,.F.);
#2955=EDGE_CURVE('',#3759,#3760,#1217,.T.);
#2956=EDGE_CURVE('',#3760,#3747,#505,.T.);
#2957=EDGE_CURVE('',#3761,#3761,#4292,.T.);
#2958=EDGE_CURVE('',#3762,#3719,#1218,.F.);
#2959=EDGE_CURVE('',#3763,#3762,#506,.F.);
#2960=EDGE_CURVE('',#3763,#3720,#1219,.T.);
#2961=EDGE_CURVE('',#3764,#3736,#1220,.T.);
#2962=EDGE_CURVE('',#3735,#3765,#1221,.T.);
#2963=EDGE_CURVE('',#3764,#3765,#507,.T.);
#2964=EDGE_CURVE('',#3718,#3760,#1222,.F.);
#2965=EDGE_CURVE('',#3747,#3717,#508,.T.);
#2966=EDGE_CURVE('',#3766,#3767,#509,.F.);
#2967=EDGE_CURVE('',#3767,#3768,#4293,.T.);
#2968=EDGE_CURVE('',#3768,#3769,#510,.F.);
#2969=EDGE_CURVE('',#3769,#3766,#4294,.F.);
#2970=EDGE_CURVE('',#3770,#3771,#511,.F.);
#2971=EDGE_CURVE('',#3771,#3772,#4295,.F.);
#2972=EDGE_CURVE('',#3772,#3773,#512,.F.);
#2973=EDGE_CURVE('',#3773,#3770,#4296,.T.);
#2974=EDGE_CURVE('',#3774,#3774,#4297,.T.);
#2975=EDGE_CURVE('',#3775,#3776,#4298,.T.);
#2976=EDGE_CURVE('',#3776,#3777,#513,.T.);
#2977=EDGE_CURVE('',#3777,#3778,#4299,.T.);
#2978=EDGE_CURVE('',#3779,#3778,#514,.T.);
#2979=EDGE_CURVE('',#3780,#3779,#4300,.T.);
#2980=EDGE_CURVE('',#3780,#3781,#515,.T.);
#2981=EDGE_CURVE('',#3781,#3782,#4301,.T.);
#2982=EDGE_CURVE('',#3775,#3782,#516,.T.);
#2983=EDGE_CURVE('',#3783,#3784,#517,.T.);
#2984=EDGE_CURVE('',#3783,#3785,#4302,.F.);
#2985=EDGE_CURVE('',#3785,#3786,#518,.T.);
#2986=EDGE_CURVE('',#3786,#3784,#4303,.T.);
#2987=EDGE_CURVE('',#3777,#3787,#519,.T.);
#2988=EDGE_CURVE('',#3788,#3787,#4304,.T.);
#2989=EDGE_CURVE('',#3778,#3788,#520,.T.);
#2990=EDGE_CURVE('',#3789,#3787,#521,.T.);
#2991=EDGE_CURVE('',#3789,#3790,#4305,.F.);
#2992=EDGE_CURVE('',#3790,#3788,#522,.T.);
#2993=EDGE_CURVE('',#3786,#3782,#523,.T.);
#2994=EDGE_CURVE('',#3784,#3781,#524,.T.);
#2995=EDGE_CURVE('',#3791,#3791,#4306,.F.);
#2996=EDGE_CURVE('',#3792,#3792,#4307,.F.);
#2997=EDGE_CURVE('',#3793,#3794,#4308,.T.);
#2998=EDGE_CURVE('',#3776,#3794,#525,.T.);
#2999=EDGE_CURVE('',#3795,#3775,#526,.T.);
#3000=EDGE_CURVE('',#3795,#3796,#4309,.T.);
#3001=EDGE_CURVE('',#3796,#3780,#527,.T.);
#3002=EDGE_CURVE('',#3779,#3793,#528,.T.);
#3003=EDGE_CURVE('',#3797,#3797,#4310,.T.);
#3004=EDGE_CURVE('',#3798,#3798,#4311,.F.);
#3005=EDGE_CURVE('',#3790,#3793,#1223,.T.);
#3006=EDGE_CURVE('',#3796,#3783,#1224,.T.);
#3007=EDGE_CURVE('',#3794,#3789,#1225,.T.);
#3008=EDGE_CURVE('',#3785,#3795,#1226,.T.);
#3009=EDGE_CURVE('',#3799,#3799,#4312,.F.);
#3010=EDGE_CURVE('',#3733,#3722,#529,.T.);
#3011=EDGE_CURVE('',#3721,#3734,#4313,.T.);
#3012=EDGE_CURVE('',#3800,#3801,#530,.T.);
#3013=EDGE_CURVE('',#3801,#3802,#531,.F.);
#3014=EDGE_CURVE('',#3802,#3803,#532,.T.);
#3015=EDGE_CURVE('',#3803,#3800,#4314,.T.);
#3016=EDGE_CURVE('',#3803,#3748,#1227,.T.);
#3017=EDGE_CURVE('',#3747,#3800,#1228,.T.);
#3018=EDGE_CURVE('',#3804,#3804,#4315,.F.);
#3019=EDGE_CURVE('',#3805,#3805,#4316,.F.);
#3020=EDGE_CURVE('',#3718,#3767,#1229,.T.);
#3021=EDGE_CURVE('',#3766,#3719,#1230,.T.);
#3022=EDGE_CURVE('',#3772,#3806,#1231,.T.);
#3023=EDGE_CURVE('',#3807,#3806,#533,.T.);
#3024=EDGE_CURVE('',#3807,#3773,#1232,.T.);
#3025=EDGE_CURVE('',#3768,#3739,#1233,.T.);
#3026=EDGE_CURVE('',#3746,#3769,#1234,.T.);
#3027=EDGE_CURVE('',#3808,#3808,#4317,.T.);
#3028=EDGE_CURVE('',#3809,#3809,#4318,.T.);
#3029=EDGE_CURVE('',#3810,#3766,#1235,.T.);
#3030=EDGE_CURVE('',#3762,#3810,#1236,.T.);
#3031=EDGE_CURVE('',#3811,#3769,#1237,.F.);
#3032=EDGE_CURVE('',#3810,#3811,#4319,.T.);
#3033=EDGE_CURVE('',#3812,#3746,#1238,.T.);
#3034=EDGE_CURVE('',#3811,#3812,#1239,.T.);
#3035=EDGE_CURVE('',#3736,#3771,#1240,.T.);
#3036=EDGE_CURVE('',#3770,#3728,#1241,.T.);
#3037=EDGE_CURVE('',#3723,#3801,#204,.T.);
#3038=EDGE_CURVE('',#3724,#3800,#1242,.F.);
#3039=EDGE_CURVE('',#3767,#3759,#1243,.T.);
#3040=EDGE_CURVE('',#3768,#3758,#1244,.F.);
#3041=EDGE_CURVE('',#3739,#3757,#1245,.T.);
#3042=EDGE_CURVE('',#3813,#3807,#534,.T.);
#3043=EDGE_CURVE('',#3754,#3813,#1246,.T.);
#3044=EDGE_CURVE('',#3773,#3752,#1247,.T.);
#3045=EDGE_CURVE('',#3770,#3751,#1248,.F.);
#3046=EDGE_CURVE('',#3749,#3727,#1249,.T.);
#3047=EDGE_CURVE('',#3729,#3748,#535,.F.);
#3048=EDGE_CURVE('',#3731,#3803,#1250,.T.);
#3049=EDGE_CURVE('',#3802,#3732,#205,.T.);
#3050=EDGE_CURVE('',#3814,#3806,#1251,.F.);
#3051=EDGE_CURVE('',#3815,#3772,#1252,.T.);
#3052=EDGE_CURVE('',#3814,#3815,#1253,.T.);
#3053=EDGE_CURVE('',#3816,#3771,#1254,.F.);
#3054=EDGE_CURVE('',#3815,#3816,#4320,.T.);
#3055=EDGE_CURVE('',#3816,#3764,#1255,.T.);
#3056=EDGE_CURVE('',#3765,#3763,#4321,.F.);
#3057=EDGE_CURVE('',#3817,#3818,#536,.T.);
#3058=EDGE_CURVE('',#3818,#3819,#537,.T.);
#3059=EDGE_CURVE('',#3819,#3820,#538,.T.);
#3060=EDGE_CURVE('',#3820,#3817,#4322,.F.);
#3061=EDGE_CURVE('',#3821,#3821,#4323,.T.);
#3062=EDGE_CURVE('',#3822,#3822,#4324,.T.);
#3063=EDGE_CURVE('',#3823,#3823,#4325,.F.);
#3064=EDGE_CURVE('',#3824,#3824,#4326,.F.);
#3065=EDGE_CURVE('',#3825,#3825,#4327,.T.);
#3066=EDGE_CURVE('',#3826,#3826,#4328,.T.);
#3067=EDGE_CURVE('',#3827,#3828,#539,.T.);
#3068=EDGE_CURVE('',#3827,#3818,#206,.F.);
#3069=EDGE_CURVE('',#3828,#3817,#1256,.F.);
#3070=EDGE_CURVE('',#3755,#3817,#1257,.T.);
#3071=EDGE_CURVE('',#3820,#3756,#1258,.T.);
#3072=EDGE_CURVE('',#3743,#3829,#540,.F.);
#3073=EDGE_CURVE('',#3829,#3830,#541,.T.);
#3074=EDGE_CURVE('',#3830,#3744,#4329,.F.);
#3075=EDGE_CURVE('',#3829,#3827,#4330,.F.);
#3076=EDGE_CURVE('',#3819,#3742,#207,.F.);
#3077=EDGE_CURVE('',#3741,#3820,#1259,.T.);
#3078=EDGE_CURVE('',#3740,#3756,#1260,.F.);
#3079=EDGE_CURVE('',#3755,#3831,#542,.T.);
#3080=EDGE_CURVE('',#3832,#3831,#1261,.T.);
#3081=EDGE_CURVE('',#3828,#3832,#1262,.T.);
#3082=EDGE_CURVE('',#3833,#3834,#1263,.T.);
#3083=EDGE_CURVE('',#3835,#3833,#4331,.T.);
#3084=EDGE_CURVE('',#3745,#3835,#1264,.T.);
#3085=EDGE_CURVE('',#3834,#3830,#1265,.T.);
#3086=EDGE_CURVE('',#3806,#3834,#543,.T.);
#3087=EDGE_CURVE('',#3833,#3814,#544,.F.);
#3088=EDGE_CURVE('',#3812,#3835,#545,.T.);
#3089=EDGE_CURVE('',#3831,#3813,#546,.T.);
#3090=EDGE_CURVE('',#3836,#3836,#4332,.F.);
#3091=EDGE_CURVE('',#3837,#3837,#4333,.T.);
#3092=EDGE_CURVE('',#3838,#3838,#4334,.T.);
#3093=EDGE_CURVE('',#3839,#3839,#4335,.T.);
#3094=EDGE_CURVE('',#3840,#3840,#4336,.T.);
#3095=EDGE_CURVE('',#3841,#3841,#4337,.T.);
#3096=EDGE_CURVE('',#3842,#3842,#4338,.T.);
#3097=EDGE_CURVE('',#3843,#3843,#4339,.T.);
#3098=EDGE_CURVE('',#3844,#3844,#4340,.T.);
#3099=EDGE_CURVE('',#3845,#3845,#4341,.T.);
#3100=EDGE_CURVE('',#3846,#3847,#547,.T.);
#3101=EDGE_CURVE('',#3847,#3848,#548,.T.);
#3102=EDGE_CURVE('',#3848,#3849,#549,.F.);
#3103=EDGE_CURVE('',#3849,#3850,#550,.T.);
#3104=EDGE_CURVE('',#3850,#3851,#551,.T.);
#3105=EDGE_CURVE('',#3851,#3852,#552,.T.);
#3106=EDGE_CURVE('',#3852,#3853,#553,.T.);
#3107=EDGE_CURVE('',#3853,#3854,#554,.T.);
#3108=EDGE_CURVE('',#3854,#3855,#555,.F.);
#3109=EDGE_CURVE('',#3855,#3856,#556,.T.);
#3110=EDGE_CURVE('',#3856,#3857,#557,.T.);
#3111=EDGE_CURVE('',#3857,#3846,#558,.T.);
#3112=EDGE_CURVE('',#3858,#3858,#4342,.F.);
#3113=EDGE_CURVE('',#3859,#3860,#559,.T.);
#3114=EDGE_CURVE('',#3860,#3861,#4343,.T.);
#3115=EDGE_CURVE('',#3861,#3862,#560,.T.);
#3116=EDGE_CURVE('',#3862,#3859,#4344,.T.);
#3117=EDGE_CURVE('',#3863,#3864,#4345,.T.);
#3118=EDGE_CURVE('',#3864,#3865,#561,.T.);
#3119=EDGE_CURVE('',#3865,#3866,#4346,.T.);
#3120=EDGE_CURVE('',#3866,#3863,#562,.T.);
#3121=EDGE_CURVE('',#3867,#3867,#4347,.T.);
#3122=EDGE_CURVE('',#3868,#3869,#563,.T.);
#3123=EDGE_CURVE('',#3869,#3870,#564,.T.);
#3124=EDGE_CURVE('',#3870,#3871,#565,.F.);
#3125=EDGE_CURVE('',#3871,#3872,#566,.T.);
#3126=EDGE_CURVE('',#3872,#3873,#567,.F.);
#3127=EDGE_CURVE('',#3873,#3874,#568,.T.);
#3128=EDGE_CURVE('',#3874,#3875,#569,.T.);
#3129=EDGE_CURVE('',#3875,#3876,#570,.T.);
#3130=EDGE_CURVE('',#3876,#3877,#571,.F.);
#3131=EDGE_CURVE('',#3877,#3878,#572,.T.);
#3132=EDGE_CURVE('',#3878,#3879,#573,.F.);
#3133=EDGE_CURVE('',#3879,#3868,#574,.T.);
#3134=EDGE_CURVE('',#3880,#3880,#4348,.T.);
#3135=EDGE_CURVE('',#3881,#3881,#4349,.T.);
#3136=EDGE_CURVE('',#3882,#3882,#4350,.F.);
#3137=EDGE_CURVE('',#3883,#3884,#575,.T.);
#3138=EDGE_CURVE('',#3884,#3885,#4351,.T.);
#3139=EDGE_CURVE('',#3885,#3886,#576,.T.);
#3140=EDGE_CURVE('',#3886,#3883,#4352,.F.);
#3141=EDGE_CURVE('',#3887,#3887,#4353,.F.);
#3142=EDGE_CURVE('',#3888,#3889,#577,.T.);
#3143=EDGE_CURVE('',#3889,#3890,#4354,.T.);
#3144=EDGE_CURVE('',#3890,#3891,#578,.T.);
#3145=EDGE_CURVE('',#3891,#3888,#4355,.F.);
#3146=EDGE_CURVE('',#3892,#3892,#4356,.T.);
#3147=EDGE_CURVE('',#3893,#3894,#579,.T.);
#3148=EDGE_CURVE('',#3894,#3895,#4357,.F.);
#3149=EDGE_CURVE('',#3895,#3896,#580,.T.);
#3150=EDGE_CURVE('',#3896,#3893,#4358,.T.);
#3151=EDGE_CURVE('',#3897,#3897,#4359,.F.);
#3152=EDGE_CURVE('',#3898,#3899,#581,.T.);
#3153=EDGE_CURVE('',#3899,#3900,#4360,.T.);
#3154=EDGE_CURVE('',#3900,#3901,#582,.T.);
#3155=EDGE_CURVE('',#3901,#3898,#4361,.F.);
#3156=EDGE_CURVE('',#3902,#3902,#4362,.T.);
#3157=EDGE_CURVE('',#3903,#3903,#4363,.T.);
#3158=EDGE_CURVE('',#3904,#3904,#4364,.T.);
#3159=EDGE_CURVE('',#3905,#3905,#4365,.F.);
#3160=EDGE_CURVE('',#3876,#3853,#4366,.F.);
#3161=EDGE_CURVE('',#3852,#3883,#208,.F.);
#3162=EDGE_CURVE('',#3886,#3877,#209,.T.);
#3163=EDGE_CURVE('',#3848,#3869,#4367,.F.);
#3164=EDGE_CURVE('',#3868,#3898,#210,.T.);
#3165=EDGE_CURVE('',#3901,#3849,#211,.F.);
#3166=EDGE_CURVE('',#3870,#3847,#4368,.F.);
#3167=EDGE_CURVE('',#3846,#3893,#212,.T.);
#3168=EDGE_CURVE('',#3896,#3871,#213,.F.);
#3169=EDGE_CURVE('',#3854,#3875,#4369,.F.);
#3170=EDGE_CURVE('',#3874,#3888,#214,.T.);
#3171=EDGE_CURVE('',#3891,#3855,#215,.F.);
#3172=EDGE_CURVE('',#3879,#3899,#583,.F.);
#3173=EDGE_CURVE('',#3900,#3850,#584,.T.);
#3174=EDGE_CURVE('',#3885,#3878,#585,.T.);
#3175=EDGE_CURVE('',#3851,#3884,#586,.F.);
#3176=EDGE_CURVE('',#3873,#3889,#587,.F.);
#3177=EDGE_CURVE('',#3895,#3872,#588,.T.);
#3178=EDGE_CURVE('',#3890,#3856,#589,.T.);
#3179=EDGE_CURVE('',#3857,#3894,#590,.F.);
#3180=EDGE_CURVE('',#3872,#3857,#4370,.T.);
#3181=EDGE_CURVE('',#3856,#3873,#4371,.F.);
#3182=EDGE_CURVE('',#3850,#3879,#4372,.F.);
#3183=EDGE_CURVE('',#3878,#3851,#4373,.F.);
#3184=EDGE_CURVE('',#3854,#3866,#591,.T.);
#3185=EDGE_CURVE('',#3863,#3853,#592,.T.);
#3186=EDGE_CURVE('',#3864,#3876,#593,.T.);
#3187=EDGE_CURVE('',#3875,#3865,#594,.T.);
#3188=EDGE_CURVE('',#3869,#3862,#595,.T.);
#3189=EDGE_CURVE('',#3859,#3848,#596,.T.);
#3190=EDGE_CURVE('',#3860,#3847,#597,.T.);
#3191=EDGE_CURVE('',#3870,#3861,#598,.T.);
#3192=EDGE_CURVE('',#3906,#3906,#4374,.F.);
#3193=EDGE_CURVE('',#3907,#3907,#4375,.F.);
#3194=EDGE_CURVE('',#3908,#3909,#599,.T.);
#3195=EDGE_CURVE('',#3909,#3910,#4376,.T.);
#3196=EDGE_CURVE('',#3910,#3911,#600,.T.);
#3197=EDGE_CURVE('',#3911,#3908,#4377,.T.);
#3198=EDGE_CURVE('',#3912,#3913,#601,.F.);
#3199=EDGE_CURVE('',#3913,#3914,#602,.T.);
#3200=EDGE_CURVE('',#3915,#3914,#603,.T.);
#3201=EDGE_CURVE('',#3915,#3916,#604,.T.);
#3202=EDGE_CURVE('',#3916,#3917,#605,.T.);
#3203=EDGE_CURVE('',#3917,#3912,#606,.F.);
#3204=EDGE_CURVE('',#3918,#3918,#4378,.F.);
#3205=EDGE_CURVE('',#3919,#3919,#4379,.T.);
#3206=EDGE_CURVE('',#3914,#3920,#4380,.F.);
#3207=EDGE_CURVE('',#3921,#3920,#607,.T.);
#3208=EDGE_CURVE('',#3921,#3915,#4381,.F.);
#3209=EDGE_CURVE('',#3922,#3912,#608,.T.);
#3210=EDGE_CURVE('',#3917,#3923,#609,.T.);
#3211=EDGE_CURVE('',#3922,#3923,#610,.T.);
#3212=EDGE_CURVE('',#3920,#3924,#611,.T.);
#3213=EDGE_CURVE('',#3924,#3925,#612,.T.);
#3214=EDGE_CURVE('',#3925,#3926,#613,.F.);
#3215=EDGE_CURVE('',#3927,#3926,#614,.T.);
#3216=EDGE_CURVE('',#3927,#3921,#615,.T.);
#3217=EDGE_CURVE('',#3926,#3917,#4382,.T.);
#3218=EDGE_CURVE('',#3916,#3927,#4383,.F.);
#3219=EDGE_CURVE('',#3928,#3928,#4384,.T.);
#3220=EDGE_CURVE('',#3929,#3929,#4385,.F.);
#3221=EDGE_CURVE('',#3930,#3930,#4386,.T.);
#3222=EDGE_CURVE('',#3931,#3932,#616,.T.);
#3223=EDGE_CURVE('',#3932,#3922,#4387,.F.);
#3224=EDGE_CURVE('',#3923,#3931,#4388,.F.);
#3225=EDGE_CURVE('',#3927,#3911,#617,.T.);
#3226=EDGE_CURVE('',#3908,#3916,#618,.T.);
#3227=EDGE_CURVE('',#3909,#3915,#619,.T.);
#3228=EDGE_CURVE('',#3921,#3910,#620,.T.);
#3229=EDGE_CURVE('',#3931,#3926,#621,.T.);
#3230=EDGE_CURVE('',#3925,#3932,#622,.F.);
#3231=EDGE_CURVE('',#3933,#3933,#4389,.F.);
#3232=EDGE_CURVE('',#3934,#3935,#623,.T.);
#3233=EDGE_CURVE('',#3936,#3935,#4390,.T.);
#3234=EDGE_CURVE('',#3936,#3937,#624,.T.);
#3235=EDGE_CURVE('',#3937,#3934,#4391,.T.);
#3236=EDGE_CURVE('',#3912,#3925,#4392,.T.);
#3237=EDGE_CURVE('',#3924,#3936,#216,.T.);
#3238=EDGE_CURVE('',#3935,#3913,#217,.T.);
#3239=EDGE_CURVE('',#3914,#3934,#625,.T.);
#3240=EDGE_CURVE('',#3920,#3937,#626,.T.);
#3241=EDGE_CURVE('',#3938,#3938,#4393,.T.);
#3242=EDGE_CURVE('',#3939,#3939,#4394,.T.);
#3243=EDGE_CURVE('',#3940,#3940,#4395,.F.);
#3244=EDGE_CURVE('',#3941,#3941,#4396,.T.);
#3245=EDGE_CURVE('',#3942,#3942,#4397,.T.);
#3246=EDGE_CURVE('',#3943,#3943,#4398,.T.);
#3247=EDGE_CURVE('',#3944,#3944,#4399,.T.);
#3248=EDGE_CURVE('',#3945,#3945,#4400,.F.);
#3249=EDGE_CURVE('',#3946,#3946,#4401,.F.);
#3250=EDGE_CURVE('',#3947,#3947,#4402,.T.);
#3251=EDGE_CURVE('',#3948,#3948,#4403,.T.);
#3252=EDGE_CURVE('',#3949,#3949,#4404,.T.);
#3253=EDGE_CURVE('',#3950,#3950,#4405,.T.);
#3254=EDGE_CURVE('',#3951,#3951,#4406,.T.);
#3255=EDGE_CURVE('',#3952,#3953,#1266,.T.);
#3256=EDGE_CURVE('',#3954,#3952,#627,.T.);
#3257=EDGE_CURVE('',#3955,#3954,#1267,.T.);
#3258=EDGE_CURVE('',#3955,#3953,#628,.T.);
#3259=EDGE_CURVE('',#3953,#3956,#1268,.T.);
#3260=EDGE_CURVE('',#3957,#3955,#1269,.T.);
#3261=EDGE_CURVE('',#3957,#3956,#629,.T.);
#3262=EDGE_CURVE('',#3956,#3958,#1270,.T.);
#3263=EDGE_CURVE('',#3959,#3957,#1271,.T.);
#3264=EDGE_CURVE('',#3959,#3958,#630,.T.);
#3265=EDGE_CURVE('',#3958,#3960,#1272,.T.);
#3266=EDGE_CURVE('',#3961,#3959,#1273,.T.);
#3267=EDGE_CURVE('',#3961,#3960,#631,.T.);
#3268=EDGE_CURVE('',#3960,#3962,#1274,.T.);
#3269=EDGE_CURVE('',#3963,#3961,#1275,.T.);
#3270=EDGE_CURVE('',#3963,#3962,#632,.T.);
#3271=EDGE_CURVE('',#3962,#3952,#1276,.T.);
#3272=EDGE_CURVE('',#3954,#3963,#1277,.T.);
#3273=EDGE_CURVE('',#3964,#3964,#4407,.T.);
#3274=EDGE_CURVE('',#3965,#3965,#4408,.T.);
#3275=EDGE_CURVE('',#3966,#3966,#4409,.T.);
#3276=EDGE_CURVE('',#3967,#3967,#4410,.T.);
#3277=EDGE_CURVE('',#3968,#3968,#4411,.T.);
#3278=EDGE_CURVE('',#3969,#3969,#4412,.T.);
#3279=EDGE_CURVE('',#3970,#3970,#4413,.T.);
#3280=EDGE_CURVE('',#3971,#3971,#4414,.T.);
#3281=EDGE_CURVE('',#3972,#3972,#4415,.T.);
#3282=EDGE_CURVE('',#3973,#3973,#4416,.T.);
#3283=EDGE_CURVE('',#3974,#3974,#4417,.T.);
#3284=EDGE_CURVE('',#3975,#3975,#4418,.T.);
#3285=EDGE_CURVE('',#3976,#3976,#4419,.T.);
#3286=EDGE_CURVE('',#3977,#3977,#4420,.T.);
#3287=EDGE_CURVE('',#3978,#3978,#4421,.T.);
#3288=EDGE_CURVE('',#3979,#3979,#4422,.T.);
#3289=EDGE_CURVE('',#3980,#3980,#4423,.T.);
#3290=EDGE_CURVE('',#3981,#3981,#4424,.T.);
#3291=EDGE_CURVE('',#3982,#3982,#4425,.T.);
#3292=EDGE_CURVE('',#3983,#3983,#4426,.T.);
#3293=EDGE_CURVE('',#3984,#3984,#4427,.T.);
#3294=EDGE_CURVE('',#3985,#3985,#4428,.T.);
#3295=EDGE_CURVE('',#3986,#3986,#4429,.T.);
#3296=EDGE_CURVE('',#3987,#3987,#4430,.T.);
#3297=EDGE_CURVE('',#3988,#3988,#4431,.T.);
#3298=EDGE_CURVE('',#3989,#3989,#4432,.T.);
#3299=EDGE_CURVE('',#3990,#3990,#4433,.T.);
#3300=EDGE_CURVE('',#3991,#3991,#4434,.T.);
#3301=EDGE_CURVE('',#3992,#3992,#4435,.T.);
#3302=EDGE_CURVE('',#3993,#3993,#4436,.T.);
#3303=EDGE_CURVE('',#3994,#3994,#4437,.T.);
#3304=EDGE_CURVE('',#3995,#3995,#4438,.T.);
#3305=EDGE_CURVE('',#3996,#3996,#4439,.T.);
#3306=EDGE_CURVE('',#3997,#3997,#4440,.F.);
#3307=EDGE_CURVE('',#3998,#3998,#4441,.T.);
#3308=EDGE_CURVE('',#3999,#3999,#4442,.T.);
#3309=EDGE_CURVE('',#4000,#4000,#4443,.T.);
#3310=EDGE_CURVE('',#4001,#4001,#4444,.T.);
#3311=EDGE_CURVE('',#4002,#4002,#4445,.T.);
#3312=EDGE_CURVE('',#4003,#4003,#4446,.T.);
#3313=EDGE_CURVE('',#4004,#4004,#4447,.T.);
#3314=EDGE_CURVE('',#4005,#4005,#4448,.F.);
#3315=EDGE_CURVE('',#4006,#4007,#633,.T.);
#3316=EDGE_CURVE('',#4006,#4008,#634,.T.);
#3317=EDGE_CURVE('',#4008,#4009,#1278,.T.);
#3318=EDGE_CURVE('',#4009,#4010,#635,.T.);
#3319=EDGE_CURVE('',#4010,#4011,#636,.T.);
#3320=EDGE_CURVE('',#4011,#4012,#637,.F.);
#3321=EDGE_CURVE('',#4012,#4013,#638,.T.);
#3322=EDGE_CURVE('',#4013,#4014,#639,.T.);
#3323=EDGE_CURVE('',#4014,#4007,#640,.T.);
#3324=EDGE_CURVE('',#4015,#4016,#1279,.T.);
#3325=EDGE_CURVE('',#4016,#4017,#641,.T.);
#3326=EDGE_CURVE('',#4017,#4018,#642,.T.);
#3327=EDGE_CURVE('',#4018,#4019,#643,.T.);
#3328=EDGE_CURVE('',#4020,#4019,#644,.T.);
#3329=EDGE_CURVE('',#4020,#4021,#645,.T.);
#3330=EDGE_CURVE('',#4021,#4015,#646,.F.);
#3331=EDGE_CURVE('',#4017,#4006,#4449,.T.);
#3332=EDGE_CURVE('',#4007,#4018,#4450,.F.);
#3333=EDGE_CURVE('',#4022,#4023,#647,.T.);
#3334=EDGE_CURVE('',#4022,#4021,#648,.T.);
#3335=EDGE_CURVE('',#4023,#4020,#649,.T.);
#3336=EDGE_CURVE('',#4010,#4024,#650,.F.);
#3337=EDGE_CURVE('',#4025,#4024,#651,.T.);
#3338=EDGE_CURVE('',#4011,#4025,#652,.T.);
#3339=EDGE_CURVE('',#4026,#4027,#653,.T.);
#3340=EDGE_CURVE('',#4026,#4028,#654,.T.);
#3341=EDGE_CURVE('',#4028,#4029,#655,.T.);
#3342=EDGE_CURVE('',#4029,#4030,#656,.T.);
#3343=EDGE_CURVE('',#4030,#4031,#657,.T.);
#3344=EDGE_CURVE('',#4031,#4027,#658,.T.);
#3345=EDGE_CURVE('',#4013,#4026,#4451,.T.);
#3346=EDGE_CURVE('',#4027,#4014,#4452,.F.);
#3347=EDGE_CURVE('',#4019,#4031,#4453,.F.);
#3348=EDGE_CURVE('',#4030,#4020,#4454,.T.);
#3349=EDGE_CURVE('',#4024,#4032,#4455,.F.);
#3350=EDGE_CURVE('',#4032,#4033,#659,.T.);
#3351=EDGE_CURVE('',#4033,#4022,#4456,.F.);
#3352=EDGE_CURVE('',#4023,#4034,#4457,.F.);
#3353=EDGE_CURVE('',#4034,#4035,#660,.T.);
#3354=EDGE_CURVE('',#4035,#4036,#4458,.F.);
#3355=EDGE_CURVE('',#4036,#4037,#661,.T.);
#3356=EDGE_CURVE('',#4037,#4025,#4459,.F.);
#3357=EDGE_CURVE('',#4038,#4038,#4460,.T.);
#3358=EDGE_CURVE('',#4039,#4040,#4461,.T.);
#3359=EDGE_CURVE('',#4040,#4041,#662,.T.);
#3360=EDGE_CURVE('',#4041,#4042,#4462,.T.);
#3361=EDGE_CURVE('',#4042,#4043,#663,.T.);
#3362=EDGE_CURVE('',#4043,#4044,#4463,.T.);
#3363=EDGE_CURVE('',#4044,#4039,#664,.T.);
#3364=EDGE_CURVE('',#4045,#4045,#4464,.F.);
#3365=EDGE_CURVE('',#4046,#4046,#4465,.F.);
#3366=EDGE_CURVE('',#4047,#4047,#4466,.F.);
#3367=EDGE_CURVE('',#4048,#4048,#4467,.F.);
#3368=EDGE_CURVE('',#4049,#4049,#4468,.T.);
#3369=EDGE_CURVE('',#4050,#4050,#4469,.T.);
#3370=EDGE_CURVE('',#4051,#4051,#4470,.F.);
#3371=EDGE_CURVE('',#4052,#4052,#4471,.F.);
#3372=EDGE_CURVE('',#4053,#4053,#4472,.T.);
#3373=EDGE_CURVE('',#4054,#4055,#665,.F.);
#3374=EDGE_CURVE('',#4055,#4056,#666,.T.);
#3375=EDGE_CURVE('',#4056,#4057,#667,.T.);
#3376=EDGE_CURVE('',#4057,#4054,#668,.T.);
#3377=EDGE_CURVE('',#4058,#4058,#4473,.T.);
#3378=EDGE_CURVE('',#4059,#4060,#669,.T.);
#3379=EDGE_CURVE('',#4060,#4061,#4474,.T.);
#3380=EDGE_CURVE('',#4061,#4062,#670,.T.);
#3381=EDGE_CURVE('',#4062,#4063,#4475,.F.);
#3382=EDGE_CURVE('',#4063,#4064,#671,.T.);
#3383=EDGE_CURVE('',#4064,#4059,#4476,.T.);
#3384=EDGE_CURVE('',#4028,#4065,#218,.T.);
#3385=EDGE_CURVE('',#4065,#4055,#4477,.F.);
#3386=EDGE_CURVE('',#4054,#4029,#4478,.T.);
#3387=EDGE_CURVE('',#4056,#4066,#4479,.F.);
#3388=EDGE_CURVE('',#4066,#4012,#219,.T.);
#3389=EDGE_CURVE('',#4011,#4057,#4480,.T.);
#3390=EDGE_CURVE('',#4034,#4030,#672,.T.);
#3391=EDGE_CURVE('',#4057,#4037,#673,.T.);
#3392=EDGE_CURVE('',#4035,#4029,#674,.T.);
#3393=EDGE_CURVE('',#4054,#4036,#675,.T.);
#3394=EDGE_CURVE('',#4031,#4043,#676,.T.);
#3395=EDGE_CURVE('',#4044,#4019,#677,.T.);
#3396=EDGE_CURVE('',#4039,#4018,#678,.T.);
#3397=EDGE_CURVE('',#4027,#4042,#679,.T.);
#3398=EDGE_CURVE('',#4040,#4007,#680,.T.);
#3399=EDGE_CURVE('',#4014,#4041,#681,.T.);
#3400=EDGE_CURVE('',#4062,#4026,#682,.T.);
#3401=EDGE_CURVE('',#4061,#4065,#1280,.T.);
#3402=EDGE_CURVE('',#4063,#4013,#683,.T.);
#3403=EDGE_CURVE('',#4066,#4064,#1281,.T.);
#3404=EDGE_CURVE('',#4059,#4056,#684,.T.);
#3405=EDGE_CURVE('',#4060,#4055,#685,.T.);
#3406=EDGE_CURVE('',#4067,#4067,#4481,.T.);
#3407=EDGE_CURVE('',#4068,#4069,#4482,.F.);
#3408=EDGE_CURVE('',#4069,#4070,#686,.T.);
#3409=EDGE_CURVE('',#4070,#4071,#4483,.T.);
#3410=EDGE_CURVE('',#4071,#4072,#687,.T.);
#3411=EDGE_CURVE('',#4072,#4073,#4484,.T.);
#3412=EDGE_CURVE('',#4073,#4068,#688,.T.);
#3413=EDGE_CURVE('',#4074,#4075,#689,.F.);
#3414=EDGE_CURVE('',#4075,#4076,#690,.T.);
#3415=EDGE_CURVE('',#4076,#4077,#691,.T.);
#3416=EDGE_CURVE('',#4077,#4074,#692,.T.);
#3417=EDGE_CURVE('',#4009,#4075,#4485,.F.);
#3418=EDGE_CURVE('',#4074,#4010,#4486,.T.);
#3419=EDGE_CURVE('',#4076,#4015,#4487,.F.);
#3420=EDGE_CURVE('',#4021,#4077,#4488,.T.);
#3421=EDGE_CURVE('',#4077,#4033,#693,.T.);
#3422=EDGE_CURVE('',#4074,#4032,#694,.T.);
#3423=EDGE_CURVE('',#4008,#4073,#1282,.T.);
#3424=EDGE_CURVE('',#4075,#4072,#695,.T.);
#3425=EDGE_CURVE('',#4076,#4071,#696,.T.);
#3426=EDGE_CURVE('',#4070,#4016,#1283,.T.);
#3427=EDGE_CURVE('',#4068,#4006,#697,.T.);
#3428=EDGE_CURVE('',#4069,#4017,#698,.T.);
#3429=EDGE_CURVE('',#4078,#4079,#699,.T.);
#3430=EDGE_CURVE('',#4079,#4080,#700,.T.);
#3431=EDGE_CURVE('',#4080,#4081,#701,.T.);
#3432=EDGE_CURVE('',#4081,#4082,#702,.T.);
#3433=EDGE_CURVE('',#4083,#4082,#703,.T.);
#3434=EDGE_CURVE('',#4083,#4078,#704,.T.);
#3435=EDGE_CURVE('',#4084,#4084,#4489,.T.);
#3436=EDGE_CURVE('',#4085,#4085,#4490,.F.);
#3437=EDGE_CURVE('',#4086,#4087,#705,.F.);
#3438=EDGE_CURVE('',#4087,#4088,#706,.T.);
#3439=EDGE_CURVE('',#4089,#4088,#707,.T.);
#3440=EDGE_CURVE('',#4089,#4090,#708,.T.);
#3441=EDGE_CURVE('',#4090,#4091,#709,.T.);
#3442=EDGE_CURVE('',#4091,#4092,#710,.T.);
#3443=EDGE_CURVE('',#4092,#4093,#711,.T.);
#3444=EDGE_CURVE('',#4093,#4086,#712,.T.);
#3445=EDGE_CURVE('',#4094,#4095,#713,.F.);
#3446=EDGE_CURVE('',#4095,#4096,#714,.T.);
#3447=EDGE_CURVE('',#4097,#4096,#715,.T.);
#3448=EDGE_CURVE('',#4097,#4098,#716,.T.);
#3449=EDGE_CURVE('',#4098,#4099,#717,.T.);
#3450=EDGE_CURVE('',#4099,#4094,#718,.T.);
#3451=EDGE_CURVE('',#4096,#4091,#4491,.T.);
#3452=EDGE_CURVE('',#4090,#4097,#4492,.T.);
#3453=EDGE_CURVE('',#4100,#4100,#4493,.F.);
#3454=EDGE_CURVE('',#4101,#4102,#719,.T.);
#3455=EDGE_CURVE('',#4102,#4103,#4494,.T.);
#3456=EDGE_CURVE('',#4103,#4104,#720,.T.);
#3457=EDGE_CURVE('',#4104,#4105,#4495,.T.);
#3458=EDGE_CURVE('',#4105,#4106,#721,.T.);
#3459=EDGE_CURVE('',#4106,#4107,#4496,.T.);
#3460=EDGE_CURVE('',#4107,#4108,#722,.T.);
#3461=EDGE_CURVE('',#4108,#4109,#4497,.T.);
#3462=EDGE_CURVE('',#4109,#4110,#723,.T.);
#3463=EDGE_CURVE('',#4110,#4101,#4498,.T.);
#3464=EDGE_CURVE('',#4088,#4079,#4499,.F.);
#3465=EDGE_CURVE('',#4078,#4089,#4500,.T.);
#3466=EDGE_CURVE('',#4098,#4083,#4501,.T.);
#3467=EDGE_CURVE('',#4082,#4099,#4502,.F.);
#3468=EDGE_CURVE('',#4111,#4111,#4503,.T.);
#3469=EDGE_CURVE('',#4112,#4112,#4504,.T.);
#3470=EDGE_CURVE('',#4113,#4113,#4505,.T.);
#3471=EDGE_CURVE('',#4114,#4115,#4506,.F.);
#3472=EDGE_CURVE('',#4115,#4116,#724,.T.);
#3473=EDGE_CURVE('',#4116,#4117,#4507,.F.);
#3474=EDGE_CURVE('',#4117,#4118,#725,.T.);
#3475=EDGE_CURVE('',#4118,#4119,#4508,.F.);
#3476=EDGE_CURVE('',#4119,#4114,#726,.T.);
#3477=EDGE_CURVE('',#4120,#4120,#4509,.F.);
#3478=EDGE_CURVE('',#4121,#4121,#4510,.F.);
#3479=EDGE_CURVE('',#4122,#4122,#4511,.F.);
#3480=EDGE_CURVE('',#4123,#4123,#4512,.T.);
#3481=EDGE_CURVE('',#4124,#4125,#727,.F.);
#3482=EDGE_CURVE('',#4125,#4126,#728,.T.);
#3483=EDGE_CURVE('',#4126,#4127,#729,.T.);
#3484=EDGE_CURVE('',#4127,#4124,#730,.T.);
#3485=EDGE_CURVE('',#4128,#4128,#4513,.T.);
#3486=EDGE_CURVE('',#4129,#4130,#731,.T.);
#3487=EDGE_CURVE('',#4130,#4131,#4514,.T.);
#3488=EDGE_CURVE('',#4131,#4132,#732,.T.);
#3489=EDGE_CURVE('',#4132,#4133,#4515,.T.);
#3490=EDGE_CURVE('',#4133,#4134,#733,.T.);
#3491=EDGE_CURVE('',#4134,#4129,#4516,.F.);
#3492=EDGE_CURVE('',#4135,#4136,#734,.F.);
#3493=EDGE_CURVE('',#4136,#4137,#735,.T.);
#3494=EDGE_CURVE('',#4137,#4138,#736,.T.);
#3495=EDGE_CURVE('',#4138,#4135,#737,.T.);
#3496=EDGE_CURVE('',#4139,#4139,#4517,.F.);
#3497=EDGE_CURVE('',#4140,#4141,#738,.T.);
#3498=EDGE_CURVE('',#4141,#4142,#4518,.F.);
#3499=EDGE_CURVE('',#4142,#4143,#739,.T.);
#3500=EDGE_CURVE('',#4143,#4144,#4519,.F.);
#3501=EDGE_CURVE('',#4144,#4145,#740,.T.);
#3502=EDGE_CURVE('',#4145,#4140,#4520,.T.);
#3503=EDGE_CURVE('',#4080,#4146,#220,.F.);
#3504=EDGE_CURVE('',#4146,#4136,#4521,.T.);
#3505=EDGE_CURVE('',#4135,#4081,#4522,.F.);
#3506=EDGE_CURVE('',#4092,#4147,#221,.T.);
#3507=EDGE_CURVE('',#4147,#4125,#4523,.F.);
#3508=EDGE_CURVE('',#4124,#4093,#4524,.F.);
#3509=EDGE_CURVE('',#4126,#4148,#4525,.F.);
#3510=EDGE_CURVE('',#4148,#4095,#222,.T.);
#3511=EDGE_CURVE('',#4094,#4127,#4526,.F.);
#3512=EDGE_CURVE('',#4137,#4149,#4527,.T.);
#3513=EDGE_CURVE('',#4149,#4087,#223,.F.);
#3514=EDGE_CURVE('',#4086,#4138,#4528,.F.);
#3515=EDGE_CURVE('',#4094,#4107,#741,.T.);
#3516=EDGE_CURVE('',#4108,#4099,#742,.T.);
#3517=EDGE_CURVE('',#4109,#4082,#743,.T.);
#3518=EDGE_CURVE('',#4127,#4106,#744,.T.);
#3519=EDGE_CURVE('',#4110,#4081,#745,.T.);
#3520=EDGE_CURVE('',#4124,#4105,#746,.T.);
#3521=EDGE_CURVE('',#4101,#4135,#747,.T.);
#3522=EDGE_CURVE('',#4093,#4104,#748,.T.);
#3523=EDGE_CURVE('',#4102,#4138,#749,.T.);
#3524=EDGE_CURVE('',#4086,#4103,#750,.T.);
#3525=EDGE_CURVE('',#4083,#4118,#751,.T.);
#3526=EDGE_CURVE('',#4119,#4098,#752,.T.);
#3527=EDGE_CURVE('',#4114,#4097,#753,.T.);
#3528=EDGE_CURVE('',#4078,#4117,#754,.T.);
#3529=EDGE_CURVE('',#4115,#4090,#755,.T.);
#3530=EDGE_CURVE('',#4089,#4116,#756,.T.);
#3531=EDGE_CURVE('',#4134,#4091,#757,.T.);
#3532=EDGE_CURVE('',#4133,#4147,#1284,.T.);
#3533=EDGE_CURVE('',#4129,#4096,#758,.T.);
#3534=EDGE_CURVE('',#4148,#4130,#1285,.T.);
#3535=EDGE_CURVE('',#4145,#4079,#759,.T.);
#3536=EDGE_CURVE('',#4144,#4146,#1286,.T.);
#3537=EDGE_CURVE('',#4140,#4088,#760,.T.);
#3538=EDGE_CURVE('',#4149,#4141,#1287,.T.);
#3539=EDGE_CURVE('',#4136,#4143,#761,.T.);
#3540=EDGE_CURVE('',#4137,#4142,#762,.T.);
#3541=EDGE_CURVE('',#4125,#4132,#763,.T.);
#3542=EDGE_CURVE('',#4126,#4131,#764,.T.);
#3543=EDGE_CURVE('',#4150,#4151,#765,.F.);
#3544=EDGE_CURVE('',#4151,#4152,#766,.T.);
#3545=EDGE_CURVE('',#4152,#4153,#767,.T.);
#3546=EDGE_CURVE('',#4153,#4154,#768,.T.);
#3547=EDGE_CURVE('',#4155,#4154,#769,.T.);
#3548=EDGE_CURVE('',#4155,#4150,#770,.T.);
#3549=EDGE_CURVE('',#4152,#4156,#4529,.F.);
#3550=EDGE_CURVE('',#4156,#4157,#771,.T.);
#3551=EDGE_CURVE('',#4157,#4153,#4530,.F.);
#3552=EDGE_CURVE('',#4158,#4159,#772,.T.);
#3553=EDGE_CURVE('',#4159,#4160,#4531,.F.);
#3554=EDGE_CURVE('',#4160,#4161,#773,.T.);
#3555=EDGE_CURVE('',#4161,#4158,#4532,.F.);
#3556=EDGE_CURVE('',#4162,#4162,#4533,.T.);
#3557=EDGE_CURVE('',#4163,#4163,#4534,.T.);
#3558=EDGE_CURVE('',#4164,#4164,#4535,.T.);
#3559=EDGE_CURVE('',#4156,#4165,#774,.T.);
#3560=EDGE_CURVE('',#4165,#4166,#775,.T.);
#3561=EDGE_CURVE('',#4166,#4167,#776,.T.);
#3562=EDGE_CURVE('',#4167,#4168,#777,.T.);
#3563=EDGE_CURVE('',#4168,#4157,#778,.T.);
#3564=EDGE_CURVE('',#4154,#4168,#4536,.F.);
#3565=EDGE_CURVE('',#4167,#4155,#4537,.T.);
#3566=EDGE_CURVE('',#4169,#4170,#779,.T.);
#3567=EDGE_CURVE('',#4170,#4171,#4538,.T.);
#3568=EDGE_CURVE('',#4171,#4172,#780,.T.);
#3569=EDGE_CURVE('',#4172,#4169,#4539,.T.);
#3570=EDGE_CURVE('',#4173,#4173,#4540,.F.);
#3571=EDGE_CURVE('',#4174,#4174,#4541,.F.);
#3572=EDGE_CURVE('',#4175,#4175,#4542,.T.);
#3573=EDGE_CURVE('',#4176,#4176,#4543,.F.);
#3574=EDGE_CURVE('',#4177,#4177,#4544,.F.);
#3575=EDGE_CURVE('',#4178,#4179,#781,.T.);
#3576=EDGE_CURVE('',#4179,#4180,#4545,.F.);
#3577=EDGE_CURVE('',#4180,#4181,#782,.T.);
#3578=EDGE_CURVE('',#4181,#4178,#4546,.T.);
#3579=EDGE_CURVE('',#4165,#4182,#224,.F.);
#3580=EDGE_CURVE('',#4182,#4183,#4547,.T.);
#3581=EDGE_CURVE('',#4183,#4151,#225,.F.);
#3582=EDGE_CURVE('',#4150,#4166,#4548,.T.);
#3583=EDGE_CURVE('',#4155,#4161,#783,.T.);
#3584=EDGE_CURVE('',#4158,#4167,#784,.T.);
#3585=EDGE_CURVE('',#4159,#4166,#785,.T.);
#3586=EDGE_CURVE('',#4150,#4160,#786,.T.);
#3587=EDGE_CURVE('',#4168,#4172,#787,.T.);
#3588=EDGE_CURVE('',#4169,#4154,#788,.T.);
#3589=EDGE_CURVE('',#4170,#4153,#789,.T.);
#3590=EDGE_CURVE('',#4157,#4171,#790,.T.);
#3591=EDGE_CURVE('',#4183,#4179,#1288,.T.);
#3592=EDGE_CURVE('',#4152,#4178,#791,.T.);
#3593=EDGE_CURVE('',#4156,#4181,#792,.T.);
#3594=EDGE_CURVE('',#4180,#4182,#1289,.T.);
#3595=EDGE_CURVE('',#4184,#4185,#793,.T.);
#3596=EDGE_CURVE('',#4186,#4184,#794,.T.);
#3597=EDGE_CURVE('',#4186,#4187,#795,.T.);
#3598=EDGE_CURVE('',#4187,#4185,#796,.T.);
#3599=EDGE_CURVE('',#4188,#4189,#797,.T.);
#3600=EDGE_CURVE('',#4190,#4188,#798,.T.);
#3601=EDGE_CURVE('',#4191,#4190,#799,.T.);
#3602=EDGE_CURVE('',#4191,#4192,#800,.T.);
#3603=EDGE_CURVE('',#4193,#4192,#801,.T.);
#3604=EDGE_CURVE('',#4185,#4193,#802,.T.);
#3605=EDGE_CURVE('',#4194,#4187,#803,.T.);
#3606=EDGE_CURVE('',#4195,#4194,#804,.T.);
#3607=EDGE_CURVE('',#4195,#4196,#805,.T.);
#3608=EDGE_CURVE('',#4196,#4197,#806,.T.);
#3609=EDGE_CURVE('',#4189,#4197,#807,.T.);
#3610=EDGE_CURVE('',#4198,#4199,#4549,.T.);
#3611=EDGE_CURVE('',#4199,#4200,#808,.T.);
#3612=EDGE_CURVE('',#4201,#4200,#4550,.T.);
#3613=EDGE_CURVE('',#4198,#4201,#809,.T.);
#3614=EDGE_CURVE('',#4202,#4201,#810,.T.);
#3615=EDGE_CURVE('',#4203,#4202,#811,.T.);
#3616=EDGE_CURVE('',#4203,#4198,#812,.T.);
#3617=EDGE_CURVE('',#4204,#4205,#813,.T.);
#3618=EDGE_CURVE('',#4204,#4203,#4551,.T.);
#3619=EDGE_CURVE('',#4205,#4202,#4552,.T.);
#3620=EDGE_CURVE('',#4206,#4206,#4553,.F.);
#3621=EDGE_CURVE('',#4207,#4207,#4554,.F.);
#3622=EDGE_CURVE('',#4204,#4208,#814,.T.);
#3623=EDGE_CURVE('',#4208,#4196,#815,.T.);
#3624=EDGE_CURVE('',#4195,#4209,#816,.T.);
#3625=EDGE_CURVE('',#4209,#4199,#817,.T.);
#3626=EDGE_CURVE('',#4210,#4210,#4555,.T.);
#3627=EDGE_CURVE('',#4211,#4211,#4556,.T.);
#3628=EDGE_CURVE('',#4212,#4200,#818,.T.);
#3629=EDGE_CURVE('',#4189,#4212,#819,.T.);
#3630=EDGE_CURVE('',#4213,#4197,#820,.T.);
#3631=EDGE_CURVE('',#4205,#4213,#821,.T.);
#3632=EDGE_CURVE('',#4209,#4212,#822,.T.);
#3633=EDGE_CURVE('',#4194,#4188,#823,.T.);
#3634=EDGE_CURVE('',#4208,#4213,#824,.T.);
#3635=EDGE_CURVE('',#4214,#4186,#825,.T.);
#3636=EDGE_CURVE('',#4214,#4215,#826,.T.);
#3637=EDGE_CURVE('',#4194,#4215,#827,.T.);
#3638=EDGE_CURVE('',#4216,#4217,#828,.T.);
#3639=EDGE_CURVE('',#4216,#4191,#829,.T.);
#3640=EDGE_CURVE('',#4217,#4190,#830,.T.);
#3641=EDGE_CURVE('',#4188,#4218,#831,.T.);
#3642=EDGE_CURVE('',#4219,#4218,#832,.T.);
#3643=EDGE_CURVE('',#4217,#4219,#833,.T.);
#3644=EDGE_CURVE('',#4214,#4219,#834,.T.);
#3645=EDGE_CURVE('',#4184,#4216,#835,.T.);
#3646=EDGE_CURVE('',#4192,#4216,#836,.T.);
#3647=EDGE_CURVE('',#4193,#4184,#837,.T.);
#3648=EDGE_CURVE('',#4215,#4218,#838,.T.);
#3649=EDGE_CURVE('',#4220,#4220,#4557,.T.);
#3650=EDGE_CURVE('',#4221,#4221,#4558,.T.);
#3651=EDGE_CURVE('',#4222,#4222,#4559,.T.);
#3652=EDGE_CURVE('',#4223,#4223,#4560,.T.);
#3653=EDGE_CURVE('',#4224,#4225,#1290,.T.);
#3654=EDGE_CURVE('',#4226,#4224,#839,.T.);
#3655=EDGE_CURVE('',#4227,#4226,#1291,.T.);
#3656=EDGE_CURVE('',#4227,#4225,#840,.T.);
#3657=EDGE_CURVE('',#4225,#4228,#1292,.T.);
#3658=EDGE_CURVE('',#4229,#4227,#1293,.T.);
#3659=EDGE_CURVE('',#4229,#4228,#841,.T.);
#3660=EDGE_CURVE('',#4228,#4230,#1294,.T.);
#3661=EDGE_CURVE('',#4231,#4229,#1295,.T.);
#3662=EDGE_CURVE('',#4231,#4230,#842,.T.);
#3663=EDGE_CURVE('',#4230,#4232,#1296,.T.);
#3664=EDGE_CURVE('',#4233,#4231,#1297,.T.);
#3665=EDGE_CURVE('',#4233,#4232,#843,.T.);
#3666=EDGE_CURVE('',#4232,#4234,#1298,.T.);
#3667=EDGE_CURVE('',#4235,#4233,#1299,.T.);
#3668=EDGE_CURVE('',#4235,#4234,#844,.T.);
#3669=EDGE_CURVE('',#4234,#4224,#1300,.T.);
#3670=EDGE_CURVE('',#4226,#4235,#1301,.T.);
#3671=EDGE_CURVE('',#4236,#4236,#4561,.T.);
#3672=EDGE_CURVE('',#4237,#4237,#4562,.T.);
#3673=EDGE_CURVE('',#4238,#4238,#4563,.T.);
#3674=EDGE_CURVE('',#4239,#4239,#4564,.T.);
#3675=EDGE_CURVE('',#4240,#4240,#4565,.T.);
#3676=EDGE_CURVE('',#4241,#4241,#4566,.T.);
#3677=EDGE_CURVE('',#4242,#4242,#4567,.T.);
#3678=EDGE_CURVE('',#4243,#4243,#4568,.T.);
#3679=EDGE_CURVE('',#4244,#4244,#4569,.T.);
#3680=EDGE_CURVE('',#4245,#4245,#4570,.T.);
#3681=EDGE_CURVE('',#4246,#4246,#4571,.T.);
#3682=EDGE_CURVE('',#4247,#4247,#4572,.T.);
#3683=EDGE_CURVE('',#4248,#4248,#4573,.T.);
#3684=EDGE_CURVE('',#4249,#4249,#4574,.T.);
#3685=EDGE_CURVE('',#4250,#4250,#4575,.T.);
#3686=EDGE_CURVE('',#4251,#4251,#4576,.T.);
#3687=EDGE_CURVE('',#4252,#4252,#4577,.T.);
#3688=EDGE_CURVE('',#4253,#4253,#4578,.T.);
#3689=EDGE_CURVE('',#4254,#4254,#4579,.T.);
#3690=EDGE_CURVE('',#4255,#4255,#4580,.T.);
#3691=EDGE_CURVE('',#4256,#4256,#4581,.T.);
#3692=EDGE_CURVE('',#4257,#4257,#4582,.T.);
#3693=EDGE_CURVE('',#4258,#4258,#4583,.T.);
#3694=EDGE_CURVE('',#4259,#4259,#4584,.T.);
#3695=EDGE_CURVE('',#4260,#4260,#4585,.T.);
#3696=EDGE_CURVE('',#4261,#4261,#4586,.T.);
#3697=EDGE_CURVE('',#4262,#4262,#4587,.T.);
#3698=EDGE_CURVE('',#4263,#4263,#4588,.T.);
#3699=EDGE_CURVE('',#4264,#4264,#4589,.T.);
#3700=EDGE_CURVE('',#4265,#4265,#4590,.T.);
#3701=EDGE_CURVE('',#4266,#4266,#4591,.T.);
#3702=EDGE_CURVE('',#4267,#4267,#4592,.T.);
#3703=EDGE_CURVE('',#4268,#4268,#4593,.T.);
#3704=EDGE_CURVE('',#4269,#4269,#4594,.T.);
#3705=EDGE_CURVE('',#4270,#4270,#4595,.T.);
#3706=EDGE_CURVE('',#4271,#4271,#4596,.T.);
#3707=EDGE_CURVE('',#4272,#4272,#4597,.T.);
#3708=EDGE_CURVE('',#4273,#4273,#4598,.T.);
#3709=EDGE_CURVE('',#4274,#4274,#4599,.T.);
#3710=EDGE_CURVE('',#4275,#4275,#4600,.T.);
#3711=EDGE_CURVE('',#4276,#4276,#4601,.T.);
#3712=EDGE_CURVE('',#4277,#4277,#4602,.T.);
#3713=EDGE_CURVE('',#4278,#4278,#4603,.T.);
#3714=VERTEX_POINT('',#9429);
#3715=VERTEX_POINT('',#9431);
#3716=VERTEX_POINT('',#9436);
#3717=VERTEX_POINT('',#9437);
#3718=VERTEX_POINT('',#9439);
#3719=VERTEX_POINT('',#9441);
#3720=VERTEX_POINT('',#9443);
#3721=VERTEX_POINT('',#9455);
#3722=VERTEX_POINT('',#9457);
#3723=VERTEX_POINT('',#9459);
#3724=VERTEX_POINT('',#9461);
#3725=VERTEX_POINT('',#9472);
#3726=VERTEX_POINT('',#9474);
#3727=VERTEX_POINT('',#9479);
#3728=VERTEX_POINT('',#9480);
#3729=VERTEX_POINT('',#9482);
#3730=VERTEX_POINT('',#9487);
#3731=VERTEX_POINT('',#9496);
#3732=VERTEX_POINT('',#9498);
#3733=VERTEX_POINT('',#9500);
#3734=VERTEX_POINT('',#9502);
#3735=VERTEX_POINT('',#9514);
#3736=VERTEX_POINT('',#9516);
#3737=VERTEX_POINT('',#9520);
#3738=VERTEX_POINT('',#9522);
#3739=VERTEX_POINT('',#9524);
#3740=VERTEX_POINT('',#9525);
#3741=VERTEX_POINT('',#9537);
#3742=VERTEX_POINT('',#9539);
#3743=VERTEX_POINT('',#9541);
#3744=VERTEX_POINT('',#9543);
#3745=VERTEX_POINT('',#9555);
#3746=VERTEX_POINT('',#9557);
#3747=VERTEX_POINT('',#9561);
#3748=VERTEX_POINT('',#9562);
#3749=VERTEX_POINT('',#9564);
#3750=VERTEX_POINT('',#9566);
#3751=VERTEX_POINT('',#9582);
#3752=VERTEX_POINT('',#9584);
#3753=VERTEX_POINT('',#9600);
#3754=VERTEX_POINT('',#9602);
#3755=VERTEX_POINT('',#9604);
#3756=VERTEX_POINT('',#9606);
#3757=VERTEX_POINT('',#9608);
#3758=VERTEX_POINT('',#9624);
#3759=VERTEX_POINT('',#9626);
#3760=VERTEX_POINT('',#9642);
#3761=VERTEX_POINT('',#9645);
#3762=VERTEX_POINT('',#9651);
#3763=VERTEX_POINT('',#9653);
#3764=VERTEX_POINT('',#9663);
#3765=VERTEX_POINT('',#9669);
#3766=VERTEX_POINT('',#9679);
#3767=VERTEX_POINT('',#9680);
#3768=VERTEX_POINT('',#9682);
#3769=VERTEX_POINT('',#9684);
#3770=VERTEX_POINT('',#9688);
#3771=VERTEX_POINT('',#9689);
#3772=VERTEX_POINT('',#9691);
#3773=VERTEX_POINT('',#9693);
#3774=VERTEX_POINT('',#9697);
#3775=VERTEX_POINT('',#9699);
#3776=VERTEX_POINT('',#9700);
#3777=VERTEX_POINT('',#9702);
#3778=VERTEX_POINT('',#9704);
#3779=VERTEX_POINT('',#9706);
#3780=VERTEX_POINT('',#9708);
#3781=VERTEX_POINT('',#9710);
#3782=VERTEX_POINT('',#9712);
#3783=VERTEX_POINT('',#9716);
#3784=VERTEX_POINT('',#9717);
#3785=VERTEX_POINT('',#9719);
#3786=VERTEX_POINT('',#9721);
#3787=VERTEX_POINT('',#9725);
#3788=VERTEX_POINT('',#9727);
#3789=VERTEX_POINT('',#9731);
#3790=VERTEX_POINT('',#9733);
#3791=VERTEX_POINT('',#9740);
#3792=VERTEX_POINT('',#9743);
#3793=VERTEX_POINT('',#9745);
#3794=VERTEX_POINT('',#9746);
#3795=VERTEX_POINT('',#9749);
#3796=VERTEX_POINT('',#9751);
#3797=VERTEX_POINT('',#9756);
#3798=VERTEX_POINT('',#9758);
#3799=VERTEX_POINT('',#9789);
#3800=VERTEX_POINT('',#9795);
#3801=VERTEX_POINT('',#9796);
#3802=VERTEX_POINT('',#9798);
#3803=VERTEX_POINT('',#9800);
#3804=VERTEX_POINT('',#9841);
#3805=VERTEX_POINT('',#9843);
#3806=VERTEX_POINT('',#9905);
#3807=VERTEX_POINT('',#9907);
#3808=VERTEX_POINT('',#9968);
#3809=VERTEX_POINT('',#9970);
#3810=VERTEX_POINT('',#9997);
#3811=VERTEX_POINT('',#10019);
#3812=VERTEX_POINT('',#10045);
#3813=VERTEX_POINT('',#10211);
#3814=VERTEX_POINT('',#10360);
#3815=VERTEX_POINT('',#10365);
#3816=VERTEX_POINT('',#10387);
#3817=VERTEX_POINT('',#10430);
#3818=VERTEX_POINT('',#10431);
#3819=VERTEX_POINT('',#10433);
#3820=VERTEX_POINT('',#10435);
#3821=VERTEX_POINT('',#10439);
#3822=VERTEX_POINT('',#10441);
#3823=VERTEX_POINT('',#10444);
#3824=VERTEX_POINT('',#10446);
#3825=VERTEX_POINT('',#10449);
#3826=VERTEX_POINT('',#10452);
#3827=VERTEX_POINT('',#10455);
#3828=VERTEX_POINT('',#10456);
#3829=VERTEX_POINT('',#10501);
#3830=VERTEX_POINT('',#10503);
#3831=VERTEX_POINT('',#10560);
#3832=VERTEX_POINT('',#10565);
#3833=VERTEX_POINT('',#10579);
#3834=VERTEX_POINT('',#10580);
#3835=VERTEX_POINT('',#10582);
#3836=VERTEX_POINT('',#10613);
#3837=VERTEX_POINT('',#10615);
#3838=VERTEX_POINT('',#10619);
#3839=VERTEX_POINT('',#10621);
#3840=VERTEX_POINT('',#10624);
#3841=VERTEX_POINT('',#10627);
#3842=VERTEX_POINT('',#10629);
#3843=VERTEX_POINT('',#10634);
#3844=VERTEX_POINT('',#10637);
#3845=VERTEX_POINT('',#10639);
#3846=VERTEX_POINT('',#10645);
#3847=VERTEX_POINT('',#10646);
#3848=VERTEX_POINT('',#10648);
#3849=VERTEX_POINT('',#10650);
#3850=VERTEX_POINT('',#10652);
#3851=VERTEX_POINT('',#10654);
#3852=VERTEX_POINT('',#10656);
#3853=VERTEX_POINT('',#10658);
#3854=VERTEX_POINT('',#10660);
#3855=VERTEX_POINT('',#10662);
#3856=VERTEX_POINT('',#10664);
#3857=VERTEX_POINT('',#10666);
#3858=VERTEX_POINT('',#10669);
#3859=VERTEX_POINT('',#10672);
#3860=VERTEX_POINT('',#10673);
#3861=VERTEX_POINT('',#10675);
#3862=VERTEX_POINT('',#10677);
#3863=VERTEX_POINT('',#10681);
#3864=VERTEX_POINT('',#10682);
#3865=VERTEX_POINT('',#10684);
#3866=VERTEX_POINT('',#10686);
#3867=VERTEX_POINT('',#10690);
#3868=VERTEX_POINT('',#10692);
#3869=VERTEX_POINT('',#10693);
#3870=VERTEX_POINT('',#10695);
#3871=VERTEX_POINT('',#10697);
#3872=VERTEX_POINT('',#10699);
#3873=VERTEX_POINT('',#10701);
#3874=VERTEX_POINT('',#10703);
#3875=VERTEX_POINT('',#10705);
#3876=VERTEX_POINT('',#10707);
#3877=VERTEX_POINT('',#10709);
#3878=VERTEX_POINT('',#10711);
#3879=VERTEX_POINT('',#10713);
#3880=VERTEX_POINT('',#10717);
#3881=VERTEX_POINT('',#10720);
#3882=VERTEX_POINT('',#10724);
#3883=VERTEX_POINT('',#10726);
#3884=VERTEX_POINT('',#10727);
#3885=VERTEX_POINT('',#10729);
#3886=VERTEX_POINT('',#10731);
#3887=VERTEX_POINT('',#10735);
#3888=VERTEX_POINT('',#10737);
#3889=VERTEX_POINT('',#10738);
#3890=VERTEX_POINT('',#10740);
#3891=VERTEX_POINT('',#10742);
#3892=VERTEX_POINT('',#10746);
#3893=VERTEX_POINT('',#10748);
#3894=VERTEX_POINT('',#10749);
#3895=VERTEX_POINT('',#10751);
#3896=VERTEX_POINT('',#10753);
#3897=VERTEX_POINT('',#10757);
#3898=VERTEX_POINT('',#10759);
#3899=VERTEX_POINT('',#10760);
#3900=VERTEX_POINT('',#10762);
#3901=VERTEX_POINT('',#10764);
#3902=VERTEX_POINT('',#10768);
#3903=VERTEX_POINT('',#10770);
#3904=VERTEX_POINT('',#10773);
#3905=VERTEX_POINT('',#10775);
#3906=VERTEX_POINT('',#10841);
#3907=VERTEX_POINT('',#10843);
#3908=VERTEX_POINT('',#10845);
#3909=VERTEX_POINT('',#10846);
#3910=VERTEX_POINT('',#10848);
#3911=VERTEX_POINT('',#10850);
#3912=VERTEX_POINT('',#10854);
#3913=VERTEX_POINT('',#10855);
#3914=VERTEX_POINT('',#10857);
#3915=VERTEX_POINT('',#10859);
#3916=VERTEX_POINT('',#10861);
#3917=VERTEX_POINT('',#10863);
#3918=VERTEX_POINT('',#10867);
#3919=VERTEX_POINT('',#10869);
#3920=VERTEX_POINT('',#10872);
#3921=VERTEX_POINT('',#10874);
#3922=VERTEX_POINT('',#10878);
#3923=VERTEX_POINT('',#10880);
#3924=VERTEX_POINT('',#10884);
#3925=VERTEX_POINT('',#10886);
#3926=VERTEX_POINT('',#10888);
#3927=VERTEX_POINT('',#10890);
#3928=VERTEX_POINT('',#10897);
#3929=VERTEX_POINT('',#10899);
#3930=VERTEX_POINT('',#10902);
#3931=VERTEX_POINT('',#10904);
#3932=VERTEX_POINT('',#10905);
#3933=VERTEX_POINT('',#10922);
#3934=VERTEX_POINT('',#10924);
#3935=VERTEX_POINT('',#10925);
#3936=VERTEX_POINT('',#10927);
#3937=VERTEX_POINT('',#10929);
#3938=VERTEX_POINT('',#10946);
#3939=VERTEX_POINT('',#10948);
#3940=VERTEX_POINT('',#10951);
#3941=VERTEX_POINT('',#10953);
#3942=VERTEX_POINT('',#10960);
#3943=VERTEX_POINT('',#10962);
#3944=VERTEX_POINT('',#10965);
#3945=VERTEX_POINT('',#10967);
#3946=VERTEX_POINT('',#10970);
#3947=VERTEX_POINT('',#10973);
#3948=VERTEX_POINT('',#10979);
#3949=VERTEX_POINT('',#10981);
#3950=VERTEX_POINT('',#10984);
#3951=VERTEX_POINT('',#10986);
#3952=VERTEX_POINT('',#10995);
#3953=VERTEX_POINT('',#10996);
#3954=VERTEX_POINT('',#10998);
#3955=VERTEX_POINT('',#11006);
#3956=VERTEX_POINT('',#11016);
#3957=VERTEX_POINT('',#11024);
#3958=VERTEX_POINT('',#11034);
#3959=VERTEX_POINT('',#11042);
#3960=VERTEX_POINT('',#11052);
#3961=VERTEX_POINT('',#11060);
#3962=VERTEX_POINT('',#11070);
#3963=VERTEX_POINT('',#11078);
#3964=VERTEX_POINT('',#11097);
#3965=VERTEX_POINT('',#11099);
#3966=VERTEX_POINT('',#11102);
#3967=VERTEX_POINT('',#11105);
#3968=VERTEX_POINT('',#11107);
#3969=VERTEX_POINT('',#11110);
#3970=VERTEX_POINT('',#11112);
#3971=VERTEX_POINT('',#11115);
#3972=VERTEX_POINT('',#11117);
#3973=VERTEX_POINT('',#11120);
#3974=VERTEX_POINT('',#11122);
#3975=VERTEX_POINT('',#11125);
#3976=VERTEX_POINT('',#11127);
#3977=VERTEX_POINT('',#11130);
#3978=VERTEX_POINT('',#11132);
#3979=VERTEX_POINT('',#11135);
#3980=VERTEX_POINT('',#11137);
#3981=VERTEX_POINT('',#11140);
#3982=VERTEX_POINT('',#11142);
#3983=VERTEX_POINT('',#11145);
#3984=VERTEX_POINT('',#11147);
#3985=VERTEX_POINT('',#11150);
#3986=VERTEX_POINT('',#11155);
#3987=VERTEX_POINT('',#11159);
#3988=VERTEX_POINT('',#11163);
#3989=VERTEX_POINT('',#11167);
#3990=VERTEX_POINT('',#11171);
#3991=VERTEX_POINT('',#11175);
#3992=VERTEX_POINT('',#11179);
#3993=VERTEX_POINT('',#11183);
#3994=VERTEX_POINT('',#11187);
#3995=VERTEX_POINT('',#11191);
#3996=VERTEX_POINT('',#11195);
#3997=VERTEX_POINT('',#11200);
#3998=VERTEX_POINT('',#11202);
#3999=VERTEX_POINT('',#11205);
#4000=VERTEX_POINT('',#11208);
#4001=VERTEX_POINT('',#11211);
#4002=VERTEX_POINT('',#11213);
#4003=VERTEX_POINT('',#11218);
#4004=VERTEX_POINT('',#11220);
#4005=VERTEX_POINT('',#11224);
#4006=VERTEX_POINT('',#11235);
#4007=VERTEX_POINT('',#11236);
#4008=VERTEX_POINT('',#11238);
#4009=VERTEX_POINT('',#11243);
#4010=VERTEX_POINT('',#11245);
#4011=VERTEX_POINT('',#11247);
#4012=VERTEX_POINT('',#11249);
#4013=VERTEX_POINT('',#11251);
#4014=VERTEX_POINT('',#11253);
#4015=VERTEX_POINT('',#11260);
#4016=VERTEX_POINT('',#11261);
#4017=VERTEX_POINT('',#11263);
#4018=VERTEX_POINT('',#11265);
#4019=VERTEX_POINT('',#11267);
#4020=VERTEX_POINT('',#11269);
#4021=VERTEX_POINT('',#11271);
#4022=VERTEX_POINT('',#11278);
#4023=VERTEX_POINT('',#11279);
#4024=VERTEX_POINT('',#11284);
#4025=VERTEX_POINT('',#11286);
#4026=VERTEX_POINT('',#11290);
#4027=VERTEX_POINT('',#11291);
#4028=VERTEX_POINT('',#11293);
#4029=VERTEX_POINT('',#11295);
#4030=VERTEX_POINT('',#11297);
#4031=VERTEX_POINT('',#11299);
#4032=VERTEX_POINT('',#11309);
#4033=VERTEX_POINT('',#11311);
#4034=VERTEX_POINT('',#11314);
#4035=VERTEX_POINT('',#11316);
#4036=VERTEX_POINT('',#11318);
#4037=VERTEX_POINT('',#11320);
#4038=VERTEX_POINT('',#11323);
#4039=VERTEX_POINT('',#11326);
#4040=VERTEX_POINT('',#11327);
#4041=VERTEX_POINT('',#11329);
#4042=VERTEX_POINT('',#11331);
#4043=VERTEX_POINT('',#11333);
#4044=VERTEX_POINT('',#11335);
#4045=VERTEX_POINT('',#11338);
#4046=VERTEX_POINT('',#11340);
#4047=VERTEX_POINT('',#11342);
#4048=VERTEX_POINT('',#11345);
#4049=VERTEX_POINT('',#11347);
#4050=VERTEX_POINT('',#11350);
#4051=VERTEX_POINT('',#11352);
#4052=VERTEX_POINT('',#11355);
#4053=VERTEX_POINT('',#11357);
#4054=VERTEX_POINT('',#11360);
#4055=VERTEX_POINT('',#11361);
#4056=VERTEX_POINT('',#11363);
#4057=VERTEX_POINT('',#11365);
#4058=VERTEX_POINT('',#11369);
#4059=VERTEX_POINT('',#11371);
#4060=VERTEX_POINT('',#11372);
#4061=VERTEX_POINT('',#11374);
#4062=VERTEX_POINT('',#11376);
#4063=VERTEX_POINT('',#11378);
#4064=VERTEX_POINT('',#11380);
#4065=VERTEX_POINT('',#11384);
#4066=VERTEX_POINT('',#11389);
#4067=VERTEX_POINT('',#11438);
#4068=VERTEX_POINT('',#11440);
#4069=VERTEX_POINT('',#11441);
#4070=VERTEX_POINT('',#11443);
#4071=VERTEX_POINT('',#11445);
#4072=VERTEX_POINT('',#11447);
#4073=VERTEX_POINT('',#11449);
#4074=VERTEX_POINT('',#11453);
#4075=VERTEX_POINT('',#11454);
#4076=VERTEX_POINT('',#11456);
#4077=VERTEX_POINT('',#11458);
#4078=VERTEX_POINT('',#11494);
#4079=VERTEX_POINT('',#11495);
#4080=VERTEX_POINT('',#11497);
#4081=VERTEX_POINT('',#11499);
#4082=VERTEX_POINT('',#11501);
#4083=VERTEX_POINT('',#11503);
#4084=VERTEX_POINT('',#11507);
#4085=VERTEX_POINT('',#11509);
#4086=VERTEX_POINT('',#11512);
#4087=VERTEX_POINT('',#11513);
#4088=VERTEX_POINT('',#11515);
#4089=VERTEX_POINT('',#11517);
#4090=VERTEX_POINT('',#11519);
#4091=VERTEX_POINT('',#11521);
#4092=VERTEX_POINT('',#11523);
#4093=VERTEX_POINT('',#11525);
#4094=VERTEX_POINT('',#11529);
#4095=VERTEX_POINT('',#11530);
#4096=VERTEX_POINT('',#11532);
#4097=VERTEX_POINT('',#11534);
#4098=VERTEX_POINT('',#11536);
#4099=VERTEX_POINT('',#11538);
#4100=VERTEX_POINT('',#11545);
#4101=VERTEX_POINT('',#11547);
#4102=VERTEX_POINT('',#11548);
#4103=VERTEX_POINT('',#11550);
#4104=VERTEX_POINT('',#11552);
#4105=VERTEX_POINT('',#11554);
#4106=VERTEX_POINT('',#11556);
#4107=VERTEX_POINT('',#11558);
#4108=VERTEX_POINT('',#11560);
#4109=VERTEX_POINT('',#11562);
#4110=VERTEX_POINT('',#11564);
#4111=VERTEX_POINT('',#11574);
#4112=VERTEX_POINT('',#11576);
#4113=VERTEX_POINT('',#11578);
#4114=VERTEX_POINT('',#11580);
#4115=VERTEX_POINT('',#11581);
#4116=VERTEX_POINT('',#11583);
#4117=VERTEX_POINT('',#11585);
#4118=VERTEX_POINT('',#11587);
#4119=VERTEX_POINT('',#11589);
#4120=VERTEX_POINT('',#11593);
#4121=VERTEX_POINT('',#11595);
#4122=VERTEX_POINT('',#11598);
#4123=VERTEX_POINT('',#11600);
#4124=VERTEX_POINT('',#11603);
#4125=VERTEX_POINT('',#11604);
#4126=VERTEX_POINT('',#11606);
#4127=VERTEX_POINT('',#11608);
#4128=VERTEX_POINT('',#11612);
#4129=VERTEX_POINT('',#11614);
#4130=VERTEX_POINT('',#11615);
#4131=VERTEX_POINT('',#11617);
#4132=VERTEX_POINT('',#11619);
#4133=VERTEX_POINT('',#11621);
#4134=VERTEX_POINT('',#11623);
#4135=VERTEX_POINT('',#11627);
#4136=VERTEX_POINT('',#11628);
#4137=VERTEX_POINT('',#11630);
#4138=VERTEX_POINT('',#11632);
#4139=VERTEX_POINT('',#11636);
#4140=VERTEX_POINT('',#11638);
#4141=VERTEX_POINT('',#11639);
#4142=VERTEX_POINT('',#11641);
#4143=VERTEX_POINT('',#11643);
#4144=VERTEX_POINT('',#11645);
#4145=VERTEX_POINT('',#11647);
#4146=VERTEX_POINT('',#11651);
#4147=VERTEX_POINT('',#11656);
#4148=VERTEX_POINT('',#11661);
#4149=VERTEX_POINT('',#11666);
#4150=VERTEX_POINT('',#11747);
#4151=VERTEX_POINT('',#11748);
#4152=VERTEX_POINT('',#11750);
#4153=VERTEX_POINT('',#11752);
#4154=VERTEX_POINT('',#11754);
#4155=VERTEX_POINT('',#11756);
#4156=VERTEX_POINT('',#11760);
#4157=VERTEX_POINT('',#11762);
#4158=VERTEX_POINT('',#11766);
#4159=VERTEX_POINT('',#11767);
#4160=VERTEX_POINT('',#11769);
#4161=VERTEX_POINT('',#11771);
#4162=VERTEX_POINT('',#11774);
#4163=VERTEX_POINT('',#11777);
#4164=VERTEX_POINT('',#11779);
#4165=VERTEX_POINT('',#11782);
#4166=VERTEX_POINT('',#11784);
#4167=VERTEX_POINT('',#11786);
#4168=VERTEX_POINT('',#11788);
#4169=VERTEX_POINT('',#11795);
#4170=VERTEX_POINT('',#11796);
#4171=VERTEX_POINT('',#11798);
#4172=VERTEX_POINT('',#11800);
#4173=VERTEX_POINT('',#11803);
#4174=VERTEX_POINT('',#11805);
#4175=VERTEX_POINT('',#11808);
#4176=VERTEX_POINT('',#11810);
#4177=VERTEX_POINT('',#11813);
#4178=VERTEX_POINT('',#11815);
#4179=VERTEX_POINT('',#11816);
#4180=VERTEX_POINT('',#11818);
#4181=VERTEX_POINT('',#11820);
#4182=VERTEX_POINT('',#11824);
#4183=VERTEX_POINT('',#11826);
#4184=VERTEX_POINT('',#11869);
#4185=VERTEX_POINT('',#11870);
#4186=VERTEX_POINT('',#11872);
#4187=VERTEX_POINT('',#11874);
#4188=VERTEX_POINT('',#11878);
#4189=VERTEX_POINT('',#11879);
#4190=VERTEX_POINT('',#11881);
#4191=VERTEX_POINT('',#11883);
#4192=VERTEX_POINT('',#11885);
#4193=VERTEX_POINT('',#11887);
#4194=VERTEX_POINT('',#11890);
#4195=VERTEX_POINT('',#11892);
#4196=VERTEX_POINT('',#11894);
#4197=VERTEX_POINT('',#11896);
#4198=VERTEX_POINT('',#11900);
#4199=VERTEX_POINT('',#11901);
#4200=VERTEX_POINT('',#11903);
#4201=VERTEX_POINT('',#11905);
#4202=VERTEX_POINT('',#11909);
#4203=VERTEX_POINT('',#11911);
#4204=VERTEX_POINT('',#11915);
#4205=VERTEX_POINT('',#11916);
#4206=VERTEX_POINT('',#11921);
#4207=VERTEX_POINT('',#11923);
#4208=VERTEX_POINT('',#11925);
#4209=VERTEX_POINT('',#11928);
#4210=VERTEX_POINT('',#11932);
#4211=VERTEX_POINT('',#11934);
#4212=VERTEX_POINT('',#11936);
#4213=VERTEX_POINT('',#11939);
#4214=VERTEX_POINT('',#11952);
#4215=VERTEX_POINT('',#11954);
#4216=VERTEX_POINT('',#11958);
#4217=VERTEX_POINT('',#11959);
#4218=VERTEX_POINT('',#11964);
#4219=VERTEX_POINT('',#11966);
#4220=VERTEX_POINT('',#11984);
#4221=VERTEX_POINT('',#11986);
#4222=VERTEX_POINT('',#11989);
#4223=VERTEX_POINT('',#11991);
#4224=VERTEX_POINT('',#12001);
#4225=VERTEX_POINT('',#12002);
#4226=VERTEX_POINT('',#12004);
#4227=VERTEX_POINT('',#12013);
#4228=VERTEX_POINT('',#12024);
#4229=VERTEX_POINT('',#12033);
#4230=VERTEX_POINT('',#12044);
#4231=VERTEX_POINT('',#12053);
#4232=VERTEX_POINT('',#12064);
#4233=VERTEX_POINT('',#12073);
#4234=VERTEX_POINT('',#12084);
#4235=VERTEX_POINT('',#12093);
#4236=VERTEX_POINT('',#12114);
#4237=VERTEX_POINT('',#12116);
#4238=VERTEX_POINT('',#12119);
#4239=VERTEX_POINT('',#12122);
#4240=VERTEX_POINT('',#12124);
#4241=VERTEX_POINT('',#12127);
#4242=VERTEX_POINT('',#12129);
#4243=VERTEX_POINT('',#12132);
#4244=VERTEX_POINT('',#12134);
#4245=VERTEX_POINT('',#12137);
#4246=VERTEX_POINT('',#12139);
#4247=VERTEX_POINT('',#12142);
#4248=VERTEX_POINT('',#12144);
#4249=VERTEX_POINT('',#12147);
#4250=VERTEX_POINT('',#12149);
#4251=VERTEX_POINT('',#12152);
#4252=VERTEX_POINT('',#12154);
#4253=VERTEX_POINT('',#12157);
#4254=VERTEX_POINT('',#12159);
#4255=VERTEX_POINT('',#12162);
#4256=VERTEX_POINT('',#12164);
#4257=VERTEX_POINT('',#12167);
#4258=VERTEX_POINT('',#12172);
#4259=VERTEX_POINT('',#12176);
#4260=VERTEX_POINT('',#12180);
#4261=VERTEX_POINT('',#12184);
#4262=VERTEX_POINT('',#12188);
#4263=VERTEX_POINT('',#12192);
#4264=VERTEX_POINT('',#12196);
#4265=VERTEX_POINT('',#12200);
#4266=VERTEX_POINT('',#12204);
#4267=VERTEX_POINT('',#12208);
#4268=VERTEX_POINT('',#12212);
#4269=VERTEX_POINT('',#12217);
#4270=VERTEX_POINT('',#12219);
#4271=VERTEX_POINT('',#12222);
#4272=VERTEX_POINT('',#12225);
#4273=VERTEX_POINT('',#12228);
#4274=VERTEX_POINT('',#12231);
#4275=VERTEX_POINT('',#12234);
#4276=VERTEX_POINT('',#12236);
#4277=VERTEX_POINT('',#12241);
#4278=VERTEX_POINT('',#12243);
#4279=CIRCLE('',#6647,13.);
#4280=CIRCLE('',#6648,13.);
#4281=CIRCLE('',#6649,25.);
#4282=CIRCLE('',#6651,13.);
#4283=CIRCLE('',#6652,13.);
#4284=CIRCLE('',#6653,25.);
#4285=CIRCLE('',#6655,13.);
#4286=CIRCLE('',#6656,13.);
#4287=CIRCLE('',#6657,25.);
#4288=CIRCLE('',#6659,150.);
#4289=CIRCLE('',#6660,150.);
#4290=CIRCLE('',#6661,150.);
#4291=CIRCLE('',#6662,150.);
#4292=CIRCLE('',#6663,150.);
#4293=CIRCLE('',#6668,150.999999999191);
#4294=CIRCLE('',#6669,198.99999999983);
#4295=CIRCLE('',#6671,198.999999999834);
#4296=CIRCLE('',#6672,150.999999999191);
#4297=CIRCLE('',#6674,50.);
#4298=CIRCLE('',#6675,50.);
#4299=CIRCLE('',#6676,50.);
#4300=CIRCLE('',#6677,50.);
#4301=CIRCLE('',#6678,50.);
#4302=CIRCLE('',#6680,100.);
#4303=CIRCLE('',#6681,100.);
#4304=CIRCLE('',#6683,100.);
#4305=CIRCLE('',#6685,100.);
#4306=CIRCLE('',#6688,140.);
#4307=CIRCLE('',#6690,147.928932188134);
#4308=CIRCLE('',#6691,105.);
#4309=CIRCLE('',#6692,105.);
#4310=CIRCLE('',#6694,198.535533905933);
#4311=CIRCLE('',#6695,151.464466094067);
#4312=CIRCLE('',#6705,200.);
#4313=CIRCLE('',#6707,175.);
#4314=CIRCLE('',#6709,140.);
#4315=CIRCLE('',#6712,12.);
#4316=CIRCLE('',#6713,12.);
#4317=CIRCLE('',#6720,12.);
#4318=CIRCLE('',#6721,12.);
#4319=CIRCLE('',#6725,200.);
#4320=CIRCLE('',#6734,200.);
#4321=CIRCLE('',#6736,200.);
#4322=CIRCLE('',#6739,140.);
#4323=CIRCLE('',#6741,12.);
#4324=CIRCLE('',#6742,12.);
#4325=CIRCLE('',#6744,12.);
#4326=CIRCLE('',#6745,12.);
#4327=CIRCLE('',#6747,13.);
#4328=CIRCLE('',#6749,13.);
#4329=CIRCLE('',#6754,175.);
#4330=CIRCLE('',#6756,25.);
#4331=CIRCLE('',#6762,200.);
#4332=CIRCLE('',#6772,50.);
#4333=CIRCLE('',#6773,50.);
#4334=CIRCLE('',#6776,25.);
#4335=CIRCLE('',#6777,25.);
#4336=CIRCLE('',#6779,49.);
#4337=CIRCLE('',#6781,13.);
#4338=CIRCLE('',#6782,24.);
#4339=CIRCLE('',#6786,13.);
#4340=CIRCLE('',#6788,15.);
#4341=CIRCLE('',#6789,15.);
#4342=CIRCLE('',#6794,25.);
#4343=CIRCLE('',#6796,24.);
#4344=CIRCLE('',#6797,24.);
#4345=CIRCLE('',#6799,24.);
#4346=CIRCLE('',#6800,24.);
#4347=CIRCLE('',#6802,50.);
#4348=CIRCLE('',#6804,50.);
#4349=CIRCLE('',#6806,25.);
#4350=CIRCLE('',#6809,13.);
#4351=CIRCLE('',#6810,24.);
#4352=CIRCLE('',#6811,25.);
#4353=CIRCLE('',#6813,13.);
#4354=CIRCLE('',#6814,24.);
#4355=CIRCLE('',#6815,25.);
#4356=CIRCLE('',#6817,13.);
#4357=CIRCLE('',#6818,24.);
#4358=CIRCLE('',#6819,25.);
#4359=CIRCLE('',#6821,13.);
#4360=CIRCLE('',#6822,24.);
#4361=CIRCLE('',#6823,25.);
#4362=CIRCLE('',#6825,12.);
#4363=CIRCLE('',#6826,12.);
#4364=CIRCLE('',#6828,12.);
#4365=CIRCLE('',#6829,12.);
#4366=CIRCLE('',#6831,25.);
#4367=CIRCLE('',#6835,25.);
#4368=CIRCLE('',#6839,25.);
#4369=CIRCLE('',#6843,25.);
#4370=CIRCLE('',#6859,25.);
#4371=CIRCLE('',#6860,25.);
#4372=CIRCLE('',#6862,25.);
#4373=CIRCLE('',#6863,25.);
#4374=CIRCLE('',#6878,21.);
#4375=CIRCLE('',#6879,13.);
#4376=CIRCLE('',#6880,24.);
#4377=CIRCLE('',#6881,24.);
#4378=CIRCLE('',#6884,12.);
#4379=CIRCLE('',#6885,12.);
#4380=CIRCLE('',#6887,25.);
#4381=CIRCLE('',#6888,25.);
#4382=CIRCLE('',#6892,25.);
#4383=CIRCLE('',#6893,25.);
#4384=CIRCLE('',#6895,12.);
#4385=CIRCLE('',#6896,12.);
#4386=CIRCLE('',#6898,13.);
#4387=CIRCLE('',#6899,24.);
#4388=CIRCLE('',#6900,24.);
#4389=CIRCLE('',#6908,13.);
#4390=CIRCLE('',#6909,25.);
#4391=CIRCLE('',#6910,24.);
#4392=CIRCLE('',#6912,25.);
#4393=CIRCLE('',#6923,20.);
#4394=CIRCLE('',#6924,20.);
#4395=CIRCLE('',#6926,19.);
#4396=CIRCLE('',#6927,13.);
#4397=CIRCLE('',#6933,12.);
#4398=CIRCLE('',#6934,12.);
#4399=CIRCLE('',#6936,25.);
#4400=CIRCLE('',#6937,25.);
#4401=CIRCLE('',#6939,23.);
#4402=CIRCLE('',#6941,23.);
#4403=CIRCLE('',#6946,11.625);
#4404=CIRCLE('',#6947,8.00000000000001);
#4405=CIRCLE('',#6949,11.625);
#4406=CIRCLE('',#6950,7.54248166639777);
#4407=CIRCLE('',#6958,6.9175);
#4408=CIRCLE('',#6959,6.9175);
#4409=CIRCLE('',#6961,7.29745276854515);
#4410=CIRCLE('',#6963,6.9175);
#4411=CIRCLE('',#6964,6.9175);
#4412=CIRCLE('',#6966,6.9175);
#4413=CIRCLE('',#6967,6.9175);
#4414=CIRCLE('',#6969,6.9175);
#4415=CIRCLE('',#6970,6.9175);
#4416=CIRCLE('',#6972,6.9175);
#4417=CIRCLE('',#6973,6.9175);
#4418=CIRCLE('',#6975,6.9175);
#4419=CIRCLE('',#6976,6.9175);
#4420=CIRCLE('',#6978,6.9175);
#4421=CIRCLE('',#6979,6.9175);
#4422=CIRCLE('',#6981,6.9175);
#4423=CIRCLE('',#6982,6.9175);
#4424=CIRCLE('',#6984,6.9175);
#4425=CIRCLE('',#6985,6.9175);
#4426=CIRCLE('',#6987,6.9175);
#4427=CIRCLE('',#6988,6.9175);
#4428=CIRCLE('',#6990,7.15186812489916);
#4429=CIRCLE('',#6994,7.85497249959665);
#4430=CIRCLE('',#6997,7.85497249959665);
#4431=CIRCLE('',#7000,7.85497249959665);
#4432=CIRCLE('',#7003,7.85497249959665);
#4433=CIRCLE('',#7006,7.85497249959665);
#4434=CIRCLE('',#7009,7.85497249959665);
#4435=CIRCLE('',#7012,7.85497249959665);
#4436=CIRCLE('',#7015,7.85497249959665);
#4437=CIRCLE('',#7018,7.85497249959665);
#4438=CIRCLE('',#7021,7.85497249959665);
#4439=CIRCLE('',#7024,7.85497249959665);
#4440=CIRCLE('',#7028,12.);
#4441=CIRCLE('',#7029,12.);
#4442=CIRCLE('',#7031,7.);
#4443=CIRCLE('',#7033,7.);
#4444=CIRCLE('',#7035,8.);
#4445=CIRCLE('',#7036,8.);
#4446=CIRCLE('',#7040,20.);
#4447=CIRCLE('',#7041,20.);
#4448=CIRCLE('',#7044,15.);
#4449=CIRCLE('',#7056,25.);
#4450=CIRCLE('',#7057,25.);
#4451=CIRCLE('',#7062,25.);
#4452=CIRCLE('',#7063,25.);
#4453=CIRCLE('',#7065,24.9999999999977);
#4454=CIRCLE('',#7066,24.9999999999977);
#4455=CIRCLE('',#7068,24.);
#4456=CIRCLE('',#7069,24.);
#4457=CIRCLE('',#7070,23.9999999999977);
#4458=CIRCLE('',#7071,24.);
#4459=CIRCLE('',#7072,24.);
#4460=CIRCLE('',#7073,13.000000000003);
#4461=CIRCLE('',#7075,24.);
#4462=CIRCLE('',#7076,24.);
#4463=CIRCLE('',#7077,23.9999999999977);
#4464=CIRCLE('',#7078,13.);
#4465=CIRCLE('',#7079,13.000000000003);
#4466=CIRCLE('',#7080,13.);
#4467=CIRCLE('',#7082,12.);
#4468=CIRCLE('',#7083,12.);
#4469=CIRCLE('',#7085,12.000000000003);
#4470=CIRCLE('',#7086,12.000000000003);
#4471=CIRCLE('',#7088,12.);
#4472=CIRCLE('',#7089,12.);
#4473=CIRCLE('',#7092,13.);
#4474=CIRCLE('',#7093,26.);
#4475=CIRCLE('',#7094,24.);
#4476=CIRCLE('',#7095,26.);
#4477=CIRCLE('',#7098,25.);
#4478=CIRCLE('',#7099,25.);
#4479=CIRCLE('',#7101,25.);
#4480=CIRCLE('',#7103,25.);
#4481=CIRCLE('',#7127,13.);
#4482=CIRCLE('',#7128,24.);
#4483=CIRCLE('',#7129,26.);
#4484=CIRCLE('',#7130,26.);
#4485=CIRCLE('',#7134,25.);
#4486=CIRCLE('',#7135,25.);
#4487=CIRCLE('',#7137,25.);
#4488=CIRCLE('',#7138,25.);
#4489=CIRCLE('',#7152,12.);
#4490=CIRCLE('',#7153,12.);
#4491=CIRCLE('',#7157,25.);
#4492=CIRCLE('',#7158,25.);
#4493=CIRCLE('',#7160,13.000000000003);
#4494=CIRCLE('',#7161,24.);
#4495=CIRCLE('',#7162,24.);
#4496=CIRCLE('',#7163,24.);
#4497=CIRCLE('',#7164,23.9999999999977);
#4498=CIRCLE('',#7165,24.);
#4499=CIRCLE('',#7167,25.);
#4500=CIRCLE('',#7168,25.);
#4501=CIRCLE('',#7170,24.9999999999977);
#4502=CIRCLE('',#7171,24.9999999999977);
#4503=CIRCLE('',#7173,13.);
#4504=CIRCLE('',#7174,13.);
#4505=CIRCLE('',#7175,13.000000000003);
#4506=CIRCLE('',#7176,24.);
#4507=CIRCLE('',#7177,24.);
#4508=CIRCLE('',#7178,23.9999999999977);
#4509=CIRCLE('',#7180,12.);
#4510=CIRCLE('',#7181,12.);
#4511=CIRCLE('',#7183,12.000000000003);
#4512=CIRCLE('',#7184,12.000000000003);
#4513=CIRCLE('',#7187,13.);
#4514=CIRCLE('',#7188,26.);
#4515=CIRCLE('',#7189,26.);
#4516=CIRCLE('',#7190,24.);
#4517=CIRCLE('',#7193,13.);
#4518=CIRCLE('',#7194,26.);
#4519=CIRCLE('',#7195,26.);
#4520=CIRCLE('',#7196,24.);
#4521=CIRCLE('',#7199,25.);
#4522=CIRCLE('',#7200,25.);
#4523=CIRCLE('',#7203,25.);
#4524=CIRCLE('',#7204,25.);
#4525=CIRCLE('',#7206,25.);
#4526=CIRCLE('',#7208,25.);
#4527=CIRCLE('',#7210,25.);
#4528=CIRCLE('',#7212,25.);
#4529=CIRCLE('',#7251,25.);
#4530=CIRCLE('',#7252,25.);
#4531=CIRCLE('',#7254,24.);
#4532=CIRCLE('',#7255,24.);
#4533=CIRCLE('',#7256,13.);
#4534=CIRCLE('',#7258,12.);
#4535=CIRCLE('',#7259,12.);
#4536=CIRCLE('',#7262,25.);
#4537=CIRCLE('',#7263,25.);
#4538=CIRCLE('',#7265,24.);
#4539=CIRCLE('',#7266,24.);
#4540=CIRCLE('',#7267,13.);
#4541=CIRCLE('',#7268,13.);
#4542=CIRCLE('',#7270,12.);
#4543=CIRCLE('',#7271,12.);
#4544=CIRCLE('',#7273,13.);
#4545=CIRCLE('',#7274,26.);
#4546=CIRCLE('',#7275,24.);
#4547=CIRCLE('',#7278,25.);
#4548=CIRCLE('',#7280,25.);
#4549=CIRCLE('',#7304,25.);
#4550=CIRCLE('',#7305,25.);
#4551=CIRCLE('',#7308,25.);
#4552=CIRCLE('',#7309,25.);
#4553=CIRCLE('',#7311,12.);
#4554=CIRCLE('',#7312,12.);
#4555=CIRCLE('',#7314,12.);
#4556=CIRCLE('',#7315,12.);
#4557=CIRCLE('',#7335,22.625);
#4558=CIRCLE('',#7336,15.);
#4559=CIRCLE('',#7338,22.625);
#4560=CIRCLE('',#7339,14.1992900849798);
#4561=CIRCLE('',#7347,13.1055);
#4562=CIRCLE('',#7348,13.1055);
#4563=CIRCLE('',#7350,14.0317488839583);
#4564=CIRCLE('',#7352,13.1055);
#4565=CIRCLE('',#7353,13.1055);
#4566=CIRCLE('',#7355,13.1055);
#4567=CIRCLE('',#7356,13.1055);
#4568=CIRCLE('',#7358,13.1055);
#4569=CIRCLE('',#7359,13.1055);
#4570=CIRCLE('',#7361,13.1055);
#4571=CIRCLE('',#7362,13.1055);
#4572=CIRCLE('',#7364,13.1055);
#4573=CIRCLE('',#7365,13.1055);
#4574=CIRCLE('',#7367,13.1055);
#4575=CIRCLE('',#7368,13.1055);
#4576=CIRCLE('',#7370,13.1055);
#4577=CIRCLE('',#7371,13.1055);
#4578=CIRCLE('',#7373,13.1055);
#4579=CIRCLE('',#7374,13.1055);
#4580=CIRCLE('',#7376,13.1055);
#4581=CIRCLE('',#7377,13.1055);
#4582=CIRCLE('',#7379,13.5156712818674);
#4583=CIRCLE('',#7383,14.7461851274696);
#4584=CIRCLE('',#7386,14.7461851274696);
#4585=CIRCLE('',#7389,14.7461851274696);
#4586=CIRCLE('',#7392,14.7461851274696);
#4587=CIRCLE('',#7395,14.7461851274696);
#4588=CIRCLE('',#7398,14.7461851274696);
#4589=CIRCLE('',#7401,14.7461851274696);
#4590=CIRCLE('',#7404,14.7461851274696);
#4591=CIRCLE('',#7407,14.7461851274696);
#4592=CIRCLE('',#7410,14.7461851274696);
#4593=CIRCLE('',#7413,14.7461851274696);
#4594=CIRCLE('',#7417,12.);
#4595=CIRCLE('',#7418,12.);
#4596=CIRCLE('',#7420,7.);
#4597=CIRCLE('',#7422,7.);
#4598=CIRCLE('',#7424,7.);
#4599=CIRCLE('',#7426,7.);
#4600=CIRCLE('',#7428,8.);
#4601=CIRCLE('',#7429,8.);
#4602=CIRCLE('',#7433,8.);
#4603=CIRCLE('',#7434,8.);
#4604=EDGE_LOOP('',(#1302));
#4605=EDGE_LOOP('',(#1303));
#4606=EDGE_LOOP('',(#1304,#1305,#1306,#1307,#1308,#1309,#1310,#1311,#1312));
#4607=EDGE_LOOP('',(#1313));
#4608=EDGE_LOOP('',(#1314));
#4609=EDGE_LOOP('',(#1315,#1316,#1317,#1318,#1319,#1320,#1321,#1322,#1323,
#1324));
#4610=EDGE_LOOP('',(#1325));
#4611=EDGE_LOOP('',(#1326));
#4612=EDGE_LOOP('',(#1327,#1328,#1329,#1330,#1331,#1332,#1333,#1334));
#4613=EDGE_LOOP('',(#1335,#1336,#1337,#1338,#1339,#1340,#1341,#1342,#1343,
#1344,#1345,#1346,#1347,#1348));
#4614=EDGE_LOOP('',(#1349));
#4615=EDGE_LOOP('',(#1350,#1351,#1352,#1353));
#4616=EDGE_LOOP('',(#1354,#1355,#1356,#1357));
#4617=EDGE_LOOP('',(#1358,#1359,#1360,#1361));
#4618=EDGE_LOOP('',(#1362,#1363,#1364,#1365));
#4619=EDGE_LOOP('',(#1366,#1367,#1368,#1369));
#4620=EDGE_LOOP('',(#1370));
#4621=EDGE_LOOP('',(#1371,#1372,#1373,#1374,#1375,#1376,#1377,#1378));
#4622=EDGE_LOOP('',(#1379,#1380,#1381,#1382));
#4623=EDGE_LOOP('',(#1383,#1384,#1385,#1386));
#4624=EDGE_LOOP('',(#1387,#1388,#1389,#1390));
#4625=EDGE_LOOP('',(#1391,#1392,#1393,#1394));
#4626=EDGE_LOOP('',(#1395));
#4627=EDGE_LOOP('',(#1396));
#4628=EDGE_LOOP('',(#1397));
#4629=EDGE_LOOP('',(#1398,#1399,#1400,#1401,#1402,#1403,#1404,#1405));
#4630=EDGE_LOOP('',(#1406));
#4631=EDGE_LOOP('',(#1407));
#4632=EDGE_LOOP('',(#1408,#1409,#1410,#1411,#1412));
#4633=EDGE_LOOP('',(#1413,#1414,#1415,#1416,#1417));
#4634=EDGE_LOOP('',(#1418,#1419,#1420,#1421,#1422));
#4635=EDGE_LOOP('',(#1423,#1424,#1425,#1426,#1427));
#4636=EDGE_LOOP('',(#1428));
#4637=EDGE_LOOP('',(#1429));
#4638=EDGE_LOOP('',(#1430,#1431,#1432,#1433));
#4639=EDGE_LOOP('',(#1434,#1435,#1436,#1437));
#4640=EDGE_LOOP('',(#1438));
#4641=EDGE_LOOP('',(#1439));
#4642=EDGE_LOOP('',(#1440));
#4643=EDGE_LOOP('',(#1441));
#4644=EDGE_LOOP('',(#1442,#1443,#1444,#1445));
#4645=EDGE_LOOP('',(#1446,#1447,#1448,#1449));
#4646=EDGE_LOOP('',(#1450,#1451,#1452,#1453));
#4647=EDGE_LOOP('',(#1454));
#4648=EDGE_LOOP('',(#1455));
#4649=EDGE_LOOP('',(#1456));
#4650=EDGE_LOOP('',(#1457));
#4651=EDGE_LOOP('',(#1458));
#4652=EDGE_LOOP('',(#1459));
#4653=EDGE_LOOP('',(#1460,#1461,#1462,#1463));
#4654=EDGE_LOOP('',(#1464,#1465,#1466,#1467));
#4655=EDGE_LOOP('',(#1468,#1469,#1470,#1471));
#4656=EDGE_LOOP('',(#1472));
#4657=EDGE_LOOP('',(#1473));
#4658=EDGE_LOOP('',(#1474));
#4659=EDGE_LOOP('',(#1475));
#4660=EDGE_LOOP('',(#1476));
#4661=EDGE_LOOP('',(#1477));
#4662=EDGE_LOOP('',(#1478,#1479,#1480,#1481));
#4663=EDGE_LOOP('',(#1482,#1483,#1484,#1485));
#4664=EDGE_LOOP('',(#1486,#1487,#1488,#1489));
#4665=EDGE_LOOP('',(#1490,#1491,#1492,#1493));
#4666=EDGE_LOOP('',(#1494,#1495,#1496,#1497));
#4667=EDGE_LOOP('',(#1498,#1499,#1500,#1501,#1502));
#4668=EDGE_LOOP('',(#1503,#1504,#1505,#1506));
#4669=EDGE_LOOP('',(#1507,#1508,#1509,#1510));
#4670=EDGE_LOOP('',(#1511,#1512,#1513,#1514));
#4671=EDGE_LOOP('',(#1515,#1516,#1517,#1518,#1519,#1520));
#4672=EDGE_LOOP('',(#1521,#1522,#1523,#1524));
#4673=EDGE_LOOP('',(#1525,#1526,#1527,#1528,#1529,#1530));
#4674=EDGE_LOOP('',(#1531,#1532,#1533,#1534,#1535));
#4675=EDGE_LOOP('',(#1536,#1537,#1538,#1539));
#4676=EDGE_LOOP('',(#1540,#1541,#1542,#1543));
#4677=EDGE_LOOP('',(#1544,#1545,#1546,#1547));
#4678=EDGE_LOOP('',(#1548,#1549,#1550,#1551));
#4679=EDGE_LOOP('',(#1552,#1553,#1554,#1555,#1556,#1557));
#4680=EDGE_LOOP('',(#1558,#1559,#1560,#1561,#1562,#1563));
#4681=EDGE_LOOP('',(#1564,#1565,#1566,#1567));
#4682=EDGE_LOOP('',(#1568));
#4683=EDGE_LOOP('',(#1569));
#4684=EDGE_LOOP('',(#1570));
#4685=EDGE_LOOP('',(#1571));
#4686=EDGE_LOOP('',(#1572));
#4687=EDGE_LOOP('',(#1573));
#4688=EDGE_LOOP('',(#1574));
#4689=EDGE_LOOP('',(#1575));
#4690=EDGE_LOOP('',(#1576,#1577,#1578,#1579));
#4691=EDGE_LOOP('',(#1580,#1581,#1582,#1583));
#4692=EDGE_LOOP('',(#1584,#1585,#1586,#1587));
#4693=EDGE_LOOP('',(#1588,#1589,#1590,#1591,#1592,#1593));
#4694=EDGE_LOOP('',(#1594,#1595,#1596,#1597));
#4695=EDGE_LOOP('',(#1598));
#4696=EDGE_LOOP('',(#1599));
#4697=EDGE_LOOP('',(#1600));
#4698=EDGE_LOOP('',(#1601));
#4699=EDGE_LOOP('',(#1602,#1603,#1604,#1605));
#4700=EDGE_LOOP('',(#1606,#1607,#1608,#1609,#1610));
#4701=EDGE_LOOP('',(#1611,#1612,#1613,#1614,#1615,#1616));
#4702=EDGE_LOOP('',(#1617,#1618,#1619,#1620));
#4703=EDGE_LOOP('',(#1621,#1622,#1623,#1624));
#4704=EDGE_LOOP('',(#1625,#1626,#1627,#1628));
#4705=EDGE_LOOP('',(#1629,#1630,#1631,#1632,#1633,#1634,#1635,#1636,#1637,
#1638,#1639,#1640));
#4706=EDGE_LOOP('',(#1641));
#4707=EDGE_LOOP('',(#1642,#1643,#1644,#1645,#1646,#1647,#1648,#1649,#1650,
#1651));
#4708=EDGE_LOOP('',(#1652));
#4709=EDGE_LOOP('',(#1653));
#4710=EDGE_LOOP('',(#1654,#1655,#1656,#1657));
#4711=EDGE_LOOP('',(#1658,#1659,#1660,#1661));
#4712=EDGE_LOOP('',(#1662));
#4713=EDGE_LOOP('',(#1663));
#4714=EDGE_LOOP('',(#1664));
#4715=EDGE_LOOP('',(#1665));
#4716=EDGE_LOOP('',(#1666));
#4717=EDGE_LOOP('',(#1667));
#4718=EDGE_LOOP('',(#1668));
#4719=EDGE_LOOP('',(#1669));
#4720=EDGE_LOOP('',(#1670));
#4721=EDGE_LOOP('',(#1671));
#4722=EDGE_LOOP('',(#1672));
#4723=EDGE_LOOP('',(#1673));
#4724=EDGE_LOOP('',(#1674));
#4725=EDGE_LOOP('',(#1675));
#4726=EDGE_LOOP('',(#1676));
#4727=EDGE_LOOP('',(#1677));
#4728=EDGE_LOOP('',(#1678));
#4729=EDGE_LOOP('',(#1679));
#4730=EDGE_LOOP('',(#1680));
#4731=EDGE_LOOP('',(#1681));
#4732=EDGE_LOOP('',(#1682,#1683,#1684,#1685,#1686,#1687,#1688,#1689,#1690,
#1691,#1692,#1693));
#4733=EDGE_LOOP('',(#1694));
#4734=EDGE_LOOP('',(#1695,#1696,#1697,#1698));
#4735=EDGE_LOOP('',(#1699,#1700,#1701,#1702));
#4736=EDGE_LOOP('',(#1703));
#4737=EDGE_LOOP('',(#1704,#1705,#1706,#1707,#1708,#1709,#1710,#1711,#1712,
#1713,#1714,#1715));
#4738=EDGE_LOOP('',(#1716));
#4739=EDGE_LOOP('',(#1717));
#4740=EDGE_LOOP('',(#1718));
#4741=EDGE_LOOP('',(#1719));
#4742=EDGE_LOOP('',(#1720));
#4743=EDGE_LOOP('',(#1721));
#4744=EDGE_LOOP('',(#1722));
#4745=EDGE_LOOP('',(#1723,#1724,#1725,#1726));
#4746=EDGE_LOOP('',(#1727));
#4747=EDGE_LOOP('',(#1728,#1729,#1730,#1731));
#4748=EDGE_LOOP('',(#1732));
#4749=EDGE_LOOP('',(#1733,#1734,#1735,#1736));
#4750=EDGE_LOOP('',(#1737));
#4751=EDGE_LOOP('',(#1738,#1739,#1740,#1741));
#4752=EDGE_LOOP('',(#1742));
#4753=EDGE_LOOP('',(#1743));
#4754=EDGE_LOOP('',(#1744));
#4755=EDGE_LOOP('',(#1745));
#4756=EDGE_LOOP('',(#1746,#1747,#1748,#1749,#1750,#1751));
#4757=EDGE_LOOP('',(#1752,#1753,#1754,#1755,#1756,#1757));
#4758=EDGE_LOOP('',(#1758,#1759,#1760,#1761,#1762,#1763));
#4759=EDGE_LOOP('',(#1764,#1765,#1766,#1767,#1768,#1769));
#4760=EDGE_LOOP('',(#1770,#1771,#1772,#1773));
#4761=EDGE_LOOP('',(#1774,#1775,#1776,#1777));
#4762=EDGE_LOOP('',(#1778,#1779,#1780,#1781));
#4763=EDGE_LOOP('',(#1782,#1783,#1784,#1785));
#4764=EDGE_LOOP('',(#1786,#1787,#1788,#1789));
#4765=EDGE_LOOP('',(#1790,#1791,#1792,#1793));
#4766=EDGE_LOOP('',(#1794,#1795,#1796,#1797));
#4767=EDGE_LOOP('',(#1798,#1799,#1800,#1801));
#4768=EDGE_LOOP('',(#1802));
#4769=EDGE_LOOP('',(#1803));
#4770=EDGE_LOOP('',(#1804));
#4771=EDGE_LOOP('',(#1805));
#4772=EDGE_LOOP('',(#1806));
#4773=EDGE_LOOP('',(#1807));
#4774=EDGE_LOOP('',(#1808));
#4775=EDGE_LOOP('',(#1809));
#4776=EDGE_LOOP('',(#1810,#1811,#1812,#1813));
#4777=EDGE_LOOP('',(#1814,#1815,#1816,#1817));
#4778=EDGE_LOOP('',(#1818,#1819,#1820,#1821));
#4779=EDGE_LOOP('',(#1822,#1823,#1824,#1825));
#4780=EDGE_LOOP('',(#1826,#1827,#1828,#1829));
#4781=EDGE_LOOP('',(#1830,#1831,#1832,#1833));
#4782=EDGE_LOOP('',(#1834,#1835,#1836,#1837));
#4783=EDGE_LOOP('',(#1838,#1839,#1840,#1841));
#4784=EDGE_LOOP('',(#1842,#1843,#1844,#1845));
#4785=EDGE_LOOP('',(#1846,#1847,#1848,#1849));
#4786=EDGE_LOOP('',(#1850,#1851,#1852,#1853));
#4787=EDGE_LOOP('',(#1854,#1855,#1856,#1857));
#4788=EDGE_LOOP('',(#1858,#1859,#1860,#1861));
#4789=EDGE_LOOP('',(#1862,#1863,#1864,#1865));
#4790=EDGE_LOOP('',(#1866));
#4791=EDGE_LOOP('',(#1867));
#4792=EDGE_LOOP('',(#1868,#1869,#1870,#1871));
#4793=EDGE_LOOP('',(#1872,#1873,#1874,#1875,#1876,#1877));
#4794=EDGE_LOOP('',(#1878));
#4795=EDGE_LOOP('',(#1879));
#4796=EDGE_LOOP('',(#1880,#1881,#1882,#1883));
#4797=EDGE_LOOP('',(#1884,#1885,#1886,#1887));
#4798=EDGE_LOOP('',(#1888,#1889,#1890,#1891,#1892,#1893));
#4799=EDGE_LOOP('',(#1894,#1895,#1896,#1897));
#4800=EDGE_LOOP('',(#1898));
#4801=EDGE_LOOP('',(#1899));
#4802=EDGE_LOOP('',(#1900));
#4803=EDGE_LOOP('',(#1901,#1902,#1903,#1904));
#4804=EDGE_LOOP('',(#1905,#1906,#1907,#1908));
#4805=EDGE_LOOP('',(#1909,#1910,#1911,#1912));
#4806=EDGE_LOOP('',(#1913,#1914,#1915,#1916));
#4807=EDGE_LOOP('',(#1917,#1918,#1919,#1920));
#4808=EDGE_LOOP('',(#1921,#1922,#1923,#1924));
#4809=EDGE_LOOP('',(#1925,#1926,#1927,#1928));
#4810=EDGE_LOOP('',(#1929));
#4811=EDGE_LOOP('',(#1930,#1931,#1932,#1933));
#4812=EDGE_LOOP('',(#1934,#1935,#1936,#1937,#1938,#1939));
#4813=EDGE_LOOP('',(#1940,#1941,#1942,#1943));
#4814=EDGE_LOOP('',(#1944,#1945,#1946,#1947));
#4815=EDGE_LOOP('',(#1948,#1949,#1950,#1951));
#4816=EDGE_LOOP('',(#1952,#1953,#1954,#1955));
#4817=EDGE_LOOP('',(#1956));
#4818=EDGE_LOOP('',(#1957));
#4819=EDGE_LOOP('',(#1958));
#4820=EDGE_LOOP('',(#1959));
#4821=EDGE_LOOP('',(#1960));
#4822=EDGE_LOOP('',(#1961));
#4823=EDGE_LOOP('',(#1962));
#4824=EDGE_LOOP('',(#1963));
#4825=EDGE_LOOP('',(#1964));
#4826=EDGE_LOOP('',(#1965));
#4827=EDGE_LOOP('',(#1966));
#4828=EDGE_LOOP('',(#1967));
#4829=EDGE_LOOP('',(#1968));
#4830=EDGE_LOOP('',(#1969));
#4831=EDGE_LOOP('',(#1970));
#4832=EDGE_LOOP('',(#1971));
#4833=EDGE_LOOP('',(#1972));
#4834=EDGE_LOOP('',(#1973));
#4835=EDGE_LOOP('',(#1974));
#4836=EDGE_LOOP('',(#1975));
#4837=EDGE_LOOP('',(#1976));
#4838=EDGE_LOOP('',(#1977));
#4839=EDGE_LOOP('',(#1978));
#4840=EDGE_LOOP('',(#1979));
#4841=EDGE_LOOP('',(#1980));
#4842=EDGE_LOOP('',(#1981));
#4843=EDGE_LOOP('',(#1982));
#4844=EDGE_LOOP('',(#1983));
#4845=EDGE_LOOP('',(#1984));
#4846=EDGE_LOOP('',(#1985));
#4847=EDGE_LOOP('',(#1986));
#4848=EDGE_LOOP('',(#1987));
#4849=EDGE_LOOP('',(#1988,#1989,#1990,#1991));
#4850=EDGE_LOOP('',(#1992,#1993,#1994,#1995));
#4851=EDGE_LOOP('',(#1996,#1997,#1998,#1999));
#4852=EDGE_LOOP('',(#2000,#2001,#2002,#2003));
#4853=EDGE_LOOP('',(#2004,#2005,#2006,#2007));
#4854=EDGE_LOOP('',(#2008,#2009,#2010,#2011));
#4855=EDGE_LOOP('',(#2012));
#4856=EDGE_LOOP('',(#2013));
#4857=EDGE_LOOP('',(#2014));
#4858=EDGE_LOOP('',(#2015));
#4859=EDGE_LOOP('',(#2016));
#4860=EDGE_LOOP('',(#2017));
#4861=EDGE_LOOP('',(#2018));
#4862=EDGE_LOOP('',(#2019));
#4863=EDGE_LOOP('',(#2020));
#4864=EDGE_LOOP('',(#2021));
#4865=EDGE_LOOP('',(#2022));
#4866=EDGE_LOOP('',(#2023));
#4867=EDGE_LOOP('',(#2024));
#4868=EDGE_LOOP('',(#2025));
#4869=EDGE_LOOP('',(#2026));
#4870=EDGE_LOOP('',(#2027));
#4871=EDGE_LOOP('',(#2028));
#4872=EDGE_LOOP('',(#2029));
#4873=EDGE_LOOP('',(#2030));
#4874=EDGE_LOOP('',(#2031));
#4875=EDGE_LOOP('',(#2032));
#4876=EDGE_LOOP('',(#2033));
#4877=EDGE_LOOP('',(#2034));
#4878=EDGE_LOOP('',(#2035));
#4879=EDGE_LOOP('',(#2036,#2037,#2038,#2039,#2040,#2041));
#4880=EDGE_LOOP('',(#2042));
#4881=EDGE_LOOP('',(#2043,#2044,#2045,#2046,#2047,#2048));
#4882=EDGE_LOOP('',(#2049));
#4883=EDGE_LOOP('',(#2050));
#4884=EDGE_LOOP('',(#2051));
#4885=EDGE_LOOP('',(#2052));
#4886=EDGE_LOOP('',(#2053));
#4887=EDGE_LOOP('',(#2054));
#4888=EDGE_LOOP('',(#2055));
#4889=EDGE_LOOP('',(#2056));
#4890=EDGE_LOOP('',(#2057));
#4891=EDGE_LOOP('',(#2058));
#4892=EDGE_LOOP('',(#2059));
#4893=EDGE_LOOP('',(#2060));
#4894=EDGE_LOOP('',(#2061));
#4895=EDGE_LOOP('',(#2062));
#4896=EDGE_LOOP('',(#2063));
#4897=EDGE_LOOP('',(#2064));
#4898=EDGE_LOOP('',(#2065));
#4899=EDGE_LOOP('',(#2066));
#4900=EDGE_LOOP('',(#2067));
#4901=EDGE_LOOP('',(#2068));
#4902=EDGE_LOOP('',(#2069));
#4903=EDGE_LOOP('',(#2070));
#4904=EDGE_LOOP('',(#2071));
#4905=EDGE_LOOP('',(#2072));
#4906=EDGE_LOOP('',(#2073));
#4907=EDGE_LOOP('',(#2074));
#4908=EDGE_LOOP('',(#2075));
#4909=EDGE_LOOP('',(#2076));
#4910=EDGE_LOOP('',(#2077));
#4911=EDGE_LOOP('',(#2078));
#4912=EDGE_LOOP('',(#2079));
#4913=EDGE_LOOP('',(#2080));
#4914=EDGE_LOOP('',(#2081));
#4915=EDGE_LOOP('',(#2082));
#4916=EDGE_LOOP('',(#2083));
#4917=EDGE_LOOP('',(#2084));
#4918=EDGE_LOOP('',(#2085));
#4919=EDGE_LOOP('',(#2086));
#4920=EDGE_LOOP('',(#2087));
#4921=EDGE_LOOP('',(#2088));
#4922=EDGE_LOOP('',(#2089));
#4923=EDGE_LOOP('',(#2090));
#4924=EDGE_LOOP('',(#2091));
#4925=EDGE_LOOP('',(#2092));
#4926=EDGE_LOOP('',(#2093));
#4927=EDGE_LOOP('',(#2094));
#4928=EDGE_LOOP('',(#2095));
#4929=EDGE_LOOP('',(#2096));
#4930=EDGE_LOOP('',(#2097));
#4931=EDGE_LOOP('',(#2098));
#4932=EDGE_LOOP('',(#2099));
#4933=EDGE_LOOP('',(#2100));
#4934=EDGE_LOOP('',(#2101));
#4935=EDGE_LOOP('',(#2102));
#4936=EDGE_LOOP('',(#2103));
#4937=EDGE_LOOP('',(#2104));
#4938=EDGE_LOOP('',(#2105));
#4939=EDGE_LOOP('',(#2106));
#4940=EDGE_LOOP('',(#2107));
#4941=EDGE_LOOP('',(#2108));
#4942=EDGE_LOOP('',(#2109));
#4943=EDGE_LOOP('',(#2110));
#4944=EDGE_LOOP('',(#2111));
#4945=EDGE_LOOP('',(#2112,#2113,#2114,#2115,#2116,#2117,#2118,#2119,#2120));
#4946=EDGE_LOOP('',(#2121,#2122,#2123,#2124,#2125,#2126,#2127));
#4947=EDGE_LOOP('',(#2128,#2129,#2130,#2131));
#4948=EDGE_LOOP('',(#2132,#2133,#2134,#2135));
#4949=EDGE_LOOP('',(#2136,#2137,#2138,#2139));
#4950=EDGE_LOOP('',(#2140,#2141,#2142,#2143,#2144,#2145));
#4951=EDGE_LOOP('',(#2146,#2147,#2148,#2149));
#4952=EDGE_LOOP('',(#2150,#2151,#2152,#2153));
#4953=EDGE_LOOP('',(#2154,#2155,#2156,#2157,#2158,#2159,#2160,#2161,#2162,
#2163));
#4954=EDGE_LOOP('',(#2164));
#4955=EDGE_LOOP('',(#2165,#2166,#2167,#2168,#2169,#2170));
#4956=EDGE_LOOP('',(#2171));
#4957=EDGE_LOOP('',(#2172));
#4958=EDGE_LOOP('',(#2173));
#4959=EDGE_LOOP('',(#2174));
#4960=EDGE_LOOP('',(#2175));
#4961=EDGE_LOOP('',(#2176));
#4962=EDGE_LOOP('',(#2177));
#4963=EDGE_LOOP('',(#2178));
#4964=EDGE_LOOP('',(#2179));
#4965=EDGE_LOOP('',(#2180,#2181,#2182,#2183));
#4966=EDGE_LOOP('',(#2184));
#4967=EDGE_LOOP('',(#2185,#2186,#2187,#2188,#2189,#2190));
#4968=EDGE_LOOP('',(#2191,#2192,#2193,#2194,#2195));
#4969=EDGE_LOOP('',(#2196,#2197,#2198,#2199,#2200));
#4970=EDGE_LOOP('',(#2201,#2202,#2203,#2204));
#4971=EDGE_LOOP('',(#2205,#2206,#2207,#2208));
#4972=EDGE_LOOP('',(#2209,#2210,#2211,#2212));
#4973=EDGE_LOOP('',(#2213,#2214,#2215,#2216));
#4974=EDGE_LOOP('',(#2217,#2218,#2219,#2220));
#4975=EDGE_LOOP('',(#2221));
#4976=EDGE_LOOP('',(#2222));
#4977=EDGE_LOOP('',(#2223,#2224,#2225,#2226));
#4978=EDGE_LOOP('',(#2227,#2228,#2229,#2230));
#4979=EDGE_LOOP('',(#2231,#2232,#2233,#2234));
#4980=EDGE_LOOP('',(#2235,#2236,#2237,#2238));
#4981=EDGE_LOOP('',(#2239,#2240,#2241,#2242));
#4982=EDGE_LOOP('',(#2243,#2244,#2245,#2246));
#4983=EDGE_LOOP('',(#2247));
#4984=EDGE_LOOP('',(#2248));
#4985=EDGE_LOOP('',(#2249));
#4986=EDGE_LOOP('',(#2250));
#4987=EDGE_LOOP('',(#2251));
#4988=EDGE_LOOP('',(#2252));
#4989=EDGE_LOOP('',(#2253,#2254,#2255,#2256,#2257));
#4990=EDGE_LOOP('',(#2258,#2259,#2260,#2261));
#4991=EDGE_LOOP('',(#2262,#2263,#2264,#2265,#2266));
#4992=EDGE_LOOP('',(#2267));
#4993=EDGE_LOOP('',(#2268));
#4994=EDGE_LOOP('',(#2269,#2270,#2271,#2272));
#4995=EDGE_LOOP('',(#2273,#2274,#2275,#2276));
#4996=EDGE_LOOP('',(#2277,#2278,#2279,#2280));
#4997=EDGE_LOOP('',(#2281));
#4998=EDGE_LOOP('',(#2282,#2283,#2284,#2285,#2286,#2287));
#4999=EDGE_LOOP('',(#2288,#2289,#2290,#2291));
#5000=EDGE_LOOP('',(#2292));
#5001=EDGE_LOOP('',(#2293));
#5002=EDGE_LOOP('',(#2294,#2295,#2296,#2297));
#5003=EDGE_LOOP('',(#2298,#2299,#2300,#2301));
#5004=EDGE_LOOP('',(#2302,#2303,#2304,#2305));
#5005=EDGE_LOOP('',(#2306,#2307,#2308,#2309));
#5006=EDGE_LOOP('',(#2310,#2311,#2312,#2313));
#5007=EDGE_LOOP('',(#2314,#2315,#2316,#2317,#2318));
#5008=EDGE_LOOP('',(#2319,#2320,#2321,#2322));
#5009=EDGE_LOOP('',(#2323,#2324,#2325,#2326,#2327));
#5010=EDGE_LOOP('',(#2328,#2329,#2330,#2331));
#5011=EDGE_LOOP('',(#2332,#2333,#2334,#2335));
#5012=EDGE_LOOP('',(#2336,#2337,#2338,#2339));
#5013=EDGE_LOOP('',(#2340,#2341,#2342,#2343,#2344,#2345));
#5014=EDGE_LOOP('',(#2346));
#5015=EDGE_LOOP('',(#2347));
#5016=EDGE_LOOP('',(#2348,#2349,#2350,#2351,#2352,#2353,#2354,#2355));
#5017=EDGE_LOOP('',(#2356,#2357,#2358,#2359,#2360,#2361));
#5018=EDGE_LOOP('',(#2362,#2363,#2364,#2365));
#5019=EDGE_LOOP('',(#2366));
#5020=EDGE_LOOP('',(#2367,#2368,#2369,#2370,#2371,#2372,#2373,#2374,#2375,
#2376));
#5021=EDGE_LOOP('',(#2377,#2378,#2379,#2380));
#5022=EDGE_LOOP('',(#2381,#2382,#2383,#2384));
#5023=EDGE_LOOP('',(#2385));
#5024=EDGE_LOOP('',(#2386));
#5025=EDGE_LOOP('',(#2387));
#5026=EDGE_LOOP('',(#2388,#2389,#2390,#2391,#2392,#2393));
#5027=EDGE_LOOP('',(#2394));
#5028=EDGE_LOOP('',(#2395));
#5029=EDGE_LOOP('',(#2396));
#5030=EDGE_LOOP('',(#2397));
#5031=EDGE_LOOP('',(#2398,#2399,#2400,#2401));
#5032=EDGE_LOOP('',(#2402));
#5033=EDGE_LOOP('',(#2403,#2404,#2405,#2406,#2407,#2408));
#5034=EDGE_LOOP('',(#2409,#2410,#2411,#2412));
#5035=EDGE_LOOP('',(#2413));
#5036=EDGE_LOOP('',(#2414,#2415,#2416,#2417,#2418,#2419));
#5037=EDGE_LOOP('',(#2420,#2421,#2422,#2423,#2424));
#5038=EDGE_LOOP('',(#2425,#2426,#2427,#2428,#2429));
#5039=EDGE_LOOP('',(#2430,#2431,#2432,#2433,#2434));
#5040=EDGE_LOOP('',(#2435,#2436,#2437,#2438,#2439));
#5041=EDGE_LOOP('',(#2440));
#5042=EDGE_LOOP('',(#2441));
#5043=EDGE_LOOP('',(#2442,#2443,#2444,#2445));
#5044=EDGE_LOOP('',(#2446,#2447,#2448,#2449));
#5045=EDGE_LOOP('',(#2450,#2451,#2452,#2453));
#5046=EDGE_LOOP('',(#2454,#2455,#2456,#2457));
#5047=EDGE_LOOP('',(#2458,#2459,#2460,#2461));
#5048=EDGE_LOOP('',(#2462,#2463,#2464,#2465));
#5049=EDGE_LOOP('',(#2466,#2467,#2468,#2469));
#5050=EDGE_LOOP('',(#2470,#2471,#2472,#2473));
#5051=EDGE_LOOP('',(#2474,#2475,#2476,#2477));
#5052=EDGE_LOOP('',(#2478,#2479,#2480,#2481));
#5053=EDGE_LOOP('',(#2482));
#5054=EDGE_LOOP('',(#2483));
#5055=EDGE_LOOP('',(#2484));
#5056=EDGE_LOOP('',(#2485));
#5057=EDGE_LOOP('',(#2486));
#5058=EDGE_LOOP('',(#2487));
#5059=EDGE_LOOP('',(#2488,#2489,#2490,#2491));
#5060=EDGE_LOOP('',(#2492,#2493,#2494,#2495));
#5061=EDGE_LOOP('',(#2496,#2497,#2498,#2499));
#5062=EDGE_LOOP('',(#2500,#2501,#2502,#2503));
#5063=EDGE_LOOP('',(#2504,#2505,#2506,#2507));
#5064=EDGE_LOOP('',(#2508,#2509,#2510,#2511));
#5065=EDGE_LOOP('',(#2512));
#5066=EDGE_LOOP('',(#2513));
#5067=EDGE_LOOP('',(#2514,#2515,#2516,#2517,#2518));
#5068=EDGE_LOOP('',(#2519,#2520,#2521,#2522));
#5069=EDGE_LOOP('',(#2523,#2524,#2525,#2526,#2527));
#5070=EDGE_LOOP('',(#2528));
#5071=EDGE_LOOP('',(#2529));
#5072=EDGE_LOOP('',(#2530,#2531,#2532,#2533,#2534));
#5073=EDGE_LOOP('',(#2535,#2536,#2537,#2538));
#5074=EDGE_LOOP('',(#2539,#2540,#2541,#2542,#2543));
#5075=EDGE_LOOP('',(#2544,#2545,#2546,#2547));
#5076=EDGE_LOOP('',(#2548,#2549,#2550,#2551));
#5077=EDGE_LOOP('',(#2552,#2553,#2554,#2555));
#5078=EDGE_LOOP('',(#2556,#2557,#2558,#2559));
#5079=EDGE_LOOP('',(#2560,#2561,#2562,#2563));
#5080=EDGE_LOOP('',(#2564,#2565,#2566,#2567));
#5081=EDGE_LOOP('',(#2568,#2569,#2570,#2571,#2572,#2573));
#5082=EDGE_LOOP('',(#2574,#2575,#2576,#2577));
#5083=EDGE_LOOP('',(#2578,#2579,#2580,#2581));
#5084=EDGE_LOOP('',(#2582));
#5085=EDGE_LOOP('',(#2583));
#5086=EDGE_LOOP('',(#2584));
#5087=EDGE_LOOP('',(#2585,#2586,#2587,#2588,#2589,#2590));
#5088=EDGE_LOOP('',(#2591,#2592,#2593,#2594));
#5089=EDGE_LOOP('',(#2595,#2596,#2597,#2598));
#5090=EDGE_LOOP('',(#2599));
#5091=EDGE_LOOP('',(#2600));
#5092=EDGE_LOOP('',(#2601));
#5093=EDGE_LOOP('',(#2602));
#5094=EDGE_LOOP('',(#2603));
#5095=EDGE_LOOP('',(#2604,#2605,#2606,#2607));
#5096=EDGE_LOOP('',(#2608,#2609,#2610,#2611,#2612,#2613));
#5097=EDGE_LOOP('',(#2614,#2615,#2616,#2617));
#5098=EDGE_LOOP('',(#2618,#2619,#2620,#2621));
#5099=EDGE_LOOP('',(#2622,#2623,#2624,#2625));
#5100=EDGE_LOOP('',(#2626,#2627,#2628,#2629));
#5101=EDGE_LOOP('',(#2630));
#5102=EDGE_LOOP('',(#2631));
#5103=EDGE_LOOP('',(#2632,#2633,#2634,#2635));
#5104=EDGE_LOOP('',(#2636,#2637,#2638,#2639));
#5105=EDGE_LOOP('',(#2640,#2641,#2642,#2643));
#5106=EDGE_LOOP('',(#2644,#2645,#2646,#2647));
#5107=EDGE_LOOP('',(#2648));
#5108=EDGE_LOOP('',(#2649));
#5109=EDGE_LOOP('',(#2650));
#5110=EDGE_LOOP('',(#2651));
#5111=EDGE_LOOP('',(#2652));
#5112=EDGE_LOOP('',(#2653));
#5113=EDGE_LOOP('',(#2654,#2655,#2656,#2657,#2658));
#5114=EDGE_LOOP('',(#2659,#2660,#2661,#2662));
#5115=EDGE_LOOP('',(#2663,#2664,#2665,#2666,#2667));
#5116=EDGE_LOOP('',(#2668,#2669,#2670,#2671));
#5117=EDGE_LOOP('',(#2672,#2673,#2674,#2675));
#5118=EDGE_LOOP('',(#2676,#2677,#2678,#2679,#2680,#2681,#2682,#2683,#2684,
#2685,#2686,#2687));
#5119=EDGE_LOOP('',(#2688,#2689,#2690,#2691));
#5120=EDGE_LOOP('',(#2692,#2693,#2694,#2695));
#5121=EDGE_LOOP('',(#2696,#2697,#2698,#2699));
#5122=EDGE_LOOP('',(#2700));
#5123=EDGE_LOOP('',(#2701));
#5124=EDGE_LOOP('',(#2702,#2703,#2704,#2705,#2706,#2707,#2708,#2709));
#5125=EDGE_LOOP('',(#2710));
#5126=EDGE_LOOP('',(#2711));
#5127=EDGE_LOOP('',(#2712,#2713,#2714,#2715,#2716,#2717,#2718,#2719));
#5128=EDGE_LOOP('',(#2720));
#5129=EDGE_LOOP('',(#2721));
#5130=EDGE_LOOP('',(#2722));
#5131=EDGE_LOOP('',(#2723));
#5132=EDGE_LOOP('',(#2724,#2725,#2726,#2727));
#5133=EDGE_LOOP('',(#2728,#2729,#2730,#2731,#2732,#2733));
#5134=EDGE_LOOP('',(#2734,#2735,#2736,#2737));
#5135=EDGE_LOOP('',(#2738,#2739,#2740,#2741));
#5136=EDGE_LOOP('',(#2742,#2743,#2744,#2745,#2746));
#5137=EDGE_LOOP('',(#2747,#2748,#2749,#2750));
#5138=EDGE_LOOP('',(#2751,#2752,#2753,#2754,#2755));
#5139=EDGE_LOOP('',(#2756,#2757,#2758,#2759,#2760,#2761));
#5140=EDGE_LOOP('',(#2762,#2763,#2764,#2765));
#5141=EDGE_LOOP('',(#2766,#2767,#2768));
#5142=EDGE_LOOP('',(#2769,#2770,#2771));
#5143=EDGE_LOOP('',(#2772,#2773,#2774,#2775));
#5144=EDGE_LOOP('',(#2776,#2777,#2778,#2779));
#5145=EDGE_LOOP('',(#2780));
#5146=EDGE_LOOP('',(#2781));
#5147=EDGE_LOOP('',(#2782));
#5148=EDGE_LOOP('',(#2783));
#5149=EDGE_LOOP('',(#2784,#2785,#2786,#2787));
#5150=EDGE_LOOP('',(#2788,#2789,#2790,#2791));
#5151=EDGE_LOOP('',(#2792,#2793,#2794,#2795));
#5152=EDGE_LOOP('',(#2796,#2797,#2798,#2799));
#5153=EDGE_LOOP('',(#2800,#2801,#2802,#2803));
#5154=EDGE_LOOP('',(#2804,#2805,#2806,#2807));
#5155=EDGE_LOOP('',(#2808));
#5156=EDGE_LOOP('',(#2809));
#5157=EDGE_LOOP('',(#2810));
#5158=EDGE_LOOP('',(#2811));
#5159=EDGE_LOOP('',(#2812));
#5160=EDGE_LOOP('',(#2813));
#5161=EDGE_LOOP('',(#2814));
#5162=EDGE_LOOP('',(#2815));
#5163=EDGE_LOOP('',(#2816));
#5164=EDGE_LOOP('',(#2817));
#5165=EDGE_LOOP('',(#2818));
#5166=EDGE_LOOP('',(#2819));
#5167=EDGE_LOOP('',(#2820));
#5168=EDGE_LOOP('',(#2821));
#5169=EDGE_LOOP('',(#2822));
#5170=EDGE_LOOP('',(#2823));
#5171=EDGE_LOOP('',(#2824));
#5172=EDGE_LOOP('',(#2825));
#5173=EDGE_LOOP('',(#2826));
#5174=EDGE_LOOP('',(#2827));
#5175=EDGE_LOOP('',(#2828));
#5176=EDGE_LOOP('',(#2829));
#5177=EDGE_LOOP('',(#2830));
#5178=EDGE_LOOP('',(#2831));
#5179=EDGE_LOOP('',(#2832,#2833,#2834,#2835,#2836,#2837));
#5180=EDGE_LOOP('',(#2838));
#5181=EDGE_LOOP('',(#2839,#2840,#2841,#2842,#2843,#2844));
#5182=EDGE_LOOP('',(#2845));
#5183=EDGE_LOOP('',(#2846));
#5184=EDGE_LOOP('',(#2847));
#5185=EDGE_LOOP('',(#2848));
#5186=EDGE_LOOP('',(#2849));
#5187=EDGE_LOOP('',(#2850));
#5188=EDGE_LOOP('',(#2851));
#5189=EDGE_LOOP('',(#2852));
#5190=EDGE_LOOP('',(#2853));
#5191=EDGE_LOOP('',(#2854));
#5192=EDGE_LOOP('',(#2855));
#5193=EDGE_LOOP('',(#2856));
#5194=EDGE_LOOP('',(#2857));
#5195=EDGE_LOOP('',(#2858));
#5196=EDGE_LOOP('',(#2859));
#5197=EDGE_LOOP('',(#2860));
#5198=EDGE_LOOP('',(#2861));
#5199=EDGE_LOOP('',(#2862));
#5200=EDGE_LOOP('',(#2863));
#5201=EDGE_LOOP('',(#2864));
#5202=EDGE_LOOP('',(#2865));
#5203=EDGE_LOOP('',(#2866));
#5204=EDGE_LOOP('',(#2867));
#5205=EDGE_LOOP('',(#2868));
#5206=EDGE_LOOP('',(#2869));
#5207=EDGE_LOOP('',(#2870));
#5208=EDGE_LOOP('',(#2871));
#5209=EDGE_LOOP('',(#2872));
#5210=EDGE_LOOP('',(#2873));
#5211=EDGE_LOOP('',(#2874));
#5212=EDGE_LOOP('',(#2875));
#5213=EDGE_LOOP('',(#2876));
#5214=EDGE_LOOP('',(#2877));
#5215=EDGE_LOOP('',(#2878));
#5216=EDGE_LOOP('',(#2879));
#5217=EDGE_LOOP('',(#2880));
#5218=EDGE_LOOP('',(#2881));
#5219=EDGE_LOOP('',(#2882));
#5220=EDGE_LOOP('',(#2883));
#5221=EDGE_LOOP('',(#2884));
#5222=EDGE_LOOP('',(#2885));
#5223=EDGE_LOOP('',(#2886));
#5224=EDGE_LOOP('',(#2887));
#5225=EDGE_LOOP('',(#2888));
#5226=EDGE_LOOP('',(#2889));
#5227=EDGE_LOOP('',(#2890));
#5228=EDGE_LOOP('',(#2891));
#5229=EDGE_LOOP('',(#2892));
#5230=EDGE_LOOP('',(#2893));
#5231=EDGE_LOOP('',(#2894));
#5232=EDGE_LOOP('',(#2895));
#5233=EDGE_LOOP('',(#2896));
#5234=EDGE_LOOP('',(#2897));
#5235=EDGE_LOOP('',(#2898));
#5236=EDGE_LOOP('',(#2899));
#5237=EDGE_LOOP('',(#2900));
#5238=EDGE_LOOP('',(#2901));
#5239=EDGE_LOOP('',(#2902));
#5240=EDGE_LOOP('',(#2903));
#5241=EDGE_LOOP('',(#2904));
#5242=EDGE_LOOP('',(#2905));
#5243=EDGE_LOOP('',(#2906));
#5244=EDGE_LOOP('',(#2907));
#5245=EDGE_LOOP('',(#2908));
#5246=EDGE_LOOP('',(#2909));
#5247=FACE_BOUND('',#4604,.T.);
#5248=FACE_BOUND('',#4605,.T.);
#5249=FACE_BOUND('',#4606,.T.);
#5250=FACE_BOUND('',#4607,.T.);
#5251=FACE_BOUND('',#4608,.T.);
#5252=FACE_BOUND('',#4609,.T.);
#5253=FACE_BOUND('',#4610,.T.);
#5254=FACE_BOUND('',#4611,.T.);
#5255=FACE_BOUND('',#4612,.T.);
#5256=FACE_BOUND('',#4613,.T.);
#5257=FACE_BOUND('',#4614,.T.);
#5258=FACE_BOUND('',#4615,.T.);
#5259=FACE_BOUND('',#4616,.T.);
#5260=FACE_BOUND('',#4617,.T.);
#5261=FACE_BOUND('',#4618,.T.);
#5262=FACE_BOUND('',#4619,.T.);
#5263=FACE_BOUND('',#4620,.T.);
#5264=FACE_BOUND('',#4621,.T.);
#5265=FACE_BOUND('',#4622,.T.);
#5266=FACE_BOUND('',#4623,.T.);
#5267=FACE_BOUND('',#4624,.T.);
#5268=FACE_BOUND('',#4625,.T.);
#5269=FACE_BOUND('',#4626,.T.);
#5270=FACE_BOUND('',#4627,.T.);
#5271=FACE_BOUND('',#4628,.T.);
#5272=FACE_BOUND('',#4629,.T.);
#5273=FACE_BOUND('',#4630,.T.);
#5274=FACE_BOUND('',#4631,.T.);
#5275=FACE_BOUND('',#4632,.T.);
#5276=FACE_BOUND('',#4633,.T.);
#5277=FACE_BOUND('',#4634,.T.);
#5278=FACE_BOUND('',#4635,.T.);
#5279=FACE_BOUND('',#4636,.T.);
#5280=FACE_BOUND('',#4637,.T.);
#5281=FACE_BOUND('',#4638,.T.);
#5282=FACE_BOUND('',#4639,.T.);
#5283=FACE_BOUND('',#4640,.T.);
#5284=FACE_BOUND('',#4641,.T.);
#5285=FACE_BOUND('',#4642,.T.);
#5286=FACE_BOUND('',#4643,.T.);
#5287=FACE_BOUND('',#4644,.T.);
#5288=FACE_BOUND('',#4645,.T.);
#5289=FACE_BOUND('',#4646,.T.);
#5290=FACE_BOUND('',#4647,.T.);
#5291=FACE_BOUND('',#4648,.T.);
#5292=FACE_BOUND('',#4649,.T.);
#5293=FACE_BOUND('',#4650,.T.);
#5294=FACE_BOUND('',#4651,.T.);
#5295=FACE_BOUND('',#4652,.T.);
#5296=FACE_BOUND('',#4653,.T.);
#5297=FACE_BOUND('',#4654,.T.);
#5298=FACE_BOUND('',#4655,.T.);
#5299=FACE_BOUND('',#4656,.T.);
#5300=FACE_BOUND('',#4657,.T.);
#5301=FACE_BOUND('',#4658,.T.);
#5302=FACE_BOUND('',#4659,.T.);
#5303=FACE_BOUND('',#4660,.T.);
#5304=FACE_BOUND('',#4661,.T.);
#5305=FACE_BOUND('',#4662,.T.);
#5306=FACE_BOUND('',#4663,.T.);
#5307=FACE_BOUND('',#4664,.T.);
#5308=FACE_BOUND('',#4665,.T.);
#5309=FACE_BOUND('',#4666,.T.);
#5310=FACE_BOUND('',#4667,.T.);
#5311=FACE_BOUND('',#4668,.T.);
#5312=FACE_BOUND('',#4669,.T.);
#5313=FACE_BOUND('',#4670,.T.);
#5314=FACE_BOUND('',#4671,.T.);
#5315=FACE_BOUND('',#4672,.T.);
#5316=FACE_BOUND('',#4673,.T.);
#5317=FACE_BOUND('',#4674,.T.);
#5318=FACE_BOUND('',#4675,.T.);
#5319=FACE_BOUND('',#4676,.T.);
#5320=FACE_BOUND('',#4677,.T.);
#5321=FACE_BOUND('',#4678,.T.);
#5322=FACE_BOUND('',#4679,.T.);
#5323=FACE_BOUND('',#4680,.T.);
#5324=FACE_BOUND('',#4681,.T.);
#5325=FACE_BOUND('',#4682,.T.);
#5326=FACE_BOUND('',#4683,.T.);
#5327=FACE_BOUND('',#4684,.T.);
#5328=FACE_BOUND('',#4685,.T.);
#5329=FACE_BOUND('',#4686,.T.);
#5330=FACE_BOUND('',#4687,.T.);
#5331=FACE_BOUND('',#4688,.T.);
#5332=FACE_BOUND('',#4689,.T.);
#5333=FACE_BOUND('',#4690,.T.);
#5334=FACE_BOUND('',#4691,.T.);
#5335=FACE_BOUND('',#4692,.T.);
#5336=FACE_BOUND('',#4693,.T.);
#5337=FACE_BOUND('',#4694,.T.);
#5338=FACE_BOUND('',#4695,.T.);
#5339=FACE_BOUND('',#4696,.T.);
#5340=FACE_BOUND('',#4697,.T.);
#5341=FACE_BOUND('',#4698,.T.);
#5342=FACE_BOUND('',#4699,.T.);
#5343=FACE_BOUND('',#4700,.T.);
#5344=FACE_BOUND('',#4701,.T.);
#5345=FACE_BOUND('',#4702,.T.);
#5346=FACE_BOUND('',#4703,.T.);
#5347=FACE_BOUND('',#4704,.T.);
#5348=FACE_BOUND('',#4705,.T.);
#5349=FACE_BOUND('',#4706,.T.);
#5350=FACE_BOUND('',#4707,.T.);
#5351=FACE_BOUND('',#4708,.T.);
#5352=FACE_BOUND('',#4709,.T.);
#5353=FACE_BOUND('',#4710,.T.);
#5354=FACE_BOUND('',#4711,.T.);
#5355=FACE_BOUND('',#4712,.T.);
#5356=FACE_BOUND('',#4713,.T.);
#5357=FACE_BOUND('',#4714,.T.);
#5358=FACE_BOUND('',#4715,.T.);
#5359=FACE_BOUND('',#4716,.T.);
#5360=FACE_BOUND('',#4717,.T.);
#5361=FACE_BOUND('',#4718,.T.);
#5362=FACE_BOUND('',#4719,.T.);
#5363=FACE_BOUND('',#4720,.T.);
#5364=FACE_BOUND('',#4721,.T.);
#5365=FACE_BOUND('',#4722,.T.);
#5366=FACE_BOUND('',#4723,.T.);
#5367=FACE_BOUND('',#4724,.T.);
#5368=FACE_BOUND('',#4725,.T.);
#5369=FACE_BOUND('',#4726,.T.);
#5370=FACE_BOUND('',#4727,.T.);
#5371=FACE_BOUND('',#4728,.T.);
#5372=FACE_BOUND('',#4729,.T.);
#5373=FACE_BOUND('',#4730,.T.);
#5374=FACE_BOUND('',#4731,.T.);
#5375=FACE_BOUND('',#4732,.T.);
#5376=FACE_BOUND('',#4733,.T.);
#5377=FACE_BOUND('',#4734,.T.);
#5378=FACE_BOUND('',#4735,.T.);
#5379=FACE_BOUND('',#4736,.T.);
#5380=FACE_BOUND('',#4737,.T.);
#5381=FACE_BOUND('',#4738,.T.);
#5382=FACE_BOUND('',#4739,.T.);
#5383=FACE_BOUND('',#4740,.T.);
#5384=FACE_BOUND('',#4741,.T.);
#5385=FACE_BOUND('',#4742,.T.);
#5386=FACE_BOUND('',#4743,.T.);
#5387=FACE_BOUND('',#4744,.T.);
#5388=FACE_BOUND('',#4745,.T.);
#5389=FACE_BOUND('',#4746,.T.);
#5390=FACE_BOUND('',#4747,.T.);
#5391=FACE_BOUND('',#4748,.T.);
#5392=FACE_BOUND('',#4749,.T.);
#5393=FACE_BOUND('',#4750,.T.);
#5394=FACE_BOUND('',#4751,.T.);
#5395=FACE_BOUND('',#4752,.T.);
#5396=FACE_BOUND('',#4753,.T.);
#5397=FACE_BOUND('',#4754,.T.);
#5398=FACE_BOUND('',#4755,.T.);
#5399=FACE_BOUND('',#4756,.T.);
#5400=FACE_BOUND('',#4757,.T.);
#5401=FACE_BOUND('',#4758,.T.);
#5402=FACE_BOUND('',#4759,.T.);
#5403=FACE_BOUND('',#4760,.T.);
#5404=FACE_BOUND('',#4761,.T.);
#5405=FACE_BOUND('',#4762,.T.);
#5406=FACE_BOUND('',#4763,.T.);
#5407=FACE_BOUND('',#4764,.T.);
#5408=FACE_BOUND('',#4765,.T.);
#5409=FACE_BOUND('',#4766,.T.);
#5410=FACE_BOUND('',#4767,.T.);
#5411=FACE_BOUND('',#4768,.T.);
#5412=FACE_BOUND('',#4769,.T.);
#5413=FACE_BOUND('',#4770,.T.);
#5414=FACE_BOUND('',#4771,.T.);
#5415=FACE_BOUND('',#4772,.T.);
#5416=FACE_BOUND('',#4773,.T.);
#5417=FACE_BOUND('',#4774,.T.);
#5418=FACE_BOUND('',#4775,.T.);
#5419=FACE_BOUND('',#4776,.T.);
#5420=FACE_BOUND('',#4777,.T.);
#5421=FACE_BOUND('',#4778,.T.);
#5422=FACE_BOUND('',#4779,.T.);
#5423=FACE_BOUND('',#4780,.T.);
#5424=FACE_BOUND('',#4781,.T.);
#5425=FACE_BOUND('',#4782,.T.);
#5426=FACE_BOUND('',#4783,.T.);
#5427=FACE_BOUND('',#4784,.T.);
#5428=FACE_BOUND('',#4785,.T.);
#5429=FACE_BOUND('',#4786,.T.);
#5430=FACE_BOUND('',#4787,.T.);
#5431=FACE_BOUND('',#4788,.T.);
#5432=FACE_BOUND('',#4789,.T.);
#5433=FACE_BOUND('',#4790,.T.);
#5434=FACE_BOUND('',#4791,.T.);
#5435=FACE_BOUND('',#4792,.T.);
#5436=FACE_BOUND('',#4793,.T.);
#5437=FACE_BOUND('',#4794,.T.);
#5438=FACE_BOUND('',#4795,.T.);
#5439=FACE_BOUND('',#4796,.T.);
#5440=FACE_BOUND('',#4797,.T.);
#5441=FACE_BOUND('',#4798,.T.);
#5442=FACE_BOUND('',#4799,.T.);
#5443=FACE_BOUND('',#4800,.T.);
#5444=FACE_BOUND('',#4801,.T.);
#5445=FACE_BOUND('',#4802,.T.);
#5446=FACE_BOUND('',#4803,.T.);
#5447=FACE_BOUND('',#4804,.T.);
#5448=FACE_BOUND('',#4805,.T.);
#5449=FACE_BOUND('',#4806,.T.);
#5450=FACE_BOUND('',#4807,.T.);
#5451=FACE_BOUND('',#4808,.T.);
#5452=FACE_BOUND('',#4809,.T.);
#5453=FACE_BOUND('',#4810,.T.);
#5454=FACE_BOUND('',#4811,.T.);
#5455=FACE_BOUND('',#4812,.T.);
#5456=FACE_BOUND('',#4813,.T.);
#5457=FACE_BOUND('',#4814,.T.);
#5458=FACE_BOUND('',#4815,.T.);
#5459=FACE_BOUND('',#4816,.T.);
#5460=FACE_BOUND('',#4817,.T.);
#5461=FACE_BOUND('',#4818,.T.);
#5462=FACE_BOUND('',#4819,.T.);
#5463=FACE_BOUND('',#4820,.T.);
#5464=FACE_BOUND('',#4821,.T.);
#5465=FACE_BOUND('',#4822,.T.);
#5466=FACE_BOUND('',#4823,.T.);
#5467=FACE_BOUND('',#4824,.T.);
#5468=FACE_BOUND('',#4825,.T.);
#5469=FACE_BOUND('',#4826,.T.);
#5470=FACE_BOUND('',#4827,.T.);
#5471=FACE_BOUND('',#4828,.T.);
#5472=FACE_BOUND('',#4829,.T.);
#5473=FACE_BOUND('',#4830,.T.);
#5474=FACE_BOUND('',#4831,.T.);
#5475=FACE_BOUND('',#4832,.T.);
#5476=FACE_BOUND('',#4833,.T.);
#5477=FACE_BOUND('',#4834,.T.);
#5478=FACE_BOUND('',#4835,.T.);
#5479=FACE_BOUND('',#4836,.T.);
#5480=FACE_BOUND('',#4837,.T.);
#5481=FACE_BOUND('',#4838,.T.);
#5482=FACE_BOUND('',#4839,.T.);
#5483=FACE_BOUND('',#4840,.T.);
#5484=FACE_BOUND('',#4841,.T.);
#5485=FACE_BOUND('',#4842,.T.);
#5486=FACE_BOUND('',#4843,.T.);
#5487=FACE_BOUND('',#4844,.T.);
#5488=FACE_BOUND('',#4845,.T.);
#5489=FACE_BOUND('',#4846,.T.);
#5490=FACE_BOUND('',#4847,.T.);
#5491=FACE_BOUND('',#4848,.T.);
#5492=FACE_BOUND('',#4849,.T.);
#5493=FACE_BOUND('',#4850,.T.);
#5494=FACE_BOUND('',#4851,.T.);
#5495=FACE_BOUND('',#4852,.T.);
#5496=FACE_BOUND('',#4853,.T.);
#5497=FACE_BOUND('',#4854,.T.);
#5498=FACE_BOUND('',#4855,.T.);
#5499=FACE_BOUND('',#4856,.T.);
#5500=FACE_BOUND('',#4857,.T.);
#5501=FACE_BOUND('',#4858,.T.);
#5502=FACE_BOUND('',#4859,.T.);
#5503=FACE_BOUND('',#4860,.T.);
#5504=FACE_BOUND('',#4861,.T.);
#5505=FACE_BOUND('',#4862,.T.);
#5506=FACE_BOUND('',#4863,.T.);
#5507=FACE_BOUND('',#4864,.T.);
#5508=FACE_BOUND('',#4865,.T.);
#5509=FACE_BOUND('',#4866,.T.);
#5510=FACE_BOUND('',#4867,.T.);
#5511=FACE_BOUND('',#4868,.T.);
#5512=FACE_BOUND('',#4869,.T.);
#5513=FACE_BOUND('',#4870,.T.);
#5514=FACE_BOUND('',#4871,.T.);
#5515=FACE_BOUND('',#4872,.T.);
#5516=FACE_BOUND('',#4873,.T.);
#5517=FACE_BOUND('',#4874,.T.);
#5518=FACE_BOUND('',#4875,.T.);
#5519=FACE_BOUND('',#4876,.T.);
#5520=FACE_BOUND('',#4877,.T.);
#5521=FACE_BOUND('',#4878,.T.);
#5522=FACE_BOUND('',#4879,.T.);
#5523=FACE_BOUND('',#4880,.T.);
#5524=FACE_BOUND('',#4881,.T.);
#5525=FACE_BOUND('',#4882,.T.);
#5526=FACE_BOUND('',#4883,.T.);
#5527=FACE_BOUND('',#4884,.T.);
#5528=FACE_BOUND('',#4885,.T.);
#5529=FACE_BOUND('',#4886,.T.);
#5530=FACE_BOUND('',#4887,.T.);
#5531=FACE_BOUND('',#4888,.T.);
#5532=FACE_BOUND('',#4889,.T.);
#5533=FACE_BOUND('',#4890,.T.);
#5534=FACE_BOUND('',#4891,.T.);
#5535=FACE_BOUND('',#4892,.T.);
#5536=FACE_BOUND('',#4893,.T.);
#5537=FACE_BOUND('',#4894,.T.);
#5538=FACE_BOUND('',#4895,.T.);
#5539=FACE_BOUND('',#4896,.T.);
#5540=FACE_BOUND('',#4897,.T.);
#5541=FACE_BOUND('',#4898,.T.);
#5542=FACE_BOUND('',#4899,.T.);
#5543=FACE_BOUND('',#4900,.T.);
#5544=FACE_BOUND('',#4901,.T.);
#5545=FACE_BOUND('',#4902,.T.);
#5546=FACE_BOUND('',#4903,.T.);
#5547=FACE_BOUND('',#4904,.T.);
#5548=FACE_BOUND('',#4905,.T.);
#5549=FACE_BOUND('',#4906,.T.);
#5550=FACE_BOUND('',#4907,.T.);
#5551=FACE_BOUND('',#4908,.T.);
#5552=FACE_BOUND('',#4909,.T.);
#5553=FACE_BOUND('',#4910,.T.);
#5554=FACE_BOUND('',#4911,.T.);
#5555=FACE_BOUND('',#4912,.T.);
#5556=FACE_BOUND('',#4913,.T.);
#5557=FACE_BOUND('',#4914,.T.);
#5558=FACE_BOUND('',#4915,.T.);
#5559=FACE_BOUND('',#4916,.T.);
#5560=FACE_BOUND('',#4917,.T.);
#5561=FACE_BOUND('',#4918,.T.);
#5562=FACE_BOUND('',#4919,.T.);
#5563=FACE_BOUND('',#4920,.T.);
#5564=FACE_BOUND('',#4921,.T.);
#5565=FACE_BOUND('',#4922,.T.);
#5566=FACE_BOUND('',#4923,.T.);
#5567=FACE_BOUND('',#4924,.T.);
#5568=FACE_BOUND('',#4925,.T.);
#5569=FACE_BOUND('',#4926,.T.);
#5570=FACE_BOUND('',#4927,.T.);
#5571=FACE_BOUND('',#4928,.T.);
#5572=FACE_BOUND('',#4929,.T.);
#5573=FACE_BOUND('',#4930,.T.);
#5574=FACE_BOUND('',#4931,.T.);
#5575=FACE_BOUND('',#4932,.T.);
#5576=FACE_BOUND('',#4933,.T.);
#5577=FACE_BOUND('',#4934,.T.);
#5578=FACE_BOUND('',#4935,.T.);
#5579=FACE_BOUND('',#4936,.T.);
#5580=FACE_BOUND('',#4937,.T.);
#5581=FACE_BOUND('',#4938,.T.);
#5582=FACE_BOUND('',#4939,.T.);
#5583=FACE_BOUND('',#4940,.T.);
#5584=FACE_BOUND('',#4941,.T.);
#5585=FACE_BOUND('',#4942,.T.);
#5586=FACE_BOUND('',#4943,.T.);
#5587=FACE_BOUND('',#4944,.T.);
#5588=FACE_BOUND('',#4945,.T.);
#5589=FACE_BOUND('',#4946,.T.);
#5590=FACE_BOUND('',#4947,.T.);
#5591=FACE_BOUND('',#4948,.T.);
#5592=FACE_BOUND('',#4949,.T.);
#5593=FACE_BOUND('',#4950,.T.);
#5594=FACE_BOUND('',#4951,.T.);
#5595=FACE_BOUND('',#4952,.T.);
#5596=FACE_BOUND('',#4953,.T.);
#5597=FACE_BOUND('',#4954,.T.);
#5598=FACE_BOUND('',#4955,.T.);
#5599=FACE_BOUND('',#4956,.T.);
#5600=FACE_BOUND('',#4957,.T.);
#5601=FACE_BOUND('',#4958,.T.);
#5602=FACE_BOUND('',#4959,.T.);
#5603=FACE_BOUND('',#4960,.T.);
#5604=FACE_BOUND('',#4961,.T.);
#5605=FACE_BOUND('',#4962,.T.);
#5606=FACE_BOUND('',#4963,.T.);
#5607=FACE_BOUND('',#4964,.T.);
#5608=FACE_BOUND('',#4965,.T.);
#5609=FACE_BOUND('',#4966,.T.);
#5610=FACE_BOUND('',#4967,.T.);
#5611=FACE_BOUND('',#4968,.T.);
#5612=FACE_BOUND('',#4969,.T.);
#5613=FACE_BOUND('',#4970,.T.);
#5614=FACE_BOUND('',#4971,.T.);
#5615=FACE_BOUND('',#4972,.T.);
#5616=FACE_BOUND('',#4973,.T.);
#5617=FACE_BOUND('',#4974,.T.);
#5618=FACE_BOUND('',#4975,.T.);
#5619=FACE_BOUND('',#4976,.T.);
#5620=FACE_BOUND('',#4977,.T.);
#5621=FACE_BOUND('',#4978,.T.);
#5622=FACE_BOUND('',#4979,.T.);
#5623=FACE_BOUND('',#4980,.T.);
#5624=FACE_BOUND('',#4981,.T.);
#5625=FACE_BOUND('',#4982,.T.);
#5626=FACE_BOUND('',#4983,.T.);
#5627=FACE_BOUND('',#4984,.T.);
#5628=FACE_BOUND('',#4985,.T.);
#5629=FACE_BOUND('',#4986,.T.);
#5630=FACE_BOUND('',#4987,.T.);
#5631=FACE_BOUND('',#4988,.T.);
#5632=FACE_BOUND('',#4989,.T.);
#5633=FACE_BOUND('',#4990,.T.);
#5634=FACE_BOUND('',#4991,.T.);
#5635=FACE_BOUND('',#4992,.T.);
#5636=FACE_BOUND('',#4993,.T.);
#5637=FACE_BOUND('',#4994,.T.);
#5638=FACE_BOUND('',#4995,.T.);
#5639=FACE_BOUND('',#4996,.T.);
#5640=FACE_BOUND('',#4997,.T.);
#5641=FACE_BOUND('',#4998,.T.);
#5642=FACE_BOUND('',#4999,.T.);
#5643=FACE_BOUND('',#5000,.T.);
#5644=FACE_BOUND('',#5001,.T.);
#5645=FACE_BOUND('',#5002,.T.);
#5646=FACE_BOUND('',#5003,.T.);
#5647=FACE_BOUND('',#5004,.T.);
#5648=FACE_BOUND('',#5005,.T.);
#5649=FACE_BOUND('',#5006,.T.);
#5650=FACE_BOUND('',#5007,.T.);
#5651=FACE_BOUND('',#5008,.T.);
#5652=FACE_BOUND('',#5009,.T.);
#5653=FACE_BOUND('',#5010,.T.);
#5654=FACE_BOUND('',#5011,.T.);
#5655=FACE_BOUND('',#5012,.T.);
#5656=FACE_BOUND('',#5013,.T.);
#5657=FACE_BOUND('',#5014,.T.);
#5658=FACE_BOUND('',#5015,.T.);
#5659=FACE_BOUND('',#5016,.T.);
#5660=FACE_BOUND('',#5017,.T.);
#5661=FACE_BOUND('',#5018,.T.);
#5662=FACE_BOUND('',#5019,.T.);
#5663=FACE_BOUND('',#5020,.T.);
#5664=FACE_BOUND('',#5021,.T.);
#5665=FACE_BOUND('',#5022,.T.);
#5666=FACE_BOUND('',#5023,.T.);
#5667=FACE_BOUND('',#5024,.T.);
#5668=FACE_BOUND('',#5025,.T.);
#5669=FACE_BOUND('',#5026,.T.);
#5670=FACE_BOUND('',#5027,.T.);
#5671=FACE_BOUND('',#5028,.T.);
#5672=FACE_BOUND('',#5029,.T.);
#5673=FACE_BOUND('',#5030,.T.);
#5674=FACE_BOUND('',#5031,.T.);
#5675=FACE_BOUND('',#5032,.T.);
#5676=FACE_BOUND('',#5033,.T.);
#5677=FACE_BOUND('',#5034,.T.);
#5678=FACE_BOUND('',#5035,.T.);
#5679=FACE_BOUND('',#5036,.T.);
#5680=FACE_BOUND('',#5037,.T.);
#5681=FACE_BOUND('',#5038,.T.);
#5682=FACE_BOUND('',#5039,.T.);
#5683=FACE_BOUND('',#5040,.T.);
#5684=FACE_BOUND('',#5041,.T.);
#5685=FACE_BOUND('',#5042,.T.);
#5686=FACE_BOUND('',#5043,.T.);
#5687=FACE_BOUND('',#5044,.T.);
#5688=FACE_BOUND('',#5045,.T.);
#5689=FACE_BOUND('',#5046,.T.);
#5690=FACE_BOUND('',#5047,.T.);
#5691=FACE_BOUND('',#5048,.T.);
#5692=FACE_BOUND('',#5049,.T.);
#5693=FACE_BOUND('',#5050,.T.);
#5694=FACE_BOUND('',#5051,.T.);
#5695=FACE_BOUND('',#5052,.T.);
#5696=FACE_BOUND('',#5053,.T.);
#5697=FACE_BOUND('',#5054,.T.);
#5698=FACE_BOUND('',#5055,.T.);
#5699=FACE_BOUND('',#5056,.T.);
#5700=FACE_BOUND('',#5057,.T.);
#5701=FACE_BOUND('',#5058,.T.);
#5702=FACE_BOUND('',#5059,.T.);
#5703=FACE_BOUND('',#5060,.T.);
#5704=FACE_BOUND('',#5061,.T.);
#5705=FACE_BOUND('',#5062,.T.);
#5706=FACE_BOUND('',#5063,.T.);
#5707=FACE_BOUND('',#5064,.T.);
#5708=FACE_BOUND('',#5065,.T.);
#5709=FACE_BOUND('',#5066,.T.);
#5710=FACE_BOUND('',#5067,.T.);
#5711=FACE_BOUND('',#5068,.T.);
#5712=FACE_BOUND('',#5069,.T.);
#5713=FACE_BOUND('',#5070,.T.);
#5714=FACE_BOUND('',#5071,.T.);
#5715=FACE_BOUND('',#5072,.T.);
#5716=FACE_BOUND('',#5073,.T.);
#5717=FACE_BOUND('',#5074,.T.);
#5718=FACE_BOUND('',#5075,.T.);
#5719=FACE_BOUND('',#5076,.T.);
#5720=FACE_BOUND('',#5077,.T.);
#5721=FACE_BOUND('',#5078,.T.);
#5722=FACE_BOUND('',#5079,.T.);
#5723=FACE_BOUND('',#5080,.T.);
#5724=FACE_BOUND('',#5081,.T.);
#5725=FACE_BOUND('',#5082,.T.);
#5726=FACE_BOUND('',#5083,.T.);
#5727=FACE_BOUND('',#5084,.T.);
#5728=FACE_BOUND('',#5085,.T.);
#5729=FACE_BOUND('',#5086,.T.);
#5730=FACE_BOUND('',#5087,.T.);
#5731=FACE_BOUND('',#5088,.T.);
#5732=FACE_BOUND('',#5089,.T.);
#5733=FACE_BOUND('',#5090,.T.);
#5734=FACE_BOUND('',#5091,.T.);
#5735=FACE_BOUND('',#5092,.T.);
#5736=FACE_BOUND('',#5093,.T.);
#5737=FACE_BOUND('',#5094,.T.);
#5738=FACE_BOUND('',#5095,.T.);
#5739=FACE_BOUND('',#5096,.T.);
#5740=FACE_BOUND('',#5097,.T.);
#5741=FACE_BOUND('',#5098,.T.);
#5742=FACE_BOUND('',#5099,.T.);
#5743=FACE_BOUND('',#5100,.T.);
#5744=FACE_BOUND('',#5101,.T.);
#5745=FACE_BOUND('',#5102,.T.);
#5746=FACE_BOUND('',#5103,.T.);
#5747=FACE_BOUND('',#5104,.T.);
#5748=FACE_BOUND('',#5105,.T.);
#5749=FACE_BOUND('',#5106,.T.);
#5750=FACE_BOUND('',#5107,.T.);
#5751=FACE_BOUND('',#5108,.T.);
#5752=FACE_BOUND('',#5109,.T.);
#5753=FACE_BOUND('',#5110,.T.);
#5754=FACE_BOUND('',#5111,.T.);
#5755=FACE_BOUND('',#5112,.T.);
#5756=FACE_BOUND('',#5113,.T.);
#5757=FACE_BOUND('',#5114,.T.);
#5758=FACE_BOUND('',#5115,.T.);
#5759=FACE_BOUND('',#5116,.T.);
#5760=FACE_BOUND('',#5117,.T.);
#5761=FACE_BOUND('',#5118,.T.);
#5762=FACE_BOUND('',#5119,.T.);
#5763=FACE_BOUND('',#5120,.T.);
#5764=FACE_BOUND('',#5121,.T.);
#5765=FACE_BOUND('',#5122,.T.);
#5766=FACE_BOUND('',#5123,.T.);
#5767=FACE_BOUND('',#5124,.T.);
#5768=FACE_BOUND('',#5125,.T.);
#5769=FACE_BOUND('',#5126,.T.);
#5770=FACE_BOUND('',#5127,.T.);
#5771=FACE_BOUND('',#5128,.T.);
#5772=FACE_BOUND('',#5129,.T.);
#5773=FACE_BOUND('',#5130,.T.);
#5774=FACE_BOUND('',#5131,.T.);
#5775=FACE_BOUND('',#5132,.T.);
#5776=FACE_BOUND('',#5133,.T.);
#5777=FACE_BOUND('',#5134,.T.);
#5778=FACE_BOUND('',#5135,.T.);
#5779=FACE_BOUND('',#5136,.T.);
#5780=FACE_BOUND('',#5137,.T.);
#5781=FACE_BOUND('',#5138,.T.);
#5782=FACE_BOUND('',#5139,.T.);
#5783=FACE_BOUND('',#5140,.T.);
#5784=FACE_BOUND('',#5141,.T.);
#5785=FACE_BOUND('',#5142,.T.);
#5786=FACE_BOUND('',#5143,.T.);
#5787=FACE_BOUND('',#5144,.T.);
#5788=FACE_BOUND('',#5145,.T.);
#5789=FACE_BOUND('',#5146,.T.);
#5790=FACE_BOUND('',#5147,.T.);
#5791=FACE_BOUND('',#5148,.T.);
#5792=FACE_BOUND('',#5149,.T.);
#5793=FACE_BOUND('',#5150,.T.);
#5794=FACE_BOUND('',#5151,.T.);
#5795=FACE_BOUND('',#5152,.T.);
#5796=FACE_BOUND('',#5153,.T.);
#5797=FACE_BOUND('',#5154,.T.);
#5798=FACE_BOUND('',#5155,.T.);
#5799=FACE_BOUND('',#5156,.T.);
#5800=FACE_BOUND('',#5157,.T.);
#5801=FACE_BOUND('',#5158,.T.);
#5802=FACE_BOUND('',#5159,.T.);
#5803=FACE_BOUND('',#5160,.T.);
#5804=FACE_BOUND('',#5161,.T.);
#5805=FACE_BOUND('',#5162,.T.);
#5806=FACE_BOUND('',#5163,.T.);
#5807=FACE_BOUND('',#5164,.T.);
#5808=FACE_BOUND('',#5165,.T.);
#5809=FACE_BOUND('',#5166,.T.);
#5810=FACE_BOUND('',#5167,.T.);
#5811=FACE_BOUND('',#5168,.T.);
#5812=FACE_BOUND('',#5169,.T.);
#5813=FACE_BOUND('',#5170,.T.);
#5814=FACE_BOUND('',#5171,.T.);
#5815=FACE_BOUND('',#5172,.T.);
#5816=FACE_BOUND('',#5173,.T.);
#5817=FACE_BOUND('',#5174,.T.);
#5818=FACE_BOUND('',#5175,.T.);
#5819=FACE_BOUND('',#5176,.T.);
#5820=FACE_BOUND('',#5177,.T.);
#5821=FACE_BOUND('',#5178,.T.);
#5822=FACE_BOUND('',#5179,.T.);
#5823=FACE_BOUND('',#5180,.T.);
#5824=FACE_BOUND('',#5181,.T.);
#5825=FACE_BOUND('',#5182,.T.);
#5826=FACE_BOUND('',#5183,.T.);
#5827=FACE_BOUND('',#5184,.T.);
#5828=FACE_BOUND('',#5185,.T.);
#5829=FACE_BOUND('',#5186,.T.);
#5830=FACE_BOUND('',#5187,.T.);
#5831=FACE_BOUND('',#5188,.T.);
#5832=FACE_BOUND('',#5189,.T.);
#5833=FACE_BOUND('',#5190,.T.);
#5834=FACE_BOUND('',#5191,.T.);
#5835=FACE_BOUND('',#5192,.T.);
#5836=FACE_BOUND('',#5193,.T.);
#5837=FACE_BOUND('',#5194,.T.);
#5838=FACE_BOUND('',#5195,.T.);
#5839=FACE_BOUND('',#5196,.T.);
#5840=FACE_BOUND('',#5197,.T.);
#5841=FACE_BOUND('',#5198,.T.);
#5842=FACE_BOUND('',#5199,.T.);
#5843=FACE_BOUND('',#5200,.T.);
#5844=FACE_BOUND('',#5201,.T.);
#5845=FACE_BOUND('',#5202,.T.);
#5846=FACE_BOUND('',#5203,.T.);
#5847=FACE_BOUND('',#5204,.T.);
#5848=FACE_BOUND('',#5205,.T.);
#5849=FACE_BOUND('',#5206,.T.);
#5850=FACE_BOUND('',#5207,.T.);
#5851=FACE_BOUND('',#5208,.T.);
#5852=FACE_BOUND('',#5209,.T.);
#5853=FACE_BOUND('',#5210,.T.);
#5854=FACE_BOUND('',#5211,.T.);
#5855=FACE_BOUND('',#5212,.T.);
#5856=FACE_BOUND('',#5213,.T.);
#5857=FACE_BOUND('',#5214,.T.);
#5858=FACE_BOUND('',#5215,.T.);
#5859=FACE_BOUND('',#5216,.T.);
#5860=FACE_BOUND('',#5217,.T.);
#5861=FACE_BOUND('',#5218,.T.);
#5862=FACE_BOUND('',#5219,.T.);
#5863=FACE_BOUND('',#5220,.T.);
#5864=FACE_BOUND('',#5221,.T.);
#5865=FACE_BOUND('',#5222,.T.);
#5866=FACE_BOUND('',#5223,.T.);
#5867=FACE_BOUND('',#5224,.T.);
#5868=FACE_BOUND('',#5225,.T.);
#5869=FACE_BOUND('',#5226,.T.);
#5870=FACE_BOUND('',#5227,.T.);
#5871=FACE_BOUND('',#5228,.T.);
#5872=FACE_BOUND('',#5229,.T.);
#5873=FACE_BOUND('',#5230,.T.);
#5874=FACE_BOUND('',#5231,.T.);
#5875=FACE_BOUND('',#5232,.T.);
#5876=FACE_BOUND('',#5233,.T.);
#5877=FACE_BOUND('',#5234,.T.);
#5878=FACE_BOUND('',#5235,.T.);
#5879=FACE_BOUND('',#5236,.T.);
#5880=FACE_BOUND('',#5237,.T.);
#5881=FACE_BOUND('',#5238,.T.);
#5882=FACE_BOUND('',#5239,.T.);
#5883=FACE_BOUND('',#5240,.T.);
#5884=FACE_BOUND('',#5241,.T.);
#5885=FACE_BOUND('',#5242,.T.);
#5886=FACE_BOUND('',#5243,.T.);
#5887=FACE_BOUND('',#5244,.T.);
#5888=FACE_BOUND('',#5245,.T.);
#5889=FACE_BOUND('',#5246,.T.);
#5890=PLANE('',#6646);
#5891=PLANE('',#6650);
#5892=PLANE('',#6654);
#5893=PLANE('',#6664);
#5894=PLANE('',#6665);
#5895=PLANE('',#6666);
#5896=PLANE('',#6667);
#5897=PLANE('',#6670);
#5898=PLANE('',#6682);
#5899=PLANE('',#6686);
#5900=PLANE('',#6687);
#5901=PLANE('',#6689);
#5902=PLANE('',#6696);
#5903=PLANE('',#6697);
#5904=PLANE('',#6698);
#5905=PLANE('',#6699);
#5906=PLANE('',#6706);
#5907=PLANE('',#6708);
#5908=PLANE('',#6727);
#5909=PLANE('',#6731);
#5910=PLANE('',#6738);
#5911=PLANE('',#6750);
#5912=PLANE('',#6753);
#5913=PLANE('',#6758);
#5914=PLANE('',#6763);
#5915=PLANE('',#6764);
#5916=PLANE('',#6765);
#5917=PLANE('',#6767);
#5918=PLANE('',#6768);
#5919=PLANE('',#6769);
#5920=PLANE('',#6774);
#5921=PLANE('',#6778);
#5922=PLANE('',#6780);
#5923=PLANE('',#6790);
#5924=PLANE('',#6791);
#5925=PLANE('',#6793);
#5926=PLANE('',#6795);
#5927=PLANE('',#6798);
#5928=PLANE('',#6801);
#5929=PLANE('',#6805);
#5930=PLANE('',#6808);
#5931=PLANE('',#6812);
#5932=PLANE('',#6816);
#5933=PLANE('',#6820);
#5934=PLANE('',#6846);
#5935=PLANE('',#6847);
#5936=PLANE('',#6848);
#5937=PLANE('',#6849);
#5938=PLANE('',#6850);
#5939=PLANE('',#6851);
#5940=PLANE('',#6852);
#5941=PLANE('',#6853);
#5942=PLANE('',#6868);
#5943=PLANE('',#6871);
#5944=PLANE('',#6873);
#5945=PLANE('',#6874);
#5946=PLANE('',#6877);
#5947=PLANE('',#6882);
#5948=PLANE('',#6889);
#5949=PLANE('',#6890);
#5950=PLANE('',#6897);
#5951=PLANE('',#6902);
#5952=PLANE('',#6903);
#5953=PLANE('',#6906);
#5954=PLANE('',#6907);
#5955=PLANE('',#6916);
#5956=PLANE('',#6918);
#5957=PLANE('',#6925);
#5958=PLANE('',#6938);
#5959=PLANE('',#6940);
#5960=PLANE('',#6945);
#5961=PLANE('',#6948);
#5962=PLANE('',#6951);
#5963=PLANE('',#6952);
#5964=PLANE('',#6953);
#5965=PLANE('',#6954);
#5966=PLANE('',#6955);
#5967=PLANE('',#6956);
#5968=PLANE('',#7030);
#5969=PLANE('',#7037);
#5970=PLANE('',#7038);
#5971=PLANE('',#7042);
#5972=PLANE('',#7043);
#5973=PLANE('',#7053);
#5974=PLANE('',#7054);
#5975=PLANE('',#7058);
#5976=PLANE('',#7059);
#5977=PLANE('',#7060);
#5978=PLANE('',#7067);
#5979=PLANE('',#7074);
#5980=PLANE('',#7090);
#5981=PLANE('',#7091);
#5982=PLANE('',#7106);
#5983=PLANE('',#7107);
#5984=PLANE('',#7111);
#5985=PLANE('',#7112);
#5986=PLANE('',#7115);
#5987=PLANE('',#7119);
#5988=PLANE('',#7121);
#5989=PLANE('',#7124);
#5990=PLANE('',#7126);
#5991=PLANE('',#7131);
#5992=PLANE('',#7140);
#5993=PLANE('',#7143);
#5994=PLANE('',#7145);
#5995=PLANE('',#7147);
#5996=PLANE('',#7150);
#5997=PLANE('',#7154);
#5998=PLANE('',#7155);
#5999=PLANE('',#7159);
#6000=PLANE('',#7172);
#6001=PLANE('',#7185);
#6002=PLANE('',#7186);
#6003=PLANE('',#7191);
#6004=PLANE('',#7192);
#6005=PLANE('',#7214);
#6006=PLANE('',#7217);
#6007=PLANE('',#7218);
#6008=PLANE('',#7221);
#6009=PLANE('',#7222);
#6010=PLANE('',#7228);
#6011=PLANE('',#7229);
#6012=PLANE('',#7232);
#6013=PLANE('',#7234);
#6014=PLANE('',#7236);
#6015=PLANE('',#7238);
#6016=PLANE('',#7240);
#6017=PLANE('',#7242);
#6018=PLANE('',#7245);
#6019=PLANE('',#7249);
#6020=PLANE('',#7253);
#6021=PLANE('',#7260);
#6022=PLANE('',#7264);
#6023=PLANE('',#7272);
#6024=PLANE('',#7282);
#6025=PLANE('',#7283);
#6026=PLANE('',#7287);
#6027=PLANE('',#7288);
#6028=PLANE('',#7293);
#6029=PLANE('',#7295);
#6030=PLANE('',#7301);
#6031=PLANE('',#7302);
#6032=PLANE('',#7306);
#6033=PLANE('',#7310);
#6034=PLANE('',#7313);
#6035=PLANE('',#7318);
#6036=PLANE('',#7319);
#6037=PLANE('',#7320);
#6038=PLANE('',#7321);
#6039=PLANE('',#7322);
#6040=PLANE('',#7323);
#6041=PLANE('',#7324);
#6042=PLANE('',#7325);
#6043=PLANE('',#7326);
#6044=PLANE('',#7327);
#6045=PLANE('',#7328);
#6046=PLANE('',#7329);
#6047=PLANE('',#7330);
#6048=PLANE('',#7334);
#6049=PLANE('',#7337);
#6050=PLANE('',#7340);
#6051=PLANE('',#7341);
#6052=PLANE('',#7342);
#6053=PLANE('',#7343);
#6054=PLANE('',#7344);
#6055=PLANE('',#7345);
#6056=PLANE('',#7419);
#6057=PLANE('',#7421);
#6058=PLANE('',#7430);
#6059=PLANE('',#7431);
#6060=PLANE('',#7435);
#6061=PLANE('',#7436);
#6062=ADVANCED_FACE('',(#5247,#5248,#5249),#5890,.F.);
#6063=ADVANCED_FACE('',(#5250,#5251,#5252),#5891,.F.);
#6064=ADVANCED_FACE('',(#5253,#5254,#5255),#5892,.F.);
#6065=ADVANCED_FACE('',(#5256,#5257),#390,.F.);
#6066=ADVANCED_FACE('',(#5258),#5893,.T.);
#6067=ADVANCED_FACE('',(#5259),#5894,.T.);
#6068=ADVANCED_FACE('',(#5260),#5895,.T.);
#6069=ADVANCED_FACE('',(#5261),#5896,.F.);
#6070=ADVANCED_FACE('',(#5262),#5897,.F.);
#6071=ADVANCED_FACE('',(#5263,#5264),#391,.F.);
#6072=ADVANCED_FACE('',(#5265),#392,.T.);
#6073=ADVANCED_FACE('',(#5266),#5898,.F.);
#6074=ADVANCED_FACE('',(#5267),#393,.T.);
#6075=ADVANCED_FACE('',(#5268),#5899,.F.);
#6076=ADVANCED_FACE('',(#5269,#5270),#5900,.F.);
#6077=ADVANCED_FACE('',(#5271,#5272),#5901,.F.);
#6078=ADVANCED_FACE('',(#5273,#5274),#250,.T.);
#6079=ADVANCED_FACE('',(#5275),#5902,.F.);
#6080=ADVANCED_FACE('',(#5276),#5903,.F.);
#6081=ADVANCED_FACE('',(#5277),#5904,.T.);
#6082=ADVANCED_FACE('',(#5278),#5905,.T.);
#6083=ADVANCED_FACE('',(#5279,#5280),#238,.F.);
#6084=ADVANCED_FACE('',(#5281),#239,.F.);
#6085=ADVANCED_FACE('',(#5282),#240,.F.);
#6086=ADVANCED_FACE('',(#5283,#5284),#241,.T.);
#6087=ADVANCED_FACE('',(#5285,#5286),#242,.T.);
#6088=ADVANCED_FACE('',(#5287),#5906,.T.);
#6089=ADVANCED_FACE('',(#5288),#5907,.T.);
#6090=ADVANCED_FACE('',(#5289),#243,.F.);
#6091=ADVANCED_FACE('',(#5290,#5291),#394,.F.);
#6092=ADVANCED_FACE('',(#5292,#5293),#251,.F.);
#6093=ADVANCED_FACE('',(#5294,#5295),#252,.F.);
#6094=ADVANCED_FACE('',(#5296),#395,.F.);
#6095=ADVANCED_FACE('',(#5297),#396,.F.);
#6096=ADVANCED_FACE('',(#5298),#397,.F.);
#6097=ADVANCED_FACE('',(#5299,#5300),#398,.F.);
#6098=ADVANCED_FACE('',(#5301,#5302),#253,.F.);
#6099=ADVANCED_FACE('',(#5303,#5304),#254,.F.);
#6100=ADVANCED_FACE('',(#5305),#226,.T.);
#6101=ADVANCED_FACE('',(#5306),#255,.T.);
#6102=ADVANCED_FACE('',(#5307),#227,.T.);
#6103=ADVANCED_FACE('',(#5308),#399,.F.);
#6104=ADVANCED_FACE('',(#5309),#5908,.T.);
#6105=ADVANCED_FACE('',(#5310),#228,.T.);
#6106=ADVANCED_FACE('',(#5311),#229,.T.);
#6107=ADVANCED_FACE('',(#5312),#256,.F.);
#6108=ADVANCED_FACE('',(#5313),#230,.T.);
#6109=ADVANCED_FACE('',(#5314),#231,.T.);
#6110=ADVANCED_FACE('',(#5315),#257,.F.);
#6111=ADVANCED_FACE('',(#5316),#232,.T.);
#6112=ADVANCED_FACE('',(#5317),#233,.T.);
#6113=ADVANCED_FACE('',(#5318),#5909,.T.);
#6114=ADVANCED_FACE('',(#5319),#234,.T.);
#6115=ADVANCED_FACE('',(#5320),#258,.T.);
#6116=ADVANCED_FACE('',(#5321),#235,.T.);
#6117=ADVANCED_FACE('',(#5322),#244,.T.);
#6118=ADVANCED_FACE('',(#5323),#400,.T.);
#6119=ADVANCED_FACE('',(#5324),#5910,.F.);
#6120=ADVANCED_FACE('',(#5325,#5326),#401,.F.);
#6121=ADVANCED_FACE('',(#5327,#5328),#402,.F.);
#6122=ADVANCED_FACE('',(#5329,#5330),#259,.F.);
#6123=ADVANCED_FACE('',(#5331,#5332),#260,.F.);
#6124=ADVANCED_FACE('',(#5333),#5911,.F.);
#6125=ADVANCED_FACE('',(#5334),#245,.F.);
#6126=ADVANCED_FACE('',(#5335),#5912,.F.);
#6127=ADVANCED_FACE('',(#5336),#403,.T.);
#6128=ADVANCED_FACE('',(#5337),#5913,.F.);
#6129=ADVANCED_FACE('',(#5338,#5339),#261,.F.);
#6130=ADVANCED_FACE('',(#5340,#5341),#262,.F.);
#6131=ADVANCED_FACE('',(#5342),#236,.T.);
#6132=ADVANCED_FACE('',(#5343),#237,.T.);
#6133=ADVANCED_FACE('',(#5344),#246,.T.);
#6134=ADVANCED_FACE('',(#5345),#5914,.T.);
#6135=ADVANCED_FACE('',(#5346),#5915,.T.);
#6136=ADVANCED_FACE('',(#5347),#5916,.T.);
#6137=ADVANCED_FACE('',(#5348,#5349),#404,.T.);
#6138=ADVANCED_FACE('',(#5350,#5351,#5352),#5917,.F.);
#6139=ADVANCED_FACE('',(#5353),#5918,.F.);
#6140=ADVANCED_FACE('',(#5354),#5919,.T.);
#6141=ADVANCED_FACE('',(#5355,#5356),#405,.T.);
#6142=ADVANCED_FACE('',(#5357),#5920,.F.);
#6143=ADVANCED_FACE('',(#5358,#5359),#406,.T.);
#6144=ADVANCED_FACE('',(#5360,#5361),#5921,.T.);
#6145=ADVANCED_FACE('',(#5362,#5363),#5922,.T.);
#6146=ADVANCED_FACE('',(#5364,#5365),#263,.T.);
#6147=ADVANCED_FACE('',(#5366,#5367),#264,.T.);
#6148=ADVANCED_FACE('',(#5368,#5369),#407,.T.);
#6149=ADVANCED_FACE('',(#5370,#5371),#408,.T.);
#6150=ADVANCED_FACE('',(#5372),#5923,.F.);
#6151=ADVANCED_FACE('',(#5373,#5374),#5924,.T.);
#6152=ADVANCED_FACE('',(#5375,#5376),#5925,.T.);
#6153=ADVANCED_FACE('',(#5377),#5926,.T.);
#6154=ADVANCED_FACE('',(#5378),#5927,.T.);
#6155=ADVANCED_FACE('',(#5379,#5380),#5928,.F.);
#6156=ADVANCED_FACE('',(#5381,#5382),#409,.F.);
#6157=ADVANCED_FACE('',(#5383,#5384),#5929,.F.);
#6158=ADVANCED_FACE('',(#5385,#5386),#410,.F.);
#6159=ADVANCED_FACE('',(#5387,#5388),#5930,.T.);
#6160=ADVANCED_FACE('',(#5389,#5390),#5931,.T.);
#6161=ADVANCED_FACE('',(#5391,#5392),#5932,.F.);
#6162=ADVANCED_FACE('',(#5393,#5394),#5933,.T.);
#6163=ADVANCED_FACE('',(#5395,#5396),#411,.F.);
#6164=ADVANCED_FACE('',(#5397,#5398),#412,.F.);
#6165=ADVANCED_FACE('',(#5399),#413,.T.);
#6166=ADVANCED_FACE('',(#5400),#414,.T.);
#6167=ADVANCED_FACE('',(#5401),#415,.T.);
#6168=ADVANCED_FACE('',(#5402),#416,.T.);
#6169=ADVANCED_FACE('',(#5403),#5934,.T.);
#6170=ADVANCED_FACE('',(#5404),#5935,.F.);
#6171=ADVANCED_FACE('',(#5405),#5936,.T.);
#6172=ADVANCED_FACE('',(#5406),#5937,.F.);
#6173=ADVANCED_FACE('',(#5407),#5938,.T.);
#6174=ADVANCED_FACE('',(#5408),#5939,.F.);
#6175=ADVANCED_FACE('',(#5409),#5940,.F.);
#6176=ADVANCED_FACE('',(#5410),#5941,.T.);
#6177=ADVANCED_FACE('',(#5411,#5412),#265,.F.);
#6178=ADVANCED_FACE('',(#5413,#5414),#266,.F.);
#6179=ADVANCED_FACE('',(#5415,#5416),#267,.F.);
#6180=ADVANCED_FACE('',(#5417,#5418),#268,.F.);
#6181=ADVANCED_FACE('',(#5419),#417,.T.);
#6182=ADVANCED_FACE('',(#5420),#418,.T.);
#6183=ADVANCED_FACE('',(#5421),#269,.T.);
#6184=ADVANCED_FACE('',(#5422),#270,.T.);
#6185=ADVANCED_FACE('',(#5423),#271,.T.);
#6186=ADVANCED_FACE('',(#5424),#272,.T.);
#6187=ADVANCED_FACE('',(#5425),#5942,.F.);
#6188=ADVANCED_FACE('',(#5426),#273,.T.);
#6189=ADVANCED_FACE('',(#5427),#274,.T.);
#6190=ADVANCED_FACE('',(#5428),#5943,.T.);
#6191=ADVANCED_FACE('',(#5429),#275,.T.);
#6192=ADVANCED_FACE('',(#5430),#5944,.F.);
#6193=ADVANCED_FACE('',(#5431),#5945,.T.);
#6194=ADVANCED_FACE('',(#5432),#276,.T.);
#6195=ADVANCED_FACE('',(#5433,#5434,#5435),#5946,.T.);
#6196=ADVANCED_FACE('',(#5436),#5947,.F.);
#6197=ADVANCED_FACE('',(#5437,#5438),#419,.F.);
#6198=ADVANCED_FACE('',(#5439),#420,.T.);
#6199=ADVANCED_FACE('',(#5440),#5948,.F.);
#6200=ADVANCED_FACE('',(#5441),#5949,.F.);
#6201=ADVANCED_FACE('',(#5442),#421,.T.);
#6202=ADVANCED_FACE('',(#5443,#5444),#422,.F.);
#6203=ADVANCED_FACE('',(#5445,#5446),#5950,.F.);
#6204=ADVANCED_FACE('',(#5447),#277,.T.);
#6205=ADVANCED_FACE('',(#5448),#5951,.T.);
#6206=ADVANCED_FACE('',(#5449),#5952,.T.);
#6207=ADVANCED_FACE('',(#5450),#278,.T.);
#6208=ADVANCED_FACE('',(#5451),#279,.T.);
#6209=ADVANCED_FACE('',(#5452),#5953,.F.);
#6210=ADVANCED_FACE('',(#5453,#5454),#5954,.T.);
#6211=ADVANCED_FACE('',(#5455),#423,.T.);
#6212=ADVANCED_FACE('',(#5456),#280,.T.);
#6213=ADVANCED_FACE('',(#5457),#5955,.T.);
#6214=ADVANCED_FACE('',(#5458),#281,.T.);
#6215=ADVANCED_FACE('',(#5459),#5956,.T.);
#6216=ADVANCED_FACE('',(#5460,#5461),#282,.F.);
#6217=ADVANCED_FACE('',(#5462,#5463),#283,.F.);
#6218=ADVANCED_FACE('',(#5464,#5465),#284,.F.);
#6219=ADVANCED_FACE('',(#5466,#5467),#424,.F.);
#6220=ADVANCED_FACE('',(#5468,#5469),#5957,.F.);
#6221=ADVANCED_FACE('',(#5470,#5471),#285,.F.);
#6222=ADVANCED_FACE('',(#5472,#5473),#286,.F.);
#6223=ADVANCED_FACE('',(#5474,#5475),#287,.F.);
#6224=ADVANCED_FACE('',(#5476,#5477),#425,.F.);
#6225=ADVANCED_FACE('',(#5478,#5479),#426,.T.);
#6226=ADVANCED_FACE('',(#5480,#5481),#5958,.F.);
#6227=ADVANCED_FACE('',(#5482,#5483),#5959,.T.);
#6228=ADVANCED_FACE('',(#5484,#5485),#247,.T.);
#6229=ADVANCED_FACE('',(#5486,#5487),#248,.T.);
#6230=ADVANCED_FACE('',(#5488,#5489),#5960,.T.);
#6231=ADVANCED_FACE('',(#5490,#5491),#5961,.F.);
#6232=ADVANCED_FACE('',(#5492),#5962,.T.);
#6233=ADVANCED_FACE('',(#5493),#5963,.T.);
#6234=ADVANCED_FACE('',(#5494),#5964,.T.);
#6235=ADVANCED_FACE('',(#5495),#5965,.T.);
#6236=ADVANCED_FACE('',(#5496),#5966,.T.);
#6237=ADVANCED_FACE('',(#5497),#5967,.T.);
#6238=ADVANCED_FACE('',(#5498,#5499),#427,.F.);
#6239=ADVANCED_FACE('',(#5500,#5501),#288,.F.);
#6240=ADVANCED_FACE('',(#5502,#5503),#428,.F.);
#6241=ADVANCED_FACE('',(#5504,#5505),#429,.F.);
#6242=ADVANCED_FACE('',(#5506,#5507),#430,.F.);
#6243=ADVANCED_FACE('',(#5508,#5509),#431,.F.);
#6244=ADVANCED_FACE('',(#5510,#5511),#432,.F.);
#6245=ADVANCED_FACE('',(#5512,#5513),#433,.F.);
#6246=ADVANCED_FACE('',(#5514,#5515),#434,.F.);
#6247=ADVANCED_FACE('',(#5516,#5517),#435,.F.);
#6248=ADVANCED_FACE('',(#5518,#5519),#436,.F.);
#6249=ADVANCED_FACE('',(#5520,#5521),#289,.F.);
#6250=ADVANCED_FACE('',(#5522,#5523),#290,.T.);
#6251=ADVANCED_FACE('',(#5524,#5525),#291,.T.);
#6252=ADVANCED_FACE('',(#5526,#5527),#292,.F.);
#6253=ADVANCED_FACE('',(#5528,#5529),#293,.F.);
#6254=ADVANCED_FACE('',(#5530,#5531),#294,.F.);
#6255=ADVANCED_FACE('',(#5532,#5533),#295,.F.);
#6256=ADVANCED_FACE('',(#5534,#5535),#296,.F.);
#6257=ADVANCED_FACE('',(#5536,#5537),#297,.F.);
#6258=ADVANCED_FACE('',(#5538,#5539),#298,.F.);
#6259=ADVANCED_FACE('',(#5540,#5541),#299,.F.);
#6260=ADVANCED_FACE('',(#5542,#5543),#300,.F.);
#6261=ADVANCED_FACE('',(#5544,#5545),#301,.F.);
#6262=ADVANCED_FACE('',(#5546,#5547),#302,.F.);
#6263=ADVANCED_FACE('',(#5548,#5549),#303,.F.);
#6264=ADVANCED_FACE('',(#5550,#5551),#304,.F.);
#6265=ADVANCED_FACE('',(#5552,#5553),#305,.F.);
#6266=ADVANCED_FACE('',(#5554,#5555),#306,.F.);
#6267=ADVANCED_FACE('',(#5556,#5557),#307,.F.);
#6268=ADVANCED_FACE('',(#5558,#5559),#308,.F.);
#6269=ADVANCED_FACE('',(#5560,#5561),#309,.F.);
#6270=ADVANCED_FACE('',(#5562,#5563),#310,.F.);
#6271=ADVANCED_FACE('',(#5564,#5565),#311,.F.);
#6272=ADVANCED_FACE('',(#5566,#5567),#312,.F.);
#6273=ADVANCED_FACE('',(#5568,#5569),#313,.F.);
#6274=ADVANCED_FACE('',(#5570,#5571),#437,.T.);
#6275=ADVANCED_FACE('',(#5572,#5573),#5968,.F.);
#6276=ADVANCED_FACE('',(#5574,#5575),#438,.T.);
#6277=ADVANCED_FACE('',(#5576,#5577),#439,.T.);
#6278=ADVANCED_FACE('',(#5578),#5969,.F.);
#6279=ADVANCED_FACE('',(#5579,#5580),#5970,.T.);
#6280=ADVANCED_FACE('',(#5581,#5582),#440,.T.);
#6281=ADVANCED_FACE('',(#5583,#5584),#5971,.T.);
#6282=ADVANCED_FACE('',(#5585),#5972,.F.);
#6283=ADVANCED_FACE('',(#5586,#5587),#249,.T.);
#6284=ADVANCED_FACE('',(#5588),#5973,.T.);
#6285=ADVANCED_FACE('',(#5589),#5974,.T.);
#6286=ADVANCED_FACE('',(#5590),#441,.T.);
#6287=ADVANCED_FACE('',(#5591),#5975,.T.);
#6288=ADVANCED_FACE('',(#5592),#5976,.T.);
#6289=ADVANCED_FACE('',(#5593),#5977,.T.);
#6290=ADVANCED_FACE('',(#5594),#442,.T.);
#6291=ADVANCED_FACE('',(#5595),#443,.T.);
#6292=ADVANCED_FACE('',(#5596,#5597),#5978,.F.);
#6293=ADVANCED_FACE('',(#5598,#5599,#5600,#5601),#5979,.T.);
#6294=ADVANCED_FACE('',(#5602,#5603),#444,.F.);
#6295=ADVANCED_FACE('',(#5604,#5605),#445,.F.);
#6296=ADVANCED_FACE('',(#5606,#5607),#446,.F.);
#6297=ADVANCED_FACE('',(#5608),#5980,.T.);
#6298=ADVANCED_FACE('',(#5609,#5610),#5981,.F.);
#6299=ADVANCED_FACE('',(#5611),#447,.T.);
#6300=ADVANCED_FACE('',(#5612),#448,.T.);
#6301=ADVANCED_FACE('',(#5613),#314,.T.);
#6302=ADVANCED_FACE('',(#5614),#315,.T.);
#6303=ADVANCED_FACE('',(#5615),#5982,.T.);
#6304=ADVANCED_FACE('',(#5616),#5983,.T.);
#6305=ADVANCED_FACE('',(#5617),#316,.T.);
#6306=ADVANCED_FACE('',(#5618,#5619),#317,.F.);
#6307=ADVANCED_FACE('',(#5620),#318,.T.);
#6308=ADVANCED_FACE('',(#5621),#5984,.F.);
#6309=ADVANCED_FACE('',(#5622),#5985,.F.);
#6310=ADVANCED_FACE('',(#5623),#319,.T.);
#6311=ADVANCED_FACE('',(#5624),#320,.T.);
#6312=ADVANCED_FACE('',(#5625),#5986,.F.);
#6313=ADVANCED_FACE('',(#5626,#5627),#321,.F.);
#6314=ADVANCED_FACE('',(#5628,#5629),#322,.F.);
#6315=ADVANCED_FACE('',(#5630,#5631),#323,.F.);
#6316=ADVANCED_FACE('',(#5632),#5987,.T.);
#6317=ADVANCED_FACE('',(#5633),#324,.T.);
#6318=ADVANCED_FACE('',(#5634),#5988,.T.);
#6319=ADVANCED_FACE('',(#5635,#5636),#325,.F.);
#6320=ADVANCED_FACE('',(#5637),#326,.T.);
#6321=ADVANCED_FACE('',(#5638),#5989,.F.);
#6322=ADVANCED_FACE('',(#5639),#327,.T.);
#6323=ADVANCED_FACE('',(#5640,#5641),#5990,.F.);
#6324=ADVANCED_FACE('',(#5642),#5991,.T.);
#6325=ADVANCED_FACE('',(#5643,#5644),#328,.F.);
#6326=ADVANCED_FACE('',(#5645),#449,.T.);
#6327=ADVANCED_FACE('',(#5646),#450,.T.);
#6328=ADVANCED_FACE('',(#5647),#329,.T.);
#6329=ADVANCED_FACE('',(#5648),#5992,.T.);
#6330=ADVANCED_FACE('',(#5649),#330,.T.);
#6331=ADVANCED_FACE('',(#5650),#331,.T.);
#6332=ADVANCED_FACE('',(#5651),#5993,.F.);
#6333=ADVANCED_FACE('',(#5652),#332,.T.);
#6334=ADVANCED_FACE('',(#5653),#5994,.T.);
#6335=ADVANCED_FACE('',(#5654),#333,.T.);
#6336=ADVANCED_FACE('',(#5655),#5995,.T.);
#6337=ADVANCED_FACE('',(#5656),#5996,.T.);
#6338=ADVANCED_FACE('',(#5657,#5658),#451,.F.);
#6339=ADVANCED_FACE('',(#5659),#5997,.T.);
#6340=ADVANCED_FACE('',(#5660),#5998,.T.);
#6341=ADVANCED_FACE('',(#5661),#452,.T.);
#6342=ADVANCED_FACE('',(#5662,#5663),#5999,.T.);
#6343=ADVANCED_FACE('',(#5664),#453,.T.);
#6344=ADVANCED_FACE('',(#5665),#454,.T.);
#6345=ADVANCED_FACE('',(#5666,#5667,#5668,#5669),#6000,.F.);
#6346=ADVANCED_FACE('',(#5670,#5671),#455,.F.);
#6347=ADVANCED_FACE('',(#5672,#5673),#456,.F.);
#6348=ADVANCED_FACE('',(#5674),#6001,.T.);
#6349=ADVANCED_FACE('',(#5675,#5676),#6002,.F.);
#6350=ADVANCED_FACE('',(#5677),#6003,.F.);
#6351=ADVANCED_FACE('',(#5678,#5679),#6004,.T.);
#6352=ADVANCED_FACE('',(#5680),#457,.T.);
#6353=ADVANCED_FACE('',(#5681),#458,.T.);
#6354=ADVANCED_FACE('',(#5682),#459,.T.);
#6355=ADVANCED_FACE('',(#5683),#460,.T.);
#6356=ADVANCED_FACE('',(#5684,#5685),#334,.F.);
#6357=ADVANCED_FACE('',(#5686),#6005,.F.);
#6358=ADVANCED_FACE('',(#5687),#335,.T.);
#6359=ADVANCED_FACE('',(#5688),#336,.T.);
#6360=ADVANCED_FACE('',(#5689),#6006,.F.);
#6361=ADVANCED_FACE('',(#5690),#6007,.F.);
#6362=ADVANCED_FACE('',(#5691),#337,.T.);
#6363=ADVANCED_FACE('',(#5692),#338,.T.);
#6364=ADVANCED_FACE('',(#5693),#6008,.T.);
#6365=ADVANCED_FACE('',(#5694),#6009,.F.);
#6366=ADVANCED_FACE('',(#5695),#339,.T.);
#6367=ADVANCED_FACE('',(#5696,#5697),#340,.F.);
#6368=ADVANCED_FACE('',(#5698,#5699),#341,.F.);
#6369=ADVANCED_FACE('',(#5700,#5701),#342,.F.);
#6370=ADVANCED_FACE('',(#5702),#343,.T.);
#6371=ADVANCED_FACE('',(#5703),#6010,.T.);
#6372=ADVANCED_FACE('',(#5704),#6011,.T.);
#6373=ADVANCED_FACE('',(#5705),#344,.T.);
#6374=ADVANCED_FACE('',(#5706),#345,.T.);
#6375=ADVANCED_FACE('',(#5707),#6012,.T.);
#6376=ADVANCED_FACE('',(#5708,#5709),#346,.F.);
#6377=ADVANCED_FACE('',(#5710),#6013,.T.);
#6378=ADVANCED_FACE('',(#5711),#347,.T.);
#6379=ADVANCED_FACE('',(#5712),#6014,.T.);
#6380=ADVANCED_FACE('',(#5713,#5714),#348,.F.);
#6381=ADVANCED_FACE('',(#5715),#6015,.F.);
#6382=ADVANCED_FACE('',(#5716),#349,.T.);
#6383=ADVANCED_FACE('',(#5717),#6016,.F.);
#6384=ADVANCED_FACE('',(#5718),#350,.T.);
#6385=ADVANCED_FACE('',(#5719),#6017,.F.);
#6386=ADVANCED_FACE('',(#5720),#351,.T.);
#6387=ADVANCED_FACE('',(#5721),#352,.T.);
#6388=ADVANCED_FACE('',(#5722),#6018,.F.);
#6389=ADVANCED_FACE('',(#5723),#353,.T.);
#6390=ADVANCED_FACE('',(#5724),#6019,.T.);
#6391=ADVANCED_FACE('',(#5725),#461,.T.);
#6392=ADVANCED_FACE('',(#5726,#5727),#6020,.F.);
#6393=ADVANCED_FACE('',(#5728,#5729),#462,.F.);
#6394=ADVANCED_FACE('',(#5730),#6021,.T.);
#6395=ADVANCED_FACE('',(#5731),#463,.T.);
#6396=ADVANCED_FACE('',(#5732,#5733,#5734),#6022,.T.);
#6397=ADVANCED_FACE('',(#5735,#5736),#464,.F.);
#6398=ADVANCED_FACE('',(#5737,#5738),#6023,.T.);
#6399=ADVANCED_FACE('',(#5739),#465,.T.);
#6400=ADVANCED_FACE('',(#5740),#354,.T.);
#6401=ADVANCED_FACE('',(#5741),#6024,.T.);
#6402=ADVANCED_FACE('',(#5742),#6025,.T.);
#6403=ADVANCED_FACE('',(#5743),#355,.T.);
#6404=ADVANCED_FACE('',(#5744,#5745),#356,.F.);
#6405=ADVANCED_FACE('',(#5746),#357,.T.);
#6406=ADVANCED_FACE('',(#5747),#6026,.F.);
#6407=ADVANCED_FACE('',(#5748),#6027,.F.);
#6408=ADVANCED_FACE('',(#5749),#358,.T.);
#6409=ADVANCED_FACE('',(#5750,#5751),#359,.F.);
#6410=ADVANCED_FACE('',(#5752,#5753),#360,.F.);
#6411=ADVANCED_FACE('',(#5754,#5755),#361,.F.);
#6412=ADVANCED_FACE('',(#5756),#6028,.F.);
#6413=ADVANCED_FACE('',(#5757),#362,.T.);
#6414=ADVANCED_FACE('',(#5758),#6029,.F.);
#6415=ADVANCED_FACE('',(#5759),#363,.T.);
#6416=ADVANCED_FACE('',(#5760),#6030,.F.);
#6417=ADVANCED_FACE('',(#5761),#6031,.T.);
#6418=ADVANCED_FACE('',(#5762),#466,.T.);
#6419=ADVANCED_FACE('',(#5763),#6032,.T.);
#6420=ADVANCED_FACE('',(#5764),#467,.T.);
#6421=ADVANCED_FACE('',(#5765,#5766,#5767),#6033,.F.);
#6422=ADVANCED_FACE('',(#5768,#5769,#5770),#6034,.T.);
#6423=ADVANCED_FACE('',(#5771,#5772),#468,.F.);
#6424=ADVANCED_FACE('',(#5773,#5774),#469,.F.);
#6425=ADVANCED_FACE('',(#5775),#6035,.F.);
#6426=ADVANCED_FACE('',(#5776),#6036,.F.);
#6427=ADVANCED_FACE('',(#5777),#6037,.F.);
#6428=ADVANCED_FACE('',(#5778),#6038,.F.);
#6429=ADVANCED_FACE('',(#5779),#6039,.F.);
#6430=ADVANCED_FACE('',(#5780),#6040,.F.);
#6431=ADVANCED_FACE('',(#5781),#6041,.F.);
#6432=ADVANCED_FACE('',(#5782),#6042,.T.);
#6433=ADVANCED_FACE('',(#5783),#6043,.F.);
#6434=ADVANCED_FACE('',(#5784),#6044,.F.);
#6435=ADVANCED_FACE('',(#5785),#6045,.T.);
#6436=ADVANCED_FACE('',(#5786),#6046,.T.);
#6437=ADVANCED_FACE('',(#5787),#6047,.F.);
#6438=ADVANCED_FACE('',(#5788,#5789),#6048,.T.);
#6439=ADVANCED_FACE('',(#5790,#5791),#6049,.F.);
#6440=ADVANCED_FACE('',(#5792),#6050,.T.);
#6441=ADVANCED_FACE('',(#5793),#6051,.T.);
#6442=ADVANCED_FACE('',(#5794),#6052,.T.);
#6443=ADVANCED_FACE('',(#5795),#6053,.T.);
#6444=ADVANCED_FACE('',(#5796),#6054,.T.);
#6445=ADVANCED_FACE('',(#5797),#6055,.T.);
#6446=ADVANCED_FACE('',(#5798,#5799),#470,.F.);
#6447=ADVANCED_FACE('',(#5800,#5801),#364,.F.);
#6448=ADVANCED_FACE('',(#5802,#5803),#471,.F.);
#6449=ADVANCED_FACE('',(#5804,#5805),#472,.F.);
#6450=ADVANCED_FACE('',(#5806,#5807),#473,.F.);
#6451=ADVANCED_FACE('',(#5808,#5809),#474,.F.);
#6452=ADVANCED_FACE('',(#5810,#5811),#475,.F.);
#6453=ADVANCED_FACE('',(#5812,#5813),#476,.F.);
#6454=ADVANCED_FACE('',(#5814,#5815),#477,.F.);
#6455=ADVANCED_FACE('',(#5816,#5817),#478,.F.);
#6456=ADVANCED_FACE('',(#5818,#5819),#479,.F.);
#6457=ADVANCED_FACE('',(#5820,#5821),#365,.F.);
#6458=ADVANCED_FACE('',(#5822,#5823),#366,.T.);
#6459=ADVANCED_FACE('',(#5824,#5825),#367,.T.);
#6460=ADVANCED_FACE('',(#5826,#5827),#368,.F.);
#6461=ADVANCED_FACE('',(#5828,#5829),#369,.F.);
#6462=ADVANCED_FACE('',(#5830,#5831),#370,.F.);
#6463=ADVANCED_FACE('',(#5832,#5833),#371,.F.);
#6464=ADVANCED_FACE('',(#5834,#5835),#372,.F.);
#6465=ADVANCED_FACE('',(#5836,#5837),#373,.F.);
#6466=ADVANCED_FACE('',(#5838,#5839),#374,.F.);
#6467=ADVANCED_FACE('',(#5840,#5841),#375,.F.);
#6468=ADVANCED_FACE('',(#5842,#5843),#376,.F.);
#6469=ADVANCED_FACE('',(#5844,#5845),#377,.F.);
#6470=ADVANCED_FACE('',(#5846,#5847),#378,.F.);
#6471=ADVANCED_FACE('',(#5848,#5849),#379,.F.);
#6472=ADVANCED_FACE('',(#5850,#5851),#380,.F.);
#6473=ADVANCED_FACE('',(#5852,#5853),#381,.F.);
#6474=ADVANCED_FACE('',(#5854,#5855),#382,.F.);
#6475=ADVANCED_FACE('',(#5856,#5857),#383,.F.);
#6476=ADVANCED_FACE('',(#5858,#5859),#384,.F.);
#6477=ADVANCED_FACE('',(#5860,#5861),#385,.F.);
#6478=ADVANCED_FACE('',(#5862,#5863),#386,.F.);
#6479=ADVANCED_FACE('',(#5864,#5865),#387,.F.);
#6480=ADVANCED_FACE('',(#5866,#5867),#388,.F.);
#6481=ADVANCED_FACE('',(#5868,#5869),#389,.F.);
#6482=ADVANCED_FACE('',(#5870,#5871),#480,.T.);
#6483=ADVANCED_FACE('',(#5872,#5873),#6056,.F.);
#6484=ADVANCED_FACE('',(#5874,#5875),#6057,.T.);
#6485=ADVANCED_FACE('',(#5876,#5877),#481,.T.);
#6486=ADVANCED_FACE('',(#5878,#5879),#482,.T.);
#6487=ADVANCED_FACE('',(#5880,#5881),#483,.T.);
#6488=ADVANCED_FACE('',(#5882),#6058,.F.);
#6489=ADVANCED_FACE('',(#5883,#5884),#6059,.T.);
#6490=ADVANCED_FACE('',(#5885,#5886),#484,.T.);
#6491=ADVANCED_FACE('',(#5887),#6060,.F.);
#6492=ADVANCED_FACE('',(#5888,#5889),#6061,.T.);
#6493=CLOSED_SHELL('',(#6062,#6063,#6064,#6065,#6066,#6067,#6068,#6069,
#6070,#6071,#6072,#6073,#6074,#6075,#6076,#6077,#6078,#6079,#6080,#6081,
#6082,#6083,#6084,#6085,#6086,#6087,#6088,#6089,#6090,#6091,#6092,#6093,
#6094,#6095,#6096,#6097,#6098,#6099,#6100,#6101,#6102,#6103,#6104,#6105,
#6106,#6107,#6108,#6109,#6110,#6111,#6112,#6113,#6114,#6115,#6116,#6117,
#6118,#6119,#6120,#6121,#6122,#6123,#6124,#6125,#6126,#6127,#6128,#6129,
#6130,#6131,#6132,#6133,#6134,#6135,#6136,#6137,#6138,#6139,#6140));
#6494=CLOSED_SHELL('',(#6141,#6142,#6143,#6144,#6145,#6146,#6147,#6148,
#6149,#6150,#6151));
#6495=CLOSED_SHELL('',(#6152,#6153,#6154,#6155,#6156,#6157,#6158,#6159,
#6160,#6161,#6162,#6163,#6164,#6165,#6166,#6167,#6168,#6169,#6170,#6171,
#6172,#6173,#6174,#6175,#6176,#6177,#6178,#6179,#6180,#6181,#6182,#6183,
#6184,#6185,#6186,#6187,#6188,#6189,#6190,#6191,#6192,#6193,#6194));
#6496=CLOSED_SHELL('',(#6195,#6196,#6197,#6198,#6199,#6200,#6201,#6202,
#6203,#6204,#6205,#6206,#6207,#6208,#6209,#6210,#6211,#6212,#6213,#6214,
#6215,#6216,#6217,#6218,#6219,#6220,#6221,#6222,#6223));
#6497=CLOSED_SHELL('',(#6224,#6225,#6226,#6227,#6228,#6229));
#6498=CLOSED_SHELL('',(#6230,#6231,#6232,#6233,#6234,#6235,#6236,#6237,
#6238,#6239,#6240,#6241,#6242,#6243,#6244,#6245,#6246,#6247,#6248,#6249,
#6250,#6251,#6252,#6253,#6254,#6255,#6256,#6257,#6258,#6259,#6260,#6261,
#6262,#6263,#6264,#6265,#6266,#6267,#6268,#6269,#6270,#6271,#6272,#6273));
#6499=CLOSED_SHELL('',(#6274,#6275,#6276,#6277,#6278,#6279,#6280,#6281,
#6282,#6283));
#6500=CLOSED_SHELL('',(#6284,#6285,#6286,#6287,#6288,#6289,#6290,#6291,
#6292,#6293,#6294,#6295,#6296,#6297,#6298,#6299,#6300,#6301,#6302,#6303,
#6304,#6305,#6306,#6307,#6308,#6309,#6310,#6311,#6312,#6313,#6314,#6315,
#6316,#6317,#6318,#6319,#6320,#6321,#6322,#6323,#6324,#6325,#6326,#6327,
#6328,#6329,#6330,#6331,#6332,#6333,#6334,#6335,#6336));
#6501=CLOSED_SHELL('',(#6337,#6338,#6339,#6340,#6341,#6342,#6343,#6344,
#6345,#6346,#6347,#6348,#6349,#6350,#6351,#6352,#6353,#6354,#6355,#6356,
#6357,#6358,#6359,#6360,#6361,#6362,#6363,#6364,#6365,#6366,#6367,#6368,
#6369,#6370,#6371,#6372,#6373,#6374,#6375,#6376,#6377,#6378,#6379,#6380,
#6381,#6382,#6383,#6384,#6385,#6386,#6387,#6388,#6389));
#6502=CLOSED_SHELL('',(#6390,#6391,#6392,#6393,#6394,#6395,#6396,#6397,
#6398,#6399,#6400,#6401,#6402,#6403,#6404,#6405,#6406,#6407,#6408,#6409,
#6410,#6411,#6412,#6413,#6414,#6415));
#6503=CLOSED_SHELL('',(#6416,#6417,#6418,#6419,#6420,#6421,#6422,#6423,
#6424,#6425,#6426,#6427,#6428,#6429,#6430,#6431,#6432,#6433,#6434,#6435,
#6436,#6437));
#6504=CLOSED_SHELL('',(#6438,#6439,#6440,#6441,#6442,#6443,#6444,#6445,
#6446,#6447,#6448,#6449,#6450,#6451,#6452,#6453,#6454,#6455,#6456,#6457,
#6458,#6459,#6460,#6461,#6462,#6463,#6464,#6465,#6466,#6467,#6468,#6469,
#6470,#6471,#6472,#6473,#6474,#6475,#6476,#6477,#6478,#6479,#6480,#6481));
#6505=CLOSED_SHELL('',(#6482,#6483,#6484,#6485,#6486,#6487,#6488,#6489,
#6490,#6491,#6492));
#6506=STYLED_ITEM('',(#6519),#6600);
#6507=STYLED_ITEM('',(#6520),#6601);
#6508=STYLED_ITEM('',(#6521),#6602);
#6509=STYLED_ITEM('',(#6522),#6603);
#6510=STYLED_ITEM('',(#6523),#6604);
#6511=STYLED_ITEM('',(#6524),#6605);
#6512=STYLED_ITEM('',(#6525),#6606);
#6513=STYLED_ITEM('',(#6526),#6607);
#6514=STYLED_ITEM('',(#6527),#6608);
#6515=STYLED_ITEM('',(#6528),#6609);
#6516=STYLED_ITEM('',(#6529),#6610);
#6517=STYLED_ITEM('',(#6530),#6611);
#6518=STYLED_ITEM('',(#6531),#6612);
#6519=PRESENTATION_STYLE_ASSIGNMENT((#6532));
#6520=PRESENTATION_STYLE_ASSIGNMENT((#6533));
#6521=PRESENTATION_STYLE_ASSIGNMENT((#6534));
#6522=PRESENTATION_STYLE_ASSIGNMENT((#6535));
#6523=PRESENTATION_STYLE_ASSIGNMENT((#6536));
#6524=PRESENTATION_STYLE_ASSIGNMENT((#6537));
#6525=PRESENTATION_STYLE_ASSIGNMENT((#6538));
#6526=PRESENTATION_STYLE_ASSIGNMENT((#6539));
#6527=PRESENTATION_STYLE_ASSIGNMENT((#6540));
#6528=PRESENTATION_STYLE_ASSIGNMENT((#6541));
#6529=PRESENTATION_STYLE_ASSIGNMENT((#6542));
#6530=PRESENTATION_STYLE_ASSIGNMENT((#6543));
#6531=PRESENTATION_STYLE_ASSIGNMENT((#6544));
#6532=SURFACE_STYLE_USAGE(.BOTH.,#6545);
#6533=SURFACE_STYLE_USAGE(.BOTH.,#6546);
#6534=SURFACE_STYLE_USAGE(.BOTH.,#6547);
#6535=SURFACE_STYLE_USAGE(.BOTH.,#6548);
#6536=SURFACE_STYLE_USAGE(.BOTH.,#6549);
#6537=SURFACE_STYLE_USAGE(.BOTH.,#6550);
#6538=SURFACE_STYLE_USAGE(.BOTH.,#6551);
#6539=SURFACE_STYLE_USAGE(.BOTH.,#6552);
#6540=SURFACE_STYLE_USAGE(.BOTH.,#6553);
#6541=SURFACE_STYLE_USAGE(.BOTH.,#6554);
#6542=SURFACE_STYLE_USAGE(.BOTH.,#6555);
#6543=SURFACE_STYLE_USAGE(.BOTH.,#6556);
#6544=SURFACE_STYLE_USAGE(.BOTH.,#6557);
#6545=SURFACE_SIDE_STYLE('',(#6558));
#6546=SURFACE_SIDE_STYLE('',(#6559));
#6547=SURFACE_SIDE_STYLE('',(#6560));
#6548=SURFACE_SIDE_STYLE('',(#6561));
#6549=SURFACE_SIDE_STYLE('',(#6562));
#6550=SURFACE_SIDE_STYLE('',(#6563));
#6551=SURFACE_SIDE_STYLE('',(#6564));
#6552=SURFACE_SIDE_STYLE('',(#6565));
#6553=SURFACE_SIDE_STYLE('',(#6566));
#6554=SURFACE_SIDE_STYLE('',(#6567));
#6555=SURFACE_SIDE_STYLE('',(#6568));
#6556=SURFACE_SIDE_STYLE('',(#6569));
#6557=SURFACE_SIDE_STYLE('',(#6570));
#6558=SURFACE_STYLE_FILL_AREA(#6571);
#6559=SURFACE_STYLE_FILL_AREA(#6572);
#6560=SURFACE_STYLE_FILL_AREA(#6573);
#6561=SURFACE_STYLE_FILL_AREA(#6574);
#6562=SURFACE_STYLE_FILL_AREA(#6575);
#6563=SURFACE_STYLE_FILL_AREA(#6576);
#6564=SURFACE_STYLE_FILL_AREA(#6577);
#6565=SURFACE_STYLE_FILL_AREA(#6578);
#6566=SURFACE_STYLE_FILL_AREA(#6579);
#6567=SURFACE_STYLE_FILL_AREA(#6580);
#6568=SURFACE_STYLE_FILL_AREA(#6581);
#6569=SURFACE_STYLE_FILL_AREA(#6582);
#6570=SURFACE_STYLE_FILL_AREA(#6583);
#6571=FILL_AREA_STYLE('',(#6584));
#6572=FILL_AREA_STYLE('',(#6585));
#6573=FILL_AREA_STYLE('',(#6586));
#6574=FILL_AREA_STYLE('',(#6587));
#6575=FILL_AREA_STYLE('',(#6588));
#6576=FILL_AREA_STYLE('',(#6589));
#6577=FILL_AREA_STYLE('',(#6590));
#6578=FILL_AREA_STYLE('',(#6591));
#6579=FILL_AREA_STYLE('',(#6592));
#6580=FILL_AREA_STYLE('',(#6593));
#6581=FILL_AREA_STYLE('',(#6594));
#6582=FILL_AREA_STYLE('',(#6595));
#6583=FILL_AREA_STYLE('',(#6596));
#6584=FILL_AREA_STYLE_COLOUR('',#6597);
#6585=FILL_AREA_STYLE_COLOUR('',#6598);
#6586=FILL_AREA_STYLE_COLOUR('',#6599);
#6587=FILL_AREA_STYLE_COLOUR('',#6597);
#6588=FILL_AREA_STYLE_COLOUR('',#6598);
#6589=FILL_AREA_STYLE_COLOUR('',#6598);
#6590=FILL_AREA_STYLE_COLOUR('',#6597);
#6591=FILL_AREA_STYLE_COLOUR('',#6597);
#6592=FILL_AREA_STYLE_COLOUR('',#6597);
#6593=FILL_AREA_STYLE_COLOUR('',#6597);
#6594=FILL_AREA_STYLE_COLOUR('',#6599);
#6595=FILL_AREA_STYLE_COLOUR('',#6598);
#6596=FILL_AREA_STYLE_COLOUR('',#6597);
#6597=COLOUR_RGB('',0.819999992847443,0.819999992847443,0.819999992847443);
#6598=COLOUR_RGB('',0.74039214849472,0.778039216995239,0.800000011920929);
#6599=COLOUR_RGB('',0.,0.449999988079071,0.449999988079071);
#6600=MANIFOLD_SOLID_BREP('',#6493);
#6601=MANIFOLD_SOLID_BREP('',#6494);
#6602=MANIFOLD_SOLID_BREP('',#6495);
#6603=MANIFOLD_SOLID_BREP('',#6496);
#6604=MANIFOLD_SOLID_BREP('',#6497);
#6605=MANIFOLD_SOLID_BREP('LPattern10',#6498);
#6606=MANIFOLD_SOLID_BREP('',#6499);
#6607=MANIFOLD_SOLID_BREP('',#6500);
#6608=MANIFOLD_SOLID_BREP('',#6501);
#6609=MANIFOLD_SOLID_BREP('',#6502);
#6610=MANIFOLD_SOLID_BREP('',#6503);
#6611=MANIFOLD_SOLID_BREP('LPattern10',#6504);
#6612=MANIFOLD_SOLID_BREP('',#6505);
#6613=SHAPE_DEFINITION_REPRESENTATION(#12298,#6629);
#6614=SHAPE_DEFINITION_REPRESENTATION(#12297,#6630);
#6615=SHAPE_DEFINITION_REPRESENTATION(#12300,#6631);
#6616=SHAPE_DEFINITION_REPRESENTATION(#12302,#6632);
#6617=SHAPE_DEFINITION_REPRESENTATION(#12304,#6633);
#6618=SHAPE_DEFINITION_REPRESENTATION(#12307,#6634);
#6619=SHAPE_DEFINITION_REPRESENTATION(#12306,#6635);
#6620=SHAPE_DEFINITION_REPRESENTATION(#12309,#6636);
#6621=SHAPE_DEFINITION_REPRESENTATION(#12311,#6637);
#6622=SHAPE_DEFINITION_REPRESENTATION(#12319,#6638);
#6623=SHAPE_DEFINITION_REPRESENTATION(#12322,#6639);
#6624=SHAPE_DEFINITION_REPRESENTATION(#12325,#6640);
#6625=SHAPE_DEFINITION_REPRESENTATION(#12330,#6641);
#6626=SHAPE_DEFINITION_REPRESENTATION(#12334,#6642);
#6627=SHAPE_DEFINITION_REPRESENTATION(#12337,#6643);
#6628=SHAPE_DEFINITION_REPRESENTATION(#12336,#6644);
#6629=SHAPE_REPRESENTATION('ª˙',(#6645),#12263);
#6630=SHAPE_REPRESENTATION('◊∞ÖÂ§π',(#6645,#6770,#6792,#6876,#6931,#7047,
#7048,#7049,#7050,#7051,#7052,#7148,#7149,#7247,#7248,#7297,#7298,#7299,
#7300,#7331,#7332,#7333,#7415,#7442,#7443,#7444,#7445,#7446,#7447,#7448,
#7449,#7450,#7451),#12262);
#6631=SHAPE_REPRESENTATION('÷˜ªËΩ¥',(#6645),#12264);
#6632=SHAPE_REPRESENTATION('¡¨',(#6645),#12265);
#6633=SHAPE_REPRESENTATION('¡¨Ω”TYSA_GROUP_CONTROL',(#6645),#12266);
#6634=SHAPE_REPRESENTATION('÷·',(#6645),#12268);
#6635=SHAPE_REPRESENTATION('πÿΩ⁄◊∞',(#6645,#6944,#7026,#7046),#12267);
#6636=SHAPE_REPRESENTATION('mm16',(#6645),#12269);
#6637=SHAPE_REPRESENTATION('÷· 2',(#6645),#12270);
#6638=SHAPE_REPRESENTATION('¡¨∏ÀùÜ2',(#6645),#12271);
#6639=SHAPE_REPRESENTATION('¡¨∏À2 -2_GROUP_CONTROL',(#6645),#12272);
#6640=SHAPE_REPRESENTATION('¡¨∏À',(#6645),#12273);
#6641=SHAPE_REPRESENTATION('º–πÂÖ∑',(#6645),#12274);
#6642=SHAPE_REPRESENTATION('mm30',(#6645),#12275);
#6643=SHAPE_REPRESENTATION('÷·',(#6645),#12277);
#6644=SHAPE_REPRESENTATION('πÿΩ⁄l',(#6645,#7437,#7438,#7439,#7440,#7441),
#12276);
#6645=AXIS2_PLACEMENT_3D('',#9426,#7452,#7453);
#6646=AXIS2_PLACEMENT_3D('',#9427,#7454,#7455);
#6647=AXIS2_PLACEMENT_3D('',#9428,#7456,#7457);
#6648=AXIS2_PLACEMENT_3D('',#9430,#7458,#7459);
#6649=AXIS2_PLACEMENT_3D('',#9458,#7464,#7465);
#6650=AXIS2_PLACEMENT_3D('',#9470,#7467,#7468);
#6651=AXIS2_PLACEMENT_3D('',#9471,#7469,#7470);
#6652=AXIS2_PLACEMENT_3D('',#9473,#7471,#7472);
#6653=AXIS2_PLACEMENT_3D('',#9499,#7475,#7476);
#6654=AXIS2_PLACEMENT_3D('',#9518,#7480,#7481);
#6655=AXIS2_PLACEMENT_3D('',#9519,#7482,#7483);
#6656=AXIS2_PLACEMENT_3D('',#9521,#7484,#7485);
#6657=AXIS2_PLACEMENT_3D('',#9540,#7488,#7489);
#6658=AXIS2_PLACEMENT_3D('',#9559,#7493,#7494);
#6659=AXIS2_PLACEMENT_3D('',#9560,#7495,#7496);
#6660=AXIS2_PLACEMENT_3D('',#9583,#7499,#7500);
#6661=AXIS2_PLACEMENT_3D('',#9605,#7503,#7504);
#6662=AXIS2_PLACEMENT_3D('',#9625,#7506,#7507);
#6663=AXIS2_PLACEMENT_3D('',#9644,#7509,#7510);
#6664=AXIS2_PLACEMENT_3D('',#9646,#7511,#7512);
#6665=AXIS2_PLACEMENT_3D('',#9658,#7514,#7515);
#6666=AXIS2_PLACEMENT_3D('',#9671,#7517,#7518);
#6667=AXIS2_PLACEMENT_3D('',#9677,#7520,#7521);
#6668=AXIS2_PLACEMENT_3D('',#9681,#7523,#7524);
#6669=AXIS2_PLACEMENT_3D('',#9685,#7526,#7527);
#6670=AXIS2_PLACEMENT_3D('',#9686,#7528,#7529);
#6671=AXIS2_PLACEMENT_3D('',#9690,#7531,#7532);
#6672=AXIS2_PLACEMENT_3D('',#9694,#7534,#7535);
#6673=AXIS2_PLACEMENT_3D('',#9695,#7536,#7537);
#6674=AXIS2_PLACEMENT_3D('',#9696,#7538,#7539);
#6675=AXIS2_PLACEMENT_3D('',#9698,#7540,#7541);
#6676=AXIS2_PLACEMENT_3D('',#9703,#7543,#7544);
#6677=AXIS2_PLACEMENT_3D('',#9707,#7546,#7547);
#6678=AXIS2_PLACEMENT_3D('',#9711,#7549,#7550);
#6679=AXIS2_PLACEMENT_3D('',#9714,#7552,#7553);
#6680=AXIS2_PLACEMENT_3D('',#9718,#7555,#7556);
#6681=AXIS2_PLACEMENT_3D('',#9722,#7558,#7559);
#6682=AXIS2_PLACEMENT_3D('',#9723,#7560,#7561);
#6683=AXIS2_PLACEMENT_3D('',#9726,#7563,#7564);
#6684=AXIS2_PLACEMENT_3D('',#9729,#7566,#7567);
#6685=AXIS2_PLACEMENT_3D('',#9732,#7569,#7570);
#6686=AXIS2_PLACEMENT_3D('',#9735,#7572,#7573);
#6687=AXIS2_PLACEMENT_3D('',#9738,#7576,#7577);
#6688=AXIS2_PLACEMENT_3D('',#9739,#7578,#7579);
#6689=AXIS2_PLACEMENT_3D('',#9741,#7580,#7581);
#6690=AXIS2_PLACEMENT_3D('',#9742,#7582,#7583);
#6691=AXIS2_PLACEMENT_3D('',#9744,#7584,#7585);
#6692=AXIS2_PLACEMENT_3D('',#9750,#7588,#7589);
#6693=AXIS2_PLACEMENT_3D('',#9754,#7592,#7593);
#6694=AXIS2_PLACEMENT_3D('',#9755,#7594,#7595);
#6695=AXIS2_PLACEMENT_3D('',#9757,#7596,#7597);
#6696=AXIS2_PLACEMENT_3D('',#9759,#7598,#7599);
#6697=AXIS2_PLACEMENT_3D('',#9765,#7600,#7601);
#6698=AXIS2_PLACEMENT_3D('',#9771,#7602,#7603);
#6699=AXIS2_PLACEMENT_3D('',#9777,#7604,#7605);
#6700=AXIS2_PLACEMENT_3D('',#9783,#7606,#7607);
#6701=AXIS2_PLACEMENT_3D('',#9784,#7608,#7609);
#6702=AXIS2_PLACEMENT_3D('',#9785,#7610,#7611);
#6703=AXIS2_PLACEMENT_3D('',#9786,#7612,#7613);
#6704=AXIS2_PLACEMENT_3D('',#9787,#7614,#7615);
#6705=AXIS2_PLACEMENT_3D('',#9788,#7616,#7617);
#6706=AXIS2_PLACEMENT_3D('',#9790,#7618,#7619);
#6707=AXIS2_PLACEMENT_3D('',#9792,#7621,#7622);
#6708=AXIS2_PLACEMENT_3D('',#9793,#7623,#7624);
#6709=AXIS2_PLACEMENT_3D('',#9801,#7628,#7629);
#6710=AXIS2_PLACEMENT_3D('',#9802,#7630,#7631);
#6711=AXIS2_PLACEMENT_3D('',#9839,#7632,#7633);
#6712=AXIS2_PLACEMENT_3D('',#9840,#7634,#7635);
#6713=AXIS2_PLACEMENT_3D('',#9842,#7636,#7637);
#6714=AXIS2_PLACEMENT_3D('',#9844,#7638,#7639);
#6715=AXIS2_PLACEMENT_3D('',#9845,#7640,#7641);
#6716=AXIS2_PLACEMENT_3D('',#9846,#7642,#7643);
#6717=AXIS2_PLACEMENT_3D('',#9885,#7644,#7645);
#6718=AXIS2_PLACEMENT_3D('',#9927,#7647,#7648);
#6719=AXIS2_PLACEMENT_3D('',#9966,#7649,#7650);
#6720=AXIS2_PLACEMENT_3D('',#9967,#7651,#7652);
#6721=AXIS2_PLACEMENT_3D('',#9969,#7653,#7654);
#6722=AXIS2_PLACEMENT_3D('',#9971,#7655,#7656);
#6723=AXIS2_PLACEMENT_3D('',#9972,#7657,#7658);
#6724=AXIS2_PLACEMENT_3D('',#10014,#7659,#7660);
#6725=AXIS2_PLACEMENT_3D('',#10020,#7661,#7662);
#6726=AXIS2_PLACEMENT_3D('',#10062,#7663,#7664);
#6727=AXIS2_PLACEMENT_3D('',#10101,#7665,#7666);
#6728=AXIS2_PLACEMENT_3D('',#10102,#7667,#7668);
#6729=AXIS2_PLACEMENT_3D('',#10155,#7669,#7670);
#6730=AXIS2_PLACEMENT_3D('',#10220,#7672,#7673);
#6731=AXIS2_PLACEMENT_3D('',#10334,#7675,#7676);
#6732=AXIS2_PLACEMENT_3D('',#10335,#7677,#7678);
#6733=AXIS2_PLACEMENT_3D('',#10382,#7679,#7680);
#6734=AXIS2_PLACEMENT_3D('',#10388,#7681,#7682);
#6735=AXIS2_PLACEMENT_3D('',#10425,#7683,#7684);
#6736=AXIS2_PLACEMENT_3D('',#10426,#7685,#7686);
#6737=AXIS2_PLACEMENT_3D('',#10427,#7687,#7688);
#6738=AXIS2_PLACEMENT_3D('',#10428,#7689,#7690);
#6739=AXIS2_PLACEMENT_3D('',#10436,#7694,#7695);
#6740=AXIS2_PLACEMENT_3D('',#10437,#7696,#7697);
#6741=AXIS2_PLACEMENT_3D('',#10438,#7698,#7699);
#6742=AXIS2_PLACEMENT_3D('',#10440,#7700,#7701);
#6743=AXIS2_PLACEMENT_3D('',#10442,#7702,#7703);
#6744=AXIS2_PLACEMENT_3D('',#10443,#7704,#7705);
#6745=AXIS2_PLACEMENT_3D('',#10445,#7706,#7707);
#6746=AXIS2_PLACEMENT_3D('',#10447,#7708,#7709);
#6747=AXIS2_PLACEMENT_3D('',#10448,#7710,#7711);
#6748=AXIS2_PLACEMENT_3D('',#10450,#7712,#7713);
#6749=AXIS2_PLACEMENT_3D('',#10451,#7714,#7715);
#6750=AXIS2_PLACEMENT_3D('',#10453,#7716,#7717);
#6751=AXIS2_PLACEMENT_3D('',#10457,#7719,#7720);
#6752=AXIS2_PLACEMENT_3D('',#10462,#7721,#7722);
#6753=AXIS2_PLACEMENT_3D('',#10499,#7723,#7724);
#6754=AXIS2_PLACEMENT_3D('',#10504,#7727,#7728);
#6755=AXIS2_PLACEMENT_3D('',#10505,#7729,#7730);
#6756=AXIS2_PLACEMENT_3D('',#10506,#7731,#7732);
#6757=AXIS2_PLACEMENT_3D('',#10507,#7733,#7734);
#6758=AXIS2_PLACEMENT_3D('',#10508,#7735,#7736);
#6759=AXIS2_PLACEMENT_3D('',#10513,#7737,#7738);
#6760=AXIS2_PLACEMENT_3D('',#10514,#7739,#7740);
#6761=AXIS2_PLACEMENT_3D('',#10574,#7742,#7743);
#6762=AXIS2_PLACEMENT_3D('',#10581,#7744,#7745);
#6763=AXIS2_PLACEMENT_3D('',#10599,#7746,#7747);
#6764=AXIS2_PLACEMENT_3D('',#10602,#7750,#7751);
#6765=AXIS2_PLACEMENT_3D('',#10604,#7753,#7754);
#6766=AXIS2_PLACEMENT_3D('',#10605,#7755,#7756);
#6767=AXIS2_PLACEMENT_3D('',#10606,#7757,#7758);
#6768=AXIS2_PLACEMENT_3D('',#10608,#7760,#7761);
#6769=AXIS2_PLACEMENT_3D('',#10609,#7762,#7763);
#6770=AXIS2_PLACEMENT_3D('',#10610,#7764,#7765);
#6771=AXIS2_PLACEMENT_3D('',#10611,#7766,#7767);
#6772=AXIS2_PLACEMENT_3D('',#10612,#7768,#7769);
#6773=AXIS2_PLACEMENT_3D('',#10614,#7770,#7771);
#6774=AXIS2_PLACEMENT_3D('',#10616,#7772,#7773);
#6775=AXIS2_PLACEMENT_3D('',#10617,#7774,#7775);
#6776=AXIS2_PLACEMENT_3D('',#10618,#7776,#7777);
#6777=AXIS2_PLACEMENT_3D('',#10620,#7778,#7779);
#6778=AXIS2_PLACEMENT_3D('',#10622,#7780,#7781);
#6779=AXIS2_PLACEMENT_3D('',#10623,#7782,#7783);
#6780=AXIS2_PLACEMENT_3D('',#10625,#7784,#7785);
#6781=AXIS2_PLACEMENT_3D('',#10626,#7786,#7787);
#6782=AXIS2_PLACEMENT_3D('',#10628,#7788,#7789);
#6783=AXIS2_PLACEMENT_3D('',#10630,#7790,#7791);
#6784=AXIS2_PLACEMENT_3D('',#10631,#7792,#7793);
#6785=AXIS2_PLACEMENT_3D('',#10632,#7794,#7795);
#6786=AXIS2_PLACEMENT_3D('',#10633,#7796,#7797);
#6787=AXIS2_PLACEMENT_3D('',#10635,#7798,#7799);
#6788=AXIS2_PLACEMENT_3D('',#10636,#7800,#7801);
#6789=AXIS2_PLACEMENT_3D('',#10638,#7802,#7803);
#6790=AXIS2_PLACEMENT_3D('',#10640,#7804,#7805);
#6791=AXIS2_PLACEMENT_3D('',#10641,#7806,#7807);
#6792=AXIS2_PLACEMENT_3D('',#10642,#7808,#7809);
#6793=AXIS2_PLACEMENT_3D('',#10643,#7810,#7811);
#6794=AXIS2_PLACEMENT_3D('',#10668,#7824,#7825);
#6795=AXIS2_PLACEMENT_3D('',#10670,#7826,#7827);
#6796=AXIS2_PLACEMENT_3D('',#10674,#7829,#7830);
#6797=AXIS2_PLACEMENT_3D('',#10678,#7832,#7833);
#6798=AXIS2_PLACEMENT_3D('',#10679,#7834,#7835);
#6799=AXIS2_PLACEMENT_3D('',#10680,#7836,#7837);
#6800=AXIS2_PLACEMENT_3D('',#10685,#7839,#7840);
#6801=AXIS2_PLACEMENT_3D('',#10688,#7842,#7843);
#6802=AXIS2_PLACEMENT_3D('',#10689,#7844,#7845);
#6803=AXIS2_PLACEMENT_3D('',#10715,#7858,#7859);
#6804=AXIS2_PLACEMENT_3D('',#10716,#7860,#7861);
#6805=AXIS2_PLACEMENT_3D('',#10718,#7862,#7863);
#6806=AXIS2_PLACEMENT_3D('',#10719,#7864,#7865);
#6807=AXIS2_PLACEMENT_3D('',#10721,#7866,#7867);
#6808=AXIS2_PLACEMENT_3D('',#10722,#7868,#7869);
#6809=AXIS2_PLACEMENT_3D('',#10723,#7870,#7871);
#6810=AXIS2_PLACEMENT_3D('',#10728,#7873,#7874);
#6811=AXIS2_PLACEMENT_3D('',#10732,#7876,#7877);
#6812=AXIS2_PLACEMENT_3D('',#10733,#7878,#7879);
#6813=AXIS2_PLACEMENT_3D('',#10734,#7880,#7881);
#6814=AXIS2_PLACEMENT_3D('',#10739,#7883,#7884);
#6815=AXIS2_PLACEMENT_3D('',#10743,#7886,#7887);
#6816=AXIS2_PLACEMENT_3D('',#10744,#7888,#7889);
#6817=AXIS2_PLACEMENT_3D('',#10745,#7890,#7891);
#6818=AXIS2_PLACEMENT_3D('',#10750,#7893,#7894);
#6819=AXIS2_PLACEMENT_3D('',#10754,#7896,#7897);
#6820=AXIS2_PLACEMENT_3D('',#10755,#7898,#7899);
#6821=AXIS2_PLACEMENT_3D('',#10756,#7900,#7901);
#6822=AXIS2_PLACEMENT_3D('',#10761,#7903,#7904);
#6823=AXIS2_PLACEMENT_3D('',#10765,#7906,#7907);
#6824=AXIS2_PLACEMENT_3D('',#10766,#7908,#7909);
#6825=AXIS2_PLACEMENT_3D('',#10767,#7910,#7911);
#6826=AXIS2_PLACEMENT_3D('',#10769,#7912,#7913);
#6827=AXIS2_PLACEMENT_3D('',#10771,#7914,#7915);
#6828=AXIS2_PLACEMENT_3D('',#10772,#7916,#7917);
#6829=AXIS2_PLACEMENT_3D('',#10774,#7918,#7919);
#6830=AXIS2_PLACEMENT_3D('',#10776,#7920,#7921);
#6831=AXIS2_PLACEMENT_3D('',#10777,#7922,#7923);
#6832=AXIS2_PLACEMENT_3D('',#10778,#7924,#7925);
#6833=AXIS2_PLACEMENT_3D('',#10779,#7926,#7927);
#6834=AXIS2_PLACEMENT_3D('',#10780,#7928,#7929);
#6835=AXIS2_PLACEMENT_3D('',#10781,#7930,#7931);
#6836=AXIS2_PLACEMENT_3D('',#10782,#7932,#7933);
#6837=AXIS2_PLACEMENT_3D('',#10783,#7934,#7935);
#6838=AXIS2_PLACEMENT_3D('',#10784,#7936,#7937);
#6839=AXIS2_PLACEMENT_3D('',#10785,#7938,#7939);
#6840=AXIS2_PLACEMENT_3D('',#10786,#7940,#7941);
#6841=AXIS2_PLACEMENT_3D('',#10787,#7942,#7943);
#6842=AXIS2_PLACEMENT_3D('',#10788,#7944,#7945);
#6843=AXIS2_PLACEMENT_3D('',#10789,#7946,#7947);
#6844=AXIS2_PLACEMENT_3D('',#10790,#7948,#7949);
#6845=AXIS2_PLACEMENT_3D('',#10791,#7950,#7951);
#6846=AXIS2_PLACEMENT_3D('',#10792,#7952,#7953);
#6847=AXIS2_PLACEMENT_3D('',#10794,#7955,#7956);
#6848=AXIS2_PLACEMENT_3D('',#10796,#7958,#7959);
#6849=AXIS2_PLACEMENT_3D('',#10798,#7961,#7962);
#6850=AXIS2_PLACEMENT_3D('',#10800,#7964,#7965);
#6851=AXIS2_PLACEMENT_3D('',#10802,#7967,#7968);
#6852=AXIS2_PLACEMENT_3D('',#10804,#7970,#7971);
#6853=AXIS2_PLACEMENT_3D('',#10806,#7973,#7974);
#6854=AXIS2_PLACEMENT_3D('',#10808,#7976,#7977);
#6855=AXIS2_PLACEMENT_3D('',#10809,#7978,#7979);
#6856=AXIS2_PLACEMENT_3D('',#10810,#7980,#7981);
#6857=AXIS2_PLACEMENT_3D('',#10811,#7982,#7983);
#6858=AXIS2_PLACEMENT_3D('',#10812,#7984,#7985);
#6859=AXIS2_PLACEMENT_3D('',#10813,#7986,#7987);
#6860=AXIS2_PLACEMENT_3D('',#10814,#7988,#7989);
#6861=AXIS2_PLACEMENT_3D('',#10815,#7990,#7991);
#6862=AXIS2_PLACEMENT_3D('',#10816,#7992,#7993);
#6863=AXIS2_PLACEMENT_3D('',#10817,#7994,#7995);
#6864=AXIS2_PLACEMENT_3D('',#10818,#7996,#7997);
#6865=AXIS2_PLACEMENT_3D('',#10819,#7998,#7999);
#6866=AXIS2_PLACEMENT_3D('',#10820,#8000,#8001);
#6867=AXIS2_PLACEMENT_3D('',#10821,#8002,#8003);
#6868=AXIS2_PLACEMENT_3D('',#10822,#8004,#8005);
#6869=AXIS2_PLACEMENT_3D('',#10825,#8008,#8009);
#6870=AXIS2_PLACEMENT_3D('',#10827,#8011,#8012);
#6871=AXIS2_PLACEMENT_3D('',#10829,#8014,#8015);
#6872=AXIS2_PLACEMENT_3D('',#10830,#8016,#8017);
#6873=AXIS2_PLACEMENT_3D('',#10833,#8020,#8021);
#6874=AXIS2_PLACEMENT_3D('',#10835,#8023,#8024);
#6875=AXIS2_PLACEMENT_3D('',#10837,#8026,#8027);
#6876=AXIS2_PLACEMENT_3D('',#10838,#8028,#8029);
#6877=AXIS2_PLACEMENT_3D('',#10839,#8030,#8031);
#6878=AXIS2_PLACEMENT_3D('',#10840,#8032,#8033);
#6879=AXIS2_PLACEMENT_3D('',#10842,#8034,#8035);
#6880=AXIS2_PLACEMENT_3D('',#10847,#8037,#8038);
#6881=AXIS2_PLACEMENT_3D('',#10851,#8040,#8041);
#6882=AXIS2_PLACEMENT_3D('',#10852,#8042,#8043);
#6883=AXIS2_PLACEMENT_3D('',#10865,#8050,#8051);
#6884=AXIS2_PLACEMENT_3D('',#10866,#8052,#8053);
#6885=AXIS2_PLACEMENT_3D('',#10868,#8054,#8055);
#6886=AXIS2_PLACEMENT_3D('',#10870,#8056,#8057);
#6887=AXIS2_PLACEMENT_3D('',#10871,#8058,#8059);
#6888=AXIS2_PLACEMENT_3D('',#10875,#8061,#8062);
#6889=AXIS2_PLACEMENT_3D('',#10876,#8063,#8064);
#6890=AXIS2_PLACEMENT_3D('',#10882,#8068,#8069);
#6891=AXIS2_PLACEMENT_3D('',#10892,#8075,#8076);
#6892=AXIS2_PLACEMENT_3D('',#10893,#8077,#8078);
#6893=AXIS2_PLACEMENT_3D('',#10894,#8079,#8080);
#6894=AXIS2_PLACEMENT_3D('',#10895,#8081,#8082);
#6895=AXIS2_PLACEMENT_3D('',#10896,#8083,#8084);
#6896=AXIS2_PLACEMENT_3D('',#10898,#8085,#8086);
#6897=AXIS2_PLACEMENT_3D('',#10900,#8087,#8088);
#6898=AXIS2_PLACEMENT_3D('',#10901,#8089,#8090);
#6899=AXIS2_PLACEMENT_3D('',#10906,#8092,#8093);
#6900=AXIS2_PLACEMENT_3D('',#10907,#8094,#8095);
#6901=AXIS2_PLACEMENT_3D('',#10908,#8096,#8097);
#6902=AXIS2_PLACEMENT_3D('',#10911,#8100,#8101);
#6903=AXIS2_PLACEMENT_3D('',#10913,#8103,#8104);
#6904=AXIS2_PLACEMENT_3D('',#10915,#8106,#8107);
#6905=AXIS2_PLACEMENT_3D('',#10916,#8108,#8109);
#6906=AXIS2_PLACEMENT_3D('',#10918,#8111,#8112);
#6907=AXIS2_PLACEMENT_3D('',#10920,#8114,#8115);
#6908=AXIS2_PLACEMENT_3D('',#10921,#8116,#8117);
#6909=AXIS2_PLACEMENT_3D('',#10926,#8119,#8120);
#6910=AXIS2_PLACEMENT_3D('',#10930,#8122,#8123);
#6911=AXIS2_PLACEMENT_3D('',#10931,#8124,#8125);
#6912=AXIS2_PLACEMENT_3D('',#10932,#8126,#8127);
#6913=AXIS2_PLACEMENT_3D('',#10933,#8128,#8129);
#6914=AXIS2_PLACEMENT_3D('',#10934,#8130,#8131);
#6915=AXIS2_PLACEMENT_3D('',#10935,#8132,#8133);
#6916=AXIS2_PLACEMENT_3D('',#10936,#8134,#8135);
#6917=AXIS2_PLACEMENT_3D('',#10938,#8137,#8138);
#6918=AXIS2_PLACEMENT_3D('',#10940,#8140,#8141);
#6919=AXIS2_PLACEMENT_3D('',#10941,#8142,#8143);
#6920=AXIS2_PLACEMENT_3D('',#10942,#8144,#8145);
#6921=AXIS2_PLACEMENT_3D('',#10943,#8146,#8147);
#6922=AXIS2_PLACEMENT_3D('',#10944,#8148,#8149);
#6923=AXIS2_PLACEMENT_3D('',#10945,#8150,#8151);
#6924=AXIS2_PLACEMENT_3D('',#10947,#8152,#8153);
#6925=AXIS2_PLACEMENT_3D('',#10949,#8154,#8155);
#6926=AXIS2_PLACEMENT_3D('',#10950,#8156,#8157);
#6927=AXIS2_PLACEMENT_3D('',#10952,#8158,#8159);
#6928=AXIS2_PLACEMENT_3D('',#10954,#8160,#8161);
#6929=AXIS2_PLACEMENT_3D('',#10955,#8162,#8163);
#6930=AXIS2_PLACEMENT_3D('',#10956,#8164,#8165);
#6931=AXIS2_PLACEMENT_3D('',#10957,#8166,#8167);
#6932=AXIS2_PLACEMENT_3D('',#10958,#8168,#8169);
#6933=AXIS2_PLACEMENT_3D('',#10959,#8170,#8171);
#6934=AXIS2_PLACEMENT_3D('',#10961,#8172,#8173);
#6935=AXIS2_PLACEMENT_3D('',#10963,#8174,#8175);
#6936=AXIS2_PLACEMENT_3D('',#10964,#8176,#8177);
#6937=AXIS2_PLACEMENT_3D('',#10966,#8178,#8179);
#6938=AXIS2_PLACEMENT_3D('',#10968,#8180,#8181);
#6939=AXIS2_PLACEMENT_3D('',#10969,#8182,#8183);
#6940=AXIS2_PLACEMENT_3D('',#10971,#8184,#8185);
#6941=AXIS2_PLACEMENT_3D('',#10972,#8186,#8187);
#6942=AXIS2_PLACEMENT_3D('',#10974,#8188,#8189);
#6943=AXIS2_PLACEMENT_3D('',#10975,#8190,#8191);
#6944=AXIS2_PLACEMENT_3D('',#10976,#8192,#8193);
#6945=AXIS2_PLACEMENT_3D('',#10977,#8194,#8195);
#6946=AXIS2_PLACEMENT_3D('',#10978,#8196,#8197);
#6947=AXIS2_PLACEMENT_3D('',#10980,#8198,#8199);
#6948=AXIS2_PLACEMENT_3D('',#10982,#8200,#8201);
#6949=AXIS2_PLACEMENT_3D('',#10983,#8202,#8203);
#6950=AXIS2_PLACEMENT_3D('',#10985,#8204,#8205);
#6951=AXIS2_PLACEMENT_3D('',#10987,#8206,#8207);
#6952=AXIS2_PLACEMENT_3D('',#11008,#8210,#8211);
#6953=AXIS2_PLACEMENT_3D('',#11026,#8213,#8214);
#6954=AXIS2_PLACEMENT_3D('',#11044,#8216,#8217);
#6955=AXIS2_PLACEMENT_3D('',#11062,#8219,#8220);
#6956=AXIS2_PLACEMENT_3D('',#11080,#8222,#8223);
#6957=AXIS2_PLACEMENT_3D('',#11095,#8224,#8225);
#6958=AXIS2_PLACEMENT_3D('',#11096,#8226,#8227);
#6959=AXIS2_PLACEMENT_3D('',#11098,#8228,#8229);
#6960=AXIS2_PLACEMENT_3D('',#11100,#8230,#8231);
#6961=AXIS2_PLACEMENT_3D('',#11101,#8232,#8233);
#6962=AXIS2_PLACEMENT_3D('',#11103,#8234,#8235);
#6963=AXIS2_PLACEMENT_3D('',#11104,#8236,#8237);
#6964=AXIS2_PLACEMENT_3D('',#11106,#8238,#8239);
#6965=AXIS2_PLACEMENT_3D('',#11108,#8240,#8241);
#6966=AXIS2_PLACEMENT_3D('',#11109,#8242,#8243);
#6967=AXIS2_PLACEMENT_3D('',#11111,#8244,#8245);
#6968=AXIS2_PLACEMENT_3D('',#11113,#8246,#8247);
#6969=AXIS2_PLACEMENT_3D('',#11114,#8248,#8249);
#6970=AXIS2_PLACEMENT_3D('',#11116,#8250,#8251);
#6971=AXIS2_PLACEMENT_3D('',#11118,#8252,#8253);
#6972=AXIS2_PLACEMENT_3D('',#11119,#8254,#8255);
#6973=AXIS2_PLACEMENT_3D('',#11121,#8256,#8257);
#6974=AXIS2_PLACEMENT_3D('',#11123,#8258,#8259);
#6975=AXIS2_PLACEMENT_3D('',#11124,#8260,#8261);
#6976=AXIS2_PLACEMENT_3D('',#11126,#8262,#8263);
#6977=AXIS2_PLACEMENT_3D('',#11128,#8264,#8265);
#6978=AXIS2_PLACEMENT_3D('',#11129,#8266,#8267);
#6979=AXIS2_PLACEMENT_3D('',#11131,#8268,#8269);
#6980=AXIS2_PLACEMENT_3D('',#11133,#8270,#8271);
#6981=AXIS2_PLACEMENT_3D('',#11134,#8272,#8273);
#6982=AXIS2_PLACEMENT_3D('',#11136,#8274,#8275);
#6983=AXIS2_PLACEMENT_3D('',#11138,#8276,#8277);
#6984=AXIS2_PLACEMENT_3D('',#11139,#8278,#8279);
#6985=AXIS2_PLACEMENT_3D('',#11141,#8280,#8281);
#6986=AXIS2_PLACEMENT_3D('',#11143,#8282,#8283);
#6987=AXIS2_PLACEMENT_3D('',#11144,#8284,#8285);
#6988=AXIS2_PLACEMENT_3D('',#11146,#8286,#8287);
#6989=AXIS2_PLACEMENT_3D('',#11148,#8288,#8289);
#6990=AXIS2_PLACEMENT_3D('',#11149,#8290,#8291);
#6991=AXIS2_PLACEMENT_3D('',#11151,#8292,#8293);
#6992=AXIS2_PLACEMENT_3D('',#11152,#8294,#8295);
#6993=AXIS2_PLACEMENT_3D('',#11153,#8296,#8297);
#6994=AXIS2_PLACEMENT_3D('',#11154,#8298,#8299);
#6995=AXIS2_PLACEMENT_3D('',#11156,#8300,#8301);
#6996=AXIS2_PLACEMENT_3D('',#11157,#8302,#8303);
#6997=AXIS2_PLACEMENT_3D('',#11158,#8304,#8305);
#6998=AXIS2_PLACEMENT_3D('',#11160,#8306,#8307);
#6999=AXIS2_PLACEMENT_3D('',#11161,#8308,#8309);
#7000=AXIS2_PLACEMENT_3D('',#11162,#8310,#8311);
#7001=AXIS2_PLACEMENT_3D('',#11164,#8312,#8313);
#7002=AXIS2_PLACEMENT_3D('',#11165,#8314,#8315);
#7003=AXIS2_PLACEMENT_3D('',#11166,#8316,#8317);
#7004=AXIS2_PLACEMENT_3D('',#11168,#8318,#8319);
#7005=AXIS2_PLACEMENT_3D('',#11169,#8320,#8321);
#7006=AXIS2_PLACEMENT_3D('',#11170,#8322,#8323);
#7007=AXIS2_PLACEMENT_3D('',#11172,#8324,#8325);
#7008=AXIS2_PLACEMENT_3D('',#11173,#8326,#8327);
#7009=AXIS2_PLACEMENT_3D('',#11174,#8328,#8329);
#7010=AXIS2_PLACEMENT_3D('',#11176,#8330,#8331);
#7011=AXIS2_PLACEMENT_3D('',#11177,#8332,#8333);
#7012=AXIS2_PLACEMENT_3D('',#11178,#8334,#8335);
#7013=AXIS2_PLACEMENT_3D('',#11180,#8336,#8337);
#7014=AXIS2_PLACEMENT_3D('',#11181,#8338,#8339);
#7015=AXIS2_PLACEMENT_3D('',#11182,#8340,#8341);
#7016=AXIS2_PLACEMENT_3D('',#11184,#8342,#8343);
#7017=AXIS2_PLACEMENT_3D('',#11185,#8344,#8345);
#7018=AXIS2_PLACEMENT_3D('',#11186,#8346,#8347);
#7019=AXIS2_PLACEMENT_3D('',#11188,#8348,#8349);
#7020=AXIS2_PLACEMENT_3D('',#11189,#8350,#8351);
#7021=AXIS2_PLACEMENT_3D('',#11190,#8352,#8353);
#7022=AXIS2_PLACEMENT_3D('',#11192,#8354,#8355);
#7023=AXIS2_PLACEMENT_3D('',#11193,#8356,#8357);
#7024=AXIS2_PLACEMENT_3D('',#11194,#8358,#8359);
#7025=AXIS2_PLACEMENT_3D('',#11196,#8360,#8361);
#7026=AXIS2_PLACEMENT_3D('',#11197,#8362,#8363);
#7027=AXIS2_PLACEMENT_3D('',#11198,#8364,#8365);
#7028=AXIS2_PLACEMENT_3D('',#11199,#8366,#8367);
#7029=AXIS2_PLACEMENT_3D('',#11201,#8368,#8369);
#7030=AXIS2_PLACEMENT_3D('',#11203,#8370,#8371);
#7031=AXIS2_PLACEMENT_3D('',#11204,#8372,#8373);
#7032=AXIS2_PLACEMENT_3D('',#11206,#8374,#8375);
#7033=AXIS2_PLACEMENT_3D('',#11207,#8376,#8377);
#7034=AXIS2_PLACEMENT_3D('',#11209,#8378,#8379);
#7035=AXIS2_PLACEMENT_3D('',#11210,#8380,#8381);
#7036=AXIS2_PLACEMENT_3D('',#11212,#8382,#8383);
#7037=AXIS2_PLACEMENT_3D('',#11214,#8384,#8385);
#7038=AXIS2_PLACEMENT_3D('',#11215,#8386,#8387);
#7039=AXIS2_PLACEMENT_3D('',#11216,#8388,#8389);
#7040=AXIS2_PLACEMENT_3D('',#11217,#8390,#8391);
#7041=AXIS2_PLACEMENT_3D('',#11219,#8392,#8393);
#7042=AXIS2_PLACEMENT_3D('',#11221,#8394,#8395);
#7043=AXIS2_PLACEMENT_3D('',#11222,#8396,#8397);
#7044=AXIS2_PLACEMENT_3D('',#11223,#8398,#8399);
#7045=AXIS2_PLACEMENT_3D('',#11225,#8400,#8401);
#7046=AXIS2_PLACEMENT_3D('',#11226,#8402,#8403);
#7047=AXIS2_PLACEMENT_3D('',#11227,#8404,#8405);
#7048=AXIS2_PLACEMENT_3D('',#11228,#8406,#8407);
#7049=AXIS2_PLACEMENT_3D('',#11229,#8408,#8409);
#7050=AXIS2_PLACEMENT_3D('',#11230,#8410,#8411);
#7051=AXIS2_PLACEMENT_3D('',#11231,#8412,#8413);
#7052=AXIS2_PLACEMENT_3D('',#11232,#8414,#8415);
#7053=AXIS2_PLACEMENT_3D('',#11233,#8416,#8417);
#7054=AXIS2_PLACEMENT_3D('',#11255,#8426,#8427);
#7055=AXIS2_PLACEMENT_3D('',#11273,#8434,#8435);
#7056=AXIS2_PLACEMENT_3D('',#11274,#8436,#8437);
#7057=AXIS2_PLACEMENT_3D('',#11275,#8438,#8439);
#7058=AXIS2_PLACEMENT_3D('',#11276,#8440,#8441);
#7059=AXIS2_PLACEMENT_3D('',#11282,#8445,#8446);
#7060=AXIS2_PLACEMENT_3D('',#11288,#8450,#8451);
#7061=AXIS2_PLACEMENT_3D('',#11301,#8458,#8459);
#7062=AXIS2_PLACEMENT_3D('',#11302,#8460,#8461);
#7063=AXIS2_PLACEMENT_3D('',#11303,#8462,#8463);
#7064=AXIS2_PLACEMENT_3D('',#11304,#8464,#8465);
#7065=AXIS2_PLACEMENT_3D('',#11305,#8466,#8467);
#7066=AXIS2_PLACEMENT_3D('',#11306,#8468,#8469);
#7067=AXIS2_PLACEMENT_3D('',#11307,#8470,#8471);
#7068=AXIS2_PLACEMENT_3D('',#11308,#8472,#8473);
#7069=AXIS2_PLACEMENT_3D('',#11312,#8475,#8476);
#7070=AXIS2_PLACEMENT_3D('',#11313,#8477,#8478);
#7071=AXIS2_PLACEMENT_3D('',#11317,#8480,#8481);
#7072=AXIS2_PLACEMENT_3D('',#11321,#8483,#8484);
#7073=AXIS2_PLACEMENT_3D('',#11322,#8485,#8486);
#7074=AXIS2_PLACEMENT_3D('',#11324,#8487,#8488);
#7075=AXIS2_PLACEMENT_3D('',#11325,#8489,#8490);
#7076=AXIS2_PLACEMENT_3D('',#11330,#8492,#8493);
#7077=AXIS2_PLACEMENT_3D('',#11334,#8495,#8496);
#7078=AXIS2_PLACEMENT_3D('',#11337,#8498,#8499);
#7079=AXIS2_PLACEMENT_3D('',#11339,#8500,#8501);
#7080=AXIS2_PLACEMENT_3D('',#11341,#8502,#8503);
#7081=AXIS2_PLACEMENT_3D('',#11343,#8504,#8505);
#7082=AXIS2_PLACEMENT_3D('',#11344,#8506,#8507);
#7083=AXIS2_PLACEMENT_3D('',#11346,#8508,#8509);
#7084=AXIS2_PLACEMENT_3D('',#11348,#8510,#8511);
#7085=AXIS2_PLACEMENT_3D('',#11349,#8512,#8513);
#7086=AXIS2_PLACEMENT_3D('',#11351,#8514,#8515);
#7087=AXIS2_PLACEMENT_3D('',#11353,#8516,#8517);
#7088=AXIS2_PLACEMENT_3D('',#11354,#8518,#8519);
#7089=AXIS2_PLACEMENT_3D('',#11356,#8520,#8521);
#7090=AXIS2_PLACEMENT_3D('',#11358,#8522,#8523);
#7091=AXIS2_PLACEMENT_3D('',#11367,#8528,#8529);
#7092=AXIS2_PLACEMENT_3D('',#11368,#8530,#8531);
#7093=AXIS2_PLACEMENT_3D('',#11373,#8533,#8534);
#7094=AXIS2_PLACEMENT_3D('',#11377,#8536,#8537);
#7095=AXIS2_PLACEMENT_3D('',#11381,#8539,#8540);
#7096=AXIS2_PLACEMENT_3D('',#11382,#8541,#8542);
#7097=AXIS2_PLACEMENT_3D('',#11383,#8543,#8544);
#7098=AXIS2_PLACEMENT_3D('',#11385,#8545,#8546);
#7099=AXIS2_PLACEMENT_3D('',#11386,#8547,#8548);
#7100=AXIS2_PLACEMENT_3D('',#11387,#8549,#8550);
#7101=AXIS2_PLACEMENT_3D('',#11388,#8551,#8552);
#7102=AXIS2_PLACEMENT_3D('',#11390,#8553,#8554);
#7103=AXIS2_PLACEMENT_3D('',#11391,#8555,#8556);
#7104=AXIS2_PLACEMENT_3D('',#11392,#8557,#8558);
#7105=AXIS2_PLACEMENT_3D('',#11394,#8560,#8561);
#7106=AXIS2_PLACEMENT_3D('',#11396,#8563,#8564);
#7107=AXIS2_PLACEMENT_3D('',#11398,#8566,#8567);
#7108=AXIS2_PLACEMENT_3D('',#11400,#8569,#8570);
#7109=AXIS2_PLACEMENT_3D('',#11401,#8571,#8572);
#7110=AXIS2_PLACEMENT_3D('',#11402,#8573,#8574);
#7111=AXIS2_PLACEMENT_3D('',#11405,#8577,#8578);
#7112=AXIS2_PLACEMENT_3D('',#11407,#8580,#8581);
#7113=AXIS2_PLACEMENT_3D('',#11409,#8583,#8584);
#7114=AXIS2_PLACEMENT_3D('',#11411,#8586,#8587);
#7115=AXIS2_PLACEMENT_3D('',#11413,#8589,#8590);
#7116=AXIS2_PLACEMENT_3D('',#11414,#8591,#8592);
#7117=AXIS2_PLACEMENT_3D('',#11415,#8593,#8594);
#7118=AXIS2_PLACEMENT_3D('',#11416,#8595,#8596);
#7119=AXIS2_PLACEMENT_3D('',#11417,#8597,#8598);
#7120=AXIS2_PLACEMENT_3D('',#11423,#8600,#8601);
#7121=AXIS2_PLACEMENT_3D('',#11425,#8603,#8604);
#7122=AXIS2_PLACEMENT_3D('',#11430,#8605,#8606);
#7123=AXIS2_PLACEMENT_3D('',#11431,#8607,#8608);
#7124=AXIS2_PLACEMENT_3D('',#11433,#8610,#8611);
#7125=AXIS2_PLACEMENT_3D('',#11435,#8613,#8614);
#7126=AXIS2_PLACEMENT_3D('',#11436,#8615,#8616);
#7127=AXIS2_PLACEMENT_3D('',#11437,#8617,#8618);
#7128=AXIS2_PLACEMENT_3D('',#11439,#8619,#8620);
#7129=AXIS2_PLACEMENT_3D('',#11444,#8622,#8623);
#7130=AXIS2_PLACEMENT_3D('',#11448,#8625,#8626);
#7131=AXIS2_PLACEMENT_3D('',#11451,#8628,#8629);
#7132=AXIS2_PLACEMENT_3D('',#11460,#8634,#8635);
#7133=AXIS2_PLACEMENT_3D('',#11461,#8636,#8637);
#7134=AXIS2_PLACEMENT_3D('',#11462,#8638,#8639);
#7135=AXIS2_PLACEMENT_3D('',#11463,#8640,#8641);
#7136=AXIS2_PLACEMENT_3D('',#11464,#8642,#8643);
#7137=AXIS2_PLACEMENT_3D('',#11465,#8644,#8645);
#7138=AXIS2_PLACEMENT_3D('',#11466,#8646,#8647);
#7139=AXIS2_PLACEMENT_3D('',#11467,#8648,#8649);
#7140=AXIS2_PLACEMENT_3D('',#11469,#8651,#8652);
#7141=AXIS2_PLACEMENT_3D('',#11471,#8654,#8655);
#7142=AXIS2_PLACEMENT_3D('',#11472,#8656,#8657);
#7143=AXIS2_PLACEMENT_3D('',#11478,#8659,#8660);
#7144=AXIS2_PLACEMENT_3D('',#11480,#8662,#8663);
#7145=AXIS2_PLACEMENT_3D('',#11485,#8664,#8665);
#7146=AXIS2_PLACEMENT_3D('',#11487,#8667,#8668);
#7147=AXIS2_PLACEMENT_3D('',#11489,#8670,#8671);
#7148=AXIS2_PLACEMENT_3D('',#11490,#8672,#8673);
#7149=AXIS2_PLACEMENT_3D('',#11491,#8674,#8675);
#7150=AXIS2_PLACEMENT_3D('',#11492,#8676,#8677);
#7151=AXIS2_PLACEMENT_3D('',#11505,#8684,#8685);
#7152=AXIS2_PLACEMENT_3D('',#11506,#8686,#8687);
#7153=AXIS2_PLACEMENT_3D('',#11508,#8688,#8689);
#7154=AXIS2_PLACEMENT_3D('',#11510,#8690,#8691);
#7155=AXIS2_PLACEMENT_3D('',#11527,#8700,#8701);
#7156=AXIS2_PLACEMENT_3D('',#11540,#8708,#8709);
#7157=AXIS2_PLACEMENT_3D('',#11541,#8710,#8711);
#7158=AXIS2_PLACEMENT_3D('',#11542,#8712,#8713);
#7159=AXIS2_PLACEMENT_3D('',#11543,#8714,#8715);
#7160=AXIS2_PLACEMENT_3D('',#11544,#8716,#8717);
#7161=AXIS2_PLACEMENT_3D('',#11549,#8719,#8720);
#7162=AXIS2_PLACEMENT_3D('',#11553,#8722,#8723);
#7163=AXIS2_PLACEMENT_3D('',#11557,#8725,#8726);
#7164=AXIS2_PLACEMENT_3D('',#11561,#8728,#8729);
#7165=AXIS2_PLACEMENT_3D('',#11565,#8731,#8732);
#7166=AXIS2_PLACEMENT_3D('',#11566,#8733,#8734);
#7167=AXIS2_PLACEMENT_3D('',#11567,#8735,#8736);
#7168=AXIS2_PLACEMENT_3D('',#11568,#8737,#8738);
#7169=AXIS2_PLACEMENT_3D('',#11569,#8739,#8740);
#7170=AXIS2_PLACEMENT_3D('',#11570,#8741,#8742);
#7171=AXIS2_PLACEMENT_3D('',#11571,#8743,#8744);
#7172=AXIS2_PLACEMENT_3D('',#11572,#8745,#8746);
#7173=AXIS2_PLACEMENT_3D('',#11573,#8747,#8748);
#7174=AXIS2_PLACEMENT_3D('',#11575,#8749,#8750);
#7175=AXIS2_PLACEMENT_3D('',#11577,#8751,#8752);
#7176=AXIS2_PLACEMENT_3D('',#11579,#8753,#8754);
#7177=AXIS2_PLACEMENT_3D('',#11584,#8756,#8757);
#7178=AXIS2_PLACEMENT_3D('',#11588,#8759,#8760);
#7179=AXIS2_PLACEMENT_3D('',#11591,#8762,#8763);
#7180=AXIS2_PLACEMENT_3D('',#11592,#8764,#8765);
#7181=AXIS2_PLACEMENT_3D('',#11594,#8766,#8767);
#7182=AXIS2_PLACEMENT_3D('',#11596,#8768,#8769);
#7183=AXIS2_PLACEMENT_3D('',#11597,#8770,#8771);
#7184=AXIS2_PLACEMENT_3D('',#11599,#8772,#8773);
#7185=AXIS2_PLACEMENT_3D('',#11601,#8774,#8775);
#7186=AXIS2_PLACEMENT_3D('',#11610,#8780,#8781);
#7187=AXIS2_PLACEMENT_3D('',#11611,#8782,#8783);
#7188=AXIS2_PLACEMENT_3D('',#11616,#8785,#8786);
#7189=AXIS2_PLACEMENT_3D('',#11620,#8788,#8789);
#7190=AXIS2_PLACEMENT_3D('',#11624,#8791,#8792);
#7191=AXIS2_PLACEMENT_3D('',#11625,#8793,#8794);
#7192=AXIS2_PLACEMENT_3D('',#11634,#8799,#8800);
#7193=AXIS2_PLACEMENT_3D('',#11635,#8801,#8802);
#7194=AXIS2_PLACEMENT_3D('',#11640,#8804,#8805);
#7195=AXIS2_PLACEMENT_3D('',#11644,#8807,#8808);
#7196=AXIS2_PLACEMENT_3D('',#11648,#8810,#8811);
#7197=AXIS2_PLACEMENT_3D('',#11649,#8812,#8813);
#7198=AXIS2_PLACEMENT_3D('',#11650,#8814,#8815);
#7199=AXIS2_PLACEMENT_3D('',#11652,#8816,#8817);
#7200=AXIS2_PLACEMENT_3D('',#11653,#8818,#8819);
#7201=AXIS2_PLACEMENT_3D('',#11654,#8820,#8821);
#7202=AXIS2_PLACEMENT_3D('',#11655,#8822,#8823);
#7203=AXIS2_PLACEMENT_3D('',#11657,#8824,#8825);
#7204=AXIS2_PLACEMENT_3D('',#11658,#8826,#8827);
#7205=AXIS2_PLACEMENT_3D('',#11659,#8828,#8829);
#7206=AXIS2_PLACEMENT_3D('',#11660,#8830,#8831);
#7207=AXIS2_PLACEMENT_3D('',#11662,#8832,#8833);
#7208=AXIS2_PLACEMENT_3D('',#11663,#8834,#8835);
#7209=AXIS2_PLACEMENT_3D('',#11664,#8836,#8837);
#7210=AXIS2_PLACEMENT_3D('',#11665,#8838,#8839);
#7211=AXIS2_PLACEMENT_3D('',#11667,#8840,#8841);
#7212=AXIS2_PLACEMENT_3D('',#11668,#8842,#8843);
#7213=AXIS2_PLACEMENT_3D('',#11669,#8844,#8845);
#7214=AXIS2_PLACEMENT_3D('',#11670,#8846,#8847);
#7215=AXIS2_PLACEMENT_3D('',#11673,#8850,#8851);
#7216=AXIS2_PLACEMENT_3D('',#11675,#8853,#8854);
#7217=AXIS2_PLACEMENT_3D('',#11677,#8856,#8857);
#7218=AXIS2_PLACEMENT_3D('',#11679,#8859,#8860);
#7219=AXIS2_PLACEMENT_3D('',#11681,#8862,#8863);
#7220=AXIS2_PLACEMENT_3D('',#11683,#8865,#8866);
#7221=AXIS2_PLACEMENT_3D('',#11685,#8868,#8869);
#7222=AXIS2_PLACEMENT_3D('',#11687,#8871,#8872);
#7223=AXIS2_PLACEMENT_3D('',#11689,#8874,#8875);
#7224=AXIS2_PLACEMENT_3D('',#11690,#8876,#8877);
#7225=AXIS2_PLACEMENT_3D('',#11691,#8878,#8879);
#7226=AXIS2_PLACEMENT_3D('',#11692,#8880,#8881);
#7227=AXIS2_PLACEMENT_3D('',#11693,#8882,#8883);
#7228=AXIS2_PLACEMENT_3D('',#11696,#8886,#8887);
#7229=AXIS2_PLACEMENT_3D('',#11698,#8889,#8890);
#7230=AXIS2_PLACEMENT_3D('',#11700,#8892,#8893);
#7231=AXIS2_PLACEMENT_3D('',#11702,#8895,#8896);
#7232=AXIS2_PLACEMENT_3D('',#11704,#8898,#8899);
#7233=AXIS2_PLACEMENT_3D('',#11705,#8900,#8901);
#7234=AXIS2_PLACEMENT_3D('',#11706,#8902,#8903);
#7235=AXIS2_PLACEMENT_3D('',#11712,#8905,#8906);
#7236=AXIS2_PLACEMENT_3D('',#11714,#8908,#8909);
#7237=AXIS2_PLACEMENT_3D('',#11719,#8910,#8911);
#7238=AXIS2_PLACEMENT_3D('',#11720,#8912,#8913);
#7239=AXIS2_PLACEMENT_3D('',#11726,#8915,#8916);
#7240=AXIS2_PLACEMENT_3D('',#11728,#8918,#8919);
#7241=AXIS2_PLACEMENT_3D('',#11733,#8920,#8921);
#7242=AXIS2_PLACEMENT_3D('',#11735,#8923,#8924);
#7243=AXIS2_PLACEMENT_3D('',#11737,#8926,#8927);
#7244=AXIS2_PLACEMENT_3D('',#11738,#8928,#8929);
#7245=AXIS2_PLACEMENT_3D('',#11740,#8931,#8932);
#7246=AXIS2_PLACEMENT_3D('',#11742,#8934,#8935);
#7247=AXIS2_PLACEMENT_3D('',#11743,#8936,#8937);
#7248=AXIS2_PLACEMENT_3D('',#11744,#8938,#8939);
#7249=AXIS2_PLACEMENT_3D('',#11745,#8940,#8941);
#7250=AXIS2_PLACEMENT_3D('',#11758,#8948,#8949);
#7251=AXIS2_PLACEMENT_3D('',#11759,#8950,#8951);
#7252=AXIS2_PLACEMENT_3D('',#11763,#8953,#8954);
#7253=AXIS2_PLACEMENT_3D('',#11764,#8955,#8956);
#7254=AXIS2_PLACEMENT_3D('',#11768,#8958,#8959);
#7255=AXIS2_PLACEMENT_3D('',#11772,#8961,#8962);
#7256=AXIS2_PLACEMENT_3D('',#11773,#8963,#8964);
#7257=AXIS2_PLACEMENT_3D('',#11775,#8965,#8966);
#7258=AXIS2_PLACEMENT_3D('',#11776,#8967,#8968);
#7259=AXIS2_PLACEMENT_3D('',#11778,#8969,#8970);
#7260=AXIS2_PLACEMENT_3D('',#11780,#8971,#8972);
#7261=AXIS2_PLACEMENT_3D('',#11790,#8978,#8979);
#7262=AXIS2_PLACEMENT_3D('',#11791,#8980,#8981);
#7263=AXIS2_PLACEMENT_3D('',#11792,#8982,#8983);
#7264=AXIS2_PLACEMENT_3D('',#11793,#8984,#8985);
#7265=AXIS2_PLACEMENT_3D('',#11797,#8987,#8988);
#7266=AXIS2_PLACEMENT_3D('',#11801,#8990,#8991);
#7267=AXIS2_PLACEMENT_3D('',#11802,#8992,#8993);
#7268=AXIS2_PLACEMENT_3D('',#11804,#8994,#8995);
#7269=AXIS2_PLACEMENT_3D('',#11806,#8996,#8997);
#7270=AXIS2_PLACEMENT_3D('',#11807,#8998,#8999);
#7271=AXIS2_PLACEMENT_3D('',#11809,#9000,#9001);
#7272=AXIS2_PLACEMENT_3D('',#11811,#9002,#9003);
#7273=AXIS2_PLACEMENT_3D('',#11812,#9004,#9005);
#7274=AXIS2_PLACEMENT_3D('',#11817,#9007,#9008);
#7275=AXIS2_PLACEMENT_3D('',#11821,#9010,#9011);
#7276=AXIS2_PLACEMENT_3D('',#11822,#9012,#9013);
#7277=AXIS2_PLACEMENT_3D('',#11823,#9014,#9015);
#7278=AXIS2_PLACEMENT_3D('',#11825,#9016,#9017);
#7279=AXIS2_PLACEMENT_3D('',#11827,#9018,#9019);
#7280=AXIS2_PLACEMENT_3D('',#11828,#9020,#9021);
#7281=AXIS2_PLACEMENT_3D('',#11829,#9022,#9023);
#7282=AXIS2_PLACEMENT_3D('',#11832,#9026,#9027);
#7283=AXIS2_PLACEMENT_3D('',#11834,#9029,#9030);
#7284=AXIS2_PLACEMENT_3D('',#11836,#9032,#9033);
#7285=AXIS2_PLACEMENT_3D('',#11837,#9034,#9035);
#7286=AXIS2_PLACEMENT_3D('',#11838,#9036,#9037);
#7287=AXIS2_PLACEMENT_3D('',#11841,#9040,#9041);
#7288=AXIS2_PLACEMENT_3D('',#11843,#9043,#9044);
#7289=AXIS2_PLACEMENT_3D('',#11845,#9046,#9047);
#7290=AXIS2_PLACEMENT_3D('',#11846,#9048,#9049);
#7291=AXIS2_PLACEMENT_3D('',#11847,#9050,#9051);
#7292=AXIS2_PLACEMENT_3D('',#11848,#9052,#9053);
#7293=AXIS2_PLACEMENT_3D('',#11849,#9054,#9055);
#7294=AXIS2_PLACEMENT_3D('',#11855,#9057,#9058);
#7295=AXIS2_PLACEMENT_3D('',#11857,#9060,#9061);
#7296=AXIS2_PLACEMENT_3D('',#11862,#9062,#9063);
#7297=AXIS2_PLACEMENT_3D('',#11863,#9064,#9065);
#7298=AXIS2_PLACEMENT_3D('',#11864,#9066,#9067);
#7299=AXIS2_PLACEMENT_3D('',#11865,#9068,#9069);
#7300=AXIS2_PLACEMENT_3D('',#11866,#9070,#9071);
#7301=AXIS2_PLACEMENT_3D('',#11867,#9072,#9073);
#7302=AXIS2_PLACEMENT_3D('',#11876,#9078,#9079);
#7303=AXIS2_PLACEMENT_3D('',#11898,#9091,#9092);
#7304=AXIS2_PLACEMENT_3D('',#11899,#9093,#9094);
#7305=AXIS2_PLACEMENT_3D('',#11904,#9096,#9097);
#7306=AXIS2_PLACEMENT_3D('',#11907,#9099,#9100);
#7307=AXIS2_PLACEMENT_3D('',#11913,#9104,#9105);
#7308=AXIS2_PLACEMENT_3D('',#11917,#9107,#9108);
#7309=AXIS2_PLACEMENT_3D('',#11918,#9109,#9110);
#7310=AXIS2_PLACEMENT_3D('',#11919,#9111,#9112);
#7311=AXIS2_PLACEMENT_3D('',#11920,#9113,#9114);
#7312=AXIS2_PLACEMENT_3D('',#11922,#9115,#9116);
#7313=AXIS2_PLACEMENT_3D('',#11930,#9121,#9122);
#7314=AXIS2_PLACEMENT_3D('',#11931,#9123,#9124);
#7315=AXIS2_PLACEMENT_3D('',#11933,#9125,#9126);
#7316=AXIS2_PLACEMENT_3D('',#11941,#9131,#9132);
#7317=AXIS2_PLACEMENT_3D('',#11942,#9133,#9134);
#7318=AXIS2_PLACEMENT_3D('',#11943,#9135,#9136);
#7319=AXIS2_PLACEMENT_3D('',#11945,#9138,#9139);
#7320=AXIS2_PLACEMENT_3D('',#11947,#9141,#9142);
#7321=AXIS2_PLACEMENT_3D('',#11949,#9144,#9145);
#7322=AXIS2_PLACEMENT_3D('',#11950,#9146,#9147);
#7323=AXIS2_PLACEMENT_3D('',#11956,#9151,#9152);
#7324=AXIS2_PLACEMENT_3D('',#11962,#9156,#9157);
#7325=AXIS2_PLACEMENT_3D('',#11968,#9161,#9162);
#7326=AXIS2_PLACEMENT_3D('',#11971,#9165,#9166);
#7327=AXIS2_PLACEMENT_3D('',#11974,#9169,#9170);
#7328=AXIS2_PLACEMENT_3D('',#11975,#9171,#9172);
#7329=AXIS2_PLACEMENT_3D('',#11976,#9173,#9174);
#7330=AXIS2_PLACEMENT_3D('',#11978,#9176,#9177);
#7331=AXIS2_PLACEMENT_3D('',#11979,#9178,#9179);
#7332=AXIS2_PLACEMENT_3D('',#11980,#9180,#9181);
#7333=AXIS2_PLACEMENT_3D('',#11981,#9182,#9183);
#7334=AXIS2_PLACEMENT_3D('',#11982,#9184,#9185);
#7335=AXIS2_PLACEMENT_3D('',#11983,#9186,#9187);
#7336=AXIS2_PLACEMENT_3D('',#11985,#9188,#9189);
#7337=AXIS2_PLACEMENT_3D('',#11987,#9190,#9191);
#7338=AXIS2_PLACEMENT_3D('',#11988,#9192,#9193);
#7339=AXIS2_PLACEMENT_3D('',#11990,#9194,#9195);
#7340=AXIS2_PLACEMENT_3D('',#11992,#9196,#9197);
#7341=AXIS2_PLACEMENT_3D('',#12015,#9200,#9201);
#7342=AXIS2_PLACEMENT_3D('',#12035,#9203,#9204);
#7343=AXIS2_PLACEMENT_3D('',#12055,#9206,#9207);
#7344=AXIS2_PLACEMENT_3D('',#12075,#9209,#9210);
#7345=AXIS2_PLACEMENT_3D('',#12095,#9212,#9213);
#7346=AXIS2_PLACEMENT_3D('',#12112,#9214,#9215);
#7347=AXIS2_PLACEMENT_3D('',#12113,#9216,#9217);
#7348=AXIS2_PLACEMENT_3D('',#12115,#9218,#9219);
#7349=AXIS2_PLACEMENT_3D('',#12117,#9220,#9221);
#7350=AXIS2_PLACEMENT_3D('',#12118,#9222,#9223);
#7351=AXIS2_PLACEMENT_3D('',#12120,#9224,#9225);
#7352=AXIS2_PLACEMENT_3D('',#12121,#9226,#9227);
#7353=AXIS2_PLACEMENT_3D('',#12123,#9228,#9229);
#7354=AXIS2_PLACEMENT_3D('',#12125,#9230,#9231);
#7355=AXIS2_PLACEMENT_3D('',#12126,#9232,#9233);
#7356=AXIS2_PLACEMENT_3D('',#12128,#9234,#9235);
#7357=AXIS2_PLACEMENT_3D('',#12130,#9236,#9237);
#7358=AXIS2_PLACEMENT_3D('',#12131,#9238,#9239);
#7359=AXIS2_PLACEMENT_3D('',#12133,#9240,#9241);
#7360=AXIS2_PLACEMENT_3D('',#12135,#9242,#9243);
#7361=AXIS2_PLACEMENT_3D('',#12136,#9244,#9245);
#7362=AXIS2_PLACEMENT_3D('',#12138,#9246,#9247);
#7363=AXIS2_PLACEMENT_3D('',#12140,#9248,#9249);
#7364=AXIS2_PLACEMENT_3D('',#12141,#9250,#9251);
#7365=AXIS2_PLACEMENT_3D('',#12143,#9252,#9253);
#7366=AXIS2_PLACEMENT_3D('',#12145,#9254,#9255);
#7367=AXIS2_PLACEMENT_3D('',#12146,#9256,#9257);
#7368=AXIS2_PLACEMENT_3D('',#12148,#9258,#9259);
#7369=AXIS2_PLACEMENT_3D('',#12150,#9260,#9261);
#7370=AXIS2_PLACEMENT_3D('',#12151,#9262,#9263);
#7371=AXIS2_PLACEMENT_3D('',#12153,#9264,#9265);
#7372=AXIS2_PLACEMENT_3D('',#12155,#9266,#9267);
#7373=AXIS2_PLACEMENT_3D('',#12156,#9268,#9269);
#7374=AXIS2_PLACEMENT_3D('',#12158,#9270,#9271);
#7375=AXIS2_PLACEMENT_3D('',#12160,#9272,#9273);
#7376=AXIS2_PLACEMENT_3D('',#12161,#9274,#9275);
#7377=AXIS2_PLACEMENT_3D('',#12163,#9276,#9277);
#7378=AXIS2_PLACEMENT_3D('',#12165,#9278,#9279);
#7379=AXIS2_PLACEMENT_3D('',#12166,#9280,#9281);
#7380=AXIS2_PLACEMENT_3D('',#12168,#9282,#9283);
#7381=AXIS2_PLACEMENT_3D('',#12169,#9284,#9285);
#7382=AXIS2_PLACEMENT_3D('',#12170,#9286,#9287);
#7383=AXIS2_PLACEMENT_3D('',#12171,#9288,#9289);
#7384=AXIS2_PLACEMENT_3D('',#12173,#9290,#9291);
#7385=AXIS2_PLACEMENT_3D('',#12174,#9292,#9293);
#7386=AXIS2_PLACEMENT_3D('',#12175,#9294,#9295);
#7387=AXIS2_PLACEMENT_3D('',#12177,#9296,#9297);
#7388=AXIS2_PLACEMENT_3D('',#12178,#9298,#9299);
#7389=AXIS2_PLACEMENT_3D('',#12179,#9300,#9301);
#7390=AXIS2_PLACEMENT_3D('',#12181,#9302,#9303);
#7391=AXIS2_PLACEMENT_3D('',#12182,#9304,#9305);
#7392=AXIS2_PLACEMENT_3D('',#12183,#9306,#9307);
#7393=AXIS2_PLACEMENT_3D('',#12185,#9308,#9309);
#7394=AXIS2_PLACEMENT_3D('',#12186,#9310,#9311);
#7395=AXIS2_PLACEMENT_3D('',#12187,#9312,#9313);
#7396=AXIS2_PLACEMENT_3D('',#12189,#9314,#9315);
#7397=AXIS2_PLACEMENT_3D('',#12190,#9316,#9317);
#7398=AXIS2_PLACEMENT_3D('',#12191,#9318,#9319);
#7399=AXIS2_PLACEMENT_3D('',#12193,#9320,#9321);
#7400=AXIS2_PLACEMENT_3D('',#12194,#9322,#9323);
#7401=AXIS2_PLACEMENT_3D('',#12195,#9324,#9325);
#7402=AXIS2_PLACEMENT_3D('',#12197,#9326,#9327);
#7403=AXIS2_PLACEMENT_3D('',#12198,#9328,#9329);
#7404=AXIS2_PLACEMENT_3D('',#12199,#9330,#9331);
#7405=AXIS2_PLACEMENT_3D('',#12201,#9332,#9333);
#7406=AXIS2_PLACEMENT_3D('',#12202,#9334,#9335);
#7407=AXIS2_PLACEMENT_3D('',#12203,#9336,#9337);
#7408=AXIS2_PLACEMENT_3D('',#12205,#9338,#9339);
#7409=AXIS2_PLACEMENT_3D('',#12206,#9340,#9341);
#7410=AXIS2_PLACEMENT_3D('',#12207,#9342,#9343);
#7411=AXIS2_PLACEMENT_3D('',#12209,#9344,#9345);
#7412=AXIS2_PLACEMENT_3D('',#12210,#9346,#9347);
#7413=AXIS2_PLACEMENT_3D('',#12211,#9348,#9349);
#7414=AXIS2_PLACEMENT_3D('',#12213,#9350,#9351);
#7415=AXIS2_PLACEMENT_3D('',#12214,#9352,#9353);
#7416=AXIS2_PLACEMENT_3D('',#12215,#9354,#9355);
#7417=AXIS2_PLACEMENT_3D('',#12216,#9356,#9357);
#7418=AXIS2_PLACEMENT_3D('',#12218,#9358,#9359);
#7419=AXIS2_PLACEMENT_3D('',#12220,#9360,#9361);
#7420=AXIS2_PLACEMENT_3D('',#12221,#9362,#9363);
#7421=AXIS2_PLACEMENT_3D('',#12223,#9364,#9365);
#7422=AXIS2_PLACEMENT_3D('',#12224,#9366,#9367);
#7423=AXIS2_PLACEMENT_3D('',#12226,#9368,#9369);
#7424=AXIS2_PLACEMENT_3D('',#12227,#9370,#9371);
#7425=AXIS2_PLACEMENT_3D('',#12229,#9372,#9373);
#7426=AXIS2_PLACEMENT_3D('',#12230,#9374,#9375);
#7427=AXIS2_PLACEMENT_3D('',#12232,#9376,#9377);
#7428=AXIS2_PLACEMENT_3D('',#12233,#9378,#9379);
#7429=AXIS2_PLACEMENT_3D('',#12235,#9380,#9381);
#7430=AXIS2_PLACEMENT_3D('',#12237,#9382,#9383);
#7431=AXIS2_PLACEMENT_3D('',#12238,#9384,#9385);
#7432=AXIS2_PLACEMENT_3D('',#12239,#9386,#9387);
#7433=AXIS2_PLACEMENT_3D('',#12240,#9388,#9389);
#7434=AXIS2_PLACEMENT_3D('',#12242,#9390,#9391);
#7435=AXIS2_PLACEMENT_3D('',#12244,#9392,#9393);
#7436=AXIS2_PLACEMENT_3D('',#12245,#9394,#9395);
#7437=AXIS2_PLACEMENT_3D('',#12246,#9396,#9397);
#7438=AXIS2_PLACEMENT_3D('',#12247,#9398,#9399);
#7439=AXIS2_PLACEMENT_3D('',#12248,#9400,#9401);
#7440=AXIS2_PLACEMENT_3D('',#12249,#9402,#9403);
#7441=AXIS2_PLACEMENT_3D('',#12250,#9404,#9405);
#7442=AXIS2_PLACEMENT_3D('',#12251,#9406,#9407);
#7443=AXIS2_PLACEMENT_3D('',#12252,#9408,#9409);
#7444=AXIS2_PLACEMENT_3D('',#12253,#9410,#9411);
#7445=AXIS2_PLACEMENT_3D('',#12254,#9412,#9413);
#7446=AXIS2_PLACEMENT_3D('',#12255,#9414,#9415);
#7447=AXIS2_PLACEMENT_3D('',#12256,#9416,#9417);
#7448=AXIS2_PLACEMENT_3D('',#12257,#9418,#9419);
#7449=AXIS2_PLACEMENT_3D('',#12258,#9420,#9421);
#7450=AXIS2_PLACEMENT_3D('',#12259,#9422,#9423);
#7451=AXIS2_PLACEMENT_3D('',#12260,#9424,#9425);
#7452=DIRECTION('',(0.,0.,1.));
#7453=DIRECTION('',(1.,0.,0.));
#7454=DIRECTION('',(0.,1.,0.));
#7455=DIRECTION('',(0.,0.,1.));
#7456=DIRECTION('',(0.,1.,0.));
#7457=DIRECTION('',(0.,0.,1.));
#7458=DIRECTION('',(0.,1.,0.));
#7459=DIRECTION('',(0.,0.,1.));
#7460=DIRECTION('',(0.,0.,-1.));
#7461=DIRECTION('',(1.,0.,0.));
#7462=DIRECTION('',(0.,0.,1.));
#7463=DIRECTION('',(1.,0.,0.));
#7464=DIRECTION('',(0.,1.,0.));
#7465=DIRECTION('',(0.,0.,1.));
#7466=DIRECTION('',(1.,0.,9.25185853854297E-17));
#7467=DIRECTION('',(0.,-1.,0.));
#7468=DIRECTION('',(0.,0.,-1.));
#7469=DIRECTION('',(0.,-1.,0.));
#7470=DIRECTION('',(0.,0.,-1.));
#7471=DIRECTION('',(0.,-1.,0.));
#7472=DIRECTION('',(0.,0.,-1.));
#7473=DIRECTION('',(0.,0.,1.));
#7474=DIRECTION('',(-1.,0.,-9.25185853854297E-17));
#7475=DIRECTION('',(0.,-1.,0.));
#7476=DIRECTION('',(0.,0.,-1.));
#7477=DIRECTION('',(-1.,0.,0.));
#7478=DIRECTION('',(0.,0.,-1.));
#7479=DIRECTION('',(-1.,0.,0.));
#7480=DIRECTION('',(0.,1.,0.));
#7481=DIRECTION('',(0.,0.,1.));
#7482=DIRECTION('',(0.,1.,0.));
#7483=DIRECTION('',(0.,0.,1.));
#7484=DIRECTION('',(0.,1.,0.));
#7485=DIRECTION('',(0.,0.,1.));
#7486=DIRECTION('',(0.,0.,1.));
#7487=DIRECTION('',(1.,0.,9.25185853854297E-17));
#7488=DIRECTION('',(0.,1.,0.));
#7489=DIRECTION('',(0.,0.,1.));
#7490=DIRECTION('',(1.,0.,0.));
#7491=DIRECTION('',(0.,0.,-1.));
#7492=DIRECTION('',(1.,0.,0.));
#7493=DIRECTION('',(0.,0.,1.));
#7494=DIRECTION('',(1.,0.,0.));
#7495=DIRECTION('',(9.25185853854297E-17,0.,-1.));
#7496=DIRECTION('',(-1.,0.,-9.25185853854297E-17));
#7497=DIRECTION('',(0.,0.,1.));
#7498=DIRECTION('',(0.,0.,1.));
#7499=DIRECTION('',(0.,0.,-1.));
#7500=DIRECTION('',(-1.,0.,0.));
#7501=DIRECTION('',(0.,0.,1.));
#7502=DIRECTION('',(0.,0.,1.));
#7503=DIRECTION('',(-9.25185853854297E-17,0.,1.));
#7504=DIRECTION('',(1.,0.,9.25185853854297E-17));
#7505=DIRECTION('',(0.,0.,1.));
#7506=DIRECTION('',(0.,0.,-1.));
#7507=DIRECTION('',(-1.,0.,0.));
#7508=DIRECTION('',(0.,0.,1.));
#7509=DIRECTION('',(0.,0.,-1.));
#7510=DIRECTION('',(-1.,0.,0.));
#7511=DIRECTION('',(0.663311332484885,-0.74834355492456,0.));
#7512=DIRECTION('',(0.,0.,1.));
#7513=DIRECTION('',(0.,0.,1.));
#7514=DIRECTION('',(0.663311332484885,0.74834355492456,0.));
#7515=DIRECTION('',(0.,0.,1.));
#7516=DIRECTION('',(0.,0.,1.));
#7517=DIRECTION('',(-0.761605534218697,-0.64804090167786,0.));
#7518=DIRECTION('',(0.,0.,1.));
#7519=DIRECTION('',(0.648040901677857,-0.761605534218699,0.));
#7520=DIRECTION('',(0.,0.,-1.));
#7521=DIRECTION('',(-1.,0.,0.));
#7522=DIRECTION('',(1.,0.,0.));
#7523=DIRECTION('',(0.,0.,-1.));
#7524=DIRECTION('',(-1.,0.,0.));
#7525=DIRECTION('',(1.,0.,0.));
#7526=DIRECTION('',(0.,0.,-1.));
#7527=DIRECTION('',(-1.,0.,0.));
#7528=DIRECTION('',(0.,0.,-1.));
#7529=DIRECTION('',(-1.,0.,0.));
#7530=DIRECTION('',(-1.,0.,0.));
#7531=DIRECTION('',(0.,0.,-1.));
#7532=DIRECTION('',(-1.,0.,0.));
#7533=DIRECTION('',(-1.,0.,0.));
#7534=DIRECTION('',(0.,0.,-1.));
#7535=DIRECTION('',(-1.,0.,0.));
#7536=DIRECTION('',(0.,0.,1.));
#7537=DIRECTION('',(1.,0.,0.));
#7538=DIRECTION('',(0.,0.,-1.));
#7539=DIRECTION('',(1.,0.,0.));
#7540=DIRECTION('',(0.,0.,-1.));
#7541=DIRECTION('',(1.,0.,0.));
#7542=DIRECTION('',(0.,0.,-1.));
#7543=DIRECTION('',(0.,0.,-1.));
#7544=DIRECTION('',(1.,0.,0.));
#7545=DIRECTION('',(0.,0.,-1.));
#7546=DIRECTION('',(0.,0.,1.));
#7547=DIRECTION('',(-1.,0.,0.));
#7548=DIRECTION('',(0.,0.,-1.));
#7549=DIRECTION('',(0.,0.,-1.));
#7550=DIRECTION('',(1.,0.,0.));
#7551=DIRECTION('',(0.,0.,-1.));
#7552=DIRECTION('',(0.,0.,1.));
#7553=DIRECTION('',(1.,0.,0.));
#7554=DIRECTION('',(0.,0.,-1.));
#7555=DIRECTION('',(0.,0.,1.));
#7556=DIRECTION('',(1.,0.,0.));
#7557=DIRECTION('',(0.,0.,-1.));
#7558=DIRECTION('',(0.,0.,1.));
#7559=DIRECTION('',(1.,0.,0.));
#7560=DIRECTION('',(0.,0.,1.));
#7561=DIRECTION('',(1.,0.,0.));
#7562=DIRECTION('',(-1.,0.,0.));
#7563=DIRECTION('',(0.,0.,1.));
#7564=DIRECTION('',(1.,0.,0.));
#7565=DIRECTION('',(1.,0.,0.));
#7566=DIRECTION('',(0.,0.,1.));
#7567=DIRECTION('',(1.,0.,0.));
#7568=DIRECTION('',(0.,0.,-1.));
#7569=DIRECTION('',(0.,0.,1.));
#7570=DIRECTION('',(1.,0.,0.));
#7571=DIRECTION('',(0.,0.,-1.));
#7572=DIRECTION('',(0.,0.,1.));
#7573=DIRECTION('',(1.,0.,0.));
#7574=DIRECTION('',(1.,0.,0.));
#7575=DIRECTION('',(-1.,0.,0.));
#7576=DIRECTION('',(0.,0.,-1.));
#7577=DIRECTION('',(-1.,0.,0.));
#7578=DIRECTION('',(0.,0.,-1.));
#7579=DIRECTION('',(-1.,0.,0.));
#7580=DIRECTION('',(0.,0.,1.));
#7581=DIRECTION('',(1.,0.,0.));
#7582=DIRECTION('',(0.,0.,1.));
#7583=DIRECTION('',(1.,0.,0.));
#7584=DIRECTION('',(0.,0.,1.));
#7585=DIRECTION('',(1.,0.,0.));
#7586=DIRECTION('',(-1.,0.,0.));
#7587=DIRECTION('',(1.,0.,0.));
#7588=DIRECTION('',(0.,0.,1.));
#7589=DIRECTION('',(1.,0.,0.));
#7590=DIRECTION('',(-1.,0.,0.));
#7591=DIRECTION('',(1.,0.,0.));
#7592=DIRECTION('',(0.,0.,1.));
#7593=DIRECTION('',(1.,0.,0.));
#7594=DIRECTION('',(0.,0.,-1.));
#7595=DIRECTION('',(-1.,0.,0.));
#7596=DIRECTION('',(0.,0.,-1.));
#7597=DIRECTION('',(-1.,0.,0.));
#7598=DIRECTION('',(0.,1.,0.));
#7599=DIRECTION('',(0.,0.,1.));
#7600=DIRECTION('',(0.,-1.,0.));
#7601=DIRECTION('',(0.,0.,-1.));
#7602=DIRECTION('',(0.,-1.,0.));
#7603=DIRECTION('',(0.,0.,-1.));
#7604=DIRECTION('',(0.,1.,0.));
#7605=DIRECTION('',(0.,0.,1.));
#7606=DIRECTION('',(0.,0.,-1.));
#7607=DIRECTION('',(-1.,0.,0.));
#7608=DIRECTION('',(0.,0.,1.));
#7609=DIRECTION('',(1.,0.,0.));
#7610=DIRECTION('',(0.,0.,1.));
#7611=DIRECTION('',(1.,0.,0.));
#7612=DIRECTION('',(0.,0.,1.));
#7613=DIRECTION('',(1.,0.,0.));
#7614=DIRECTION('',(0.,0.,-1.));
#7615=DIRECTION('',(-1.,0.,0.));
#7616=DIRECTION('',(0.,0.,-1.));
#7617=DIRECTION('',(-1.,0.,0.));
#7618=DIRECTION('',(0.,0.,1.));
#7619=DIRECTION('',(1.,0.,0.));
#7620=DIRECTION('',(0.,-1.,0.));
#7621=DIRECTION('',(0.,0.,1.));
#7622=DIRECTION('',(1.,0.,0.));
#7623=DIRECTION('',(9.25185853854297E-17,0.,-1.));
#7624=DIRECTION('',(-1.,0.,-9.25185853854297E-17));
#7625=DIRECTION('',(-1.,0.,-9.25185853854297E-17));
#7626=DIRECTION('',(0.,-1.,0.));
#7627=DIRECTION('',(1.,0.,9.25185853854297E-17));
#7628=DIRECTION('',(9.25185853854297E-17,0.,-1.));
#7629=DIRECTION('',(-1.,0.,-9.25185853854297E-17));
#7630=DIRECTION('',(9.25185853854297E-17,0.,-1.));
#7631=DIRECTION('',(-1.,0.,-9.25185853854297E-17));
#7632=DIRECTION('',(0.,-1.,0.));
#7633=DIRECTION('',(0.,0.,-1.));
#7634=DIRECTION('',(0.,-1.,0.));
#7635=DIRECTION('',(0.,0.,-1.));
#7636=DIRECTION('',(0.,1.,0.));
#7637=DIRECTION('',(0.,0.,1.));
#7638=DIRECTION('',(0.,1.,0.));
#7639=DIRECTION('',(0.,0.,1.));
#7640=DIRECTION('',(0.,-1.,0.));
#7641=DIRECTION('',(0.,0.,-1.));
#7642=DIRECTION('',(-1.,0.,0.));
#7643=DIRECTION('',(0.,0.,1.));
#7644=DIRECTION('',(1.,0.,0.));
#7645=DIRECTION('',(0.,0.,-1.));
#7646=DIRECTION('',(-1.,0.,0.));
#7647=DIRECTION('',(-1.,0.,0.));
#7648=DIRECTION('',(0.,0.,1.));
#7649=DIRECTION('',(0.,1.,0.));
#7650=DIRECTION('',(0.,0.,1.));
#7651=DIRECTION('',(0.,-1.,0.));
#7652=DIRECTION('',(0.,0.,-1.));
#7653=DIRECTION('',(0.,1.,0.));
#7654=DIRECTION('',(0.,0.,1.));
#7655=DIRECTION('',(0.,-1.,0.));
#7656=DIRECTION('',(0.,0.,-1.));
#7657=DIRECTION('',(0.,1.,0.));
#7658=DIRECTION('',(0.,0.,1.));
#7659=DIRECTION('',(0.,0.,-1.));
#7660=DIRECTION('',(-1.,0.,0.));
#7661=DIRECTION('',(0.,0.,-1.));
#7662=DIRECTION('',(-1.,0.,0.));
#7663=DIRECTION('',(1.,0.,0.));
#7664=DIRECTION('',(0.,0.,-1.));
#7665=DIRECTION('',(6.54205191118223E-17,-0.707106781186566,-0.707106781186529));
#7666=DIRECTION('',(-1.,0.,-9.25185853854297E-17));
#7667=DIRECTION('',(6.54205191118223E-17,-0.707106781186566,-0.707106781186529));
#7668=DIRECTION('',(-6.54205191118257E-17,-0.707106781186529,0.707106781186566));
#7669=DIRECTION('',(0.,0.,1.));
#7670=DIRECTION('',(1.,0.,0.));
#7671=DIRECTION('',(0.,0.,-1.));
#7672=DIRECTION('',(0.,0.,1.));
#7673=DIRECTION('',(1.,0.,0.));
#7674=DIRECTION('',(0.64804090167786,0.761605534218697,0.));
#7675=DIRECTION('',(6.54205191118234E-17,0.707106781186553,-0.707106781186542));
#7676=DIRECTION('',(-1.,0.,-9.25185853854297E-17));
#7677=DIRECTION('',(6.54205191118234E-17,0.707106781186553,-0.707106781186542));
#7678=DIRECTION('',(6.54205191118245E-17,-0.707106781186542,-0.707106781186553));
#7679=DIRECTION('',(0.,0.,-1.));
#7680=DIRECTION('',(-1.,0.,0.));
#7681=DIRECTION('',(0.,0.,-1.));
#7682=DIRECTION('',(-1.,0.,0.));
#7683=DIRECTION('',(0.,0.,1.));
#7684=DIRECTION('',(1.,0.,0.));
#7685=DIRECTION('',(0.,0.,1.));
#7686=DIRECTION('',(1.,0.,0.));
#7687=DIRECTION('',(0.,-1.,0.));
#7688=DIRECTION('',(0.,0.,-1.));
#7689=DIRECTION('',(-9.25185853854297E-17,0.,1.));
#7690=DIRECTION('',(1.,0.,9.25185853854297E-17));
#7691=DIRECTION('',(1.,0.,9.25185853854297E-17));
#7692=DIRECTION('',(0.,-1.,0.));
#7693=DIRECTION('',(-1.,0.,-9.25185853854297E-17));
#7694=DIRECTION('',(-9.25185853854297E-17,0.,1.));
#7695=DIRECTION('',(1.,0.,9.25185853854297E-17));
#7696=DIRECTION('',(0.,1.,0.));
#7697=DIRECTION('',(0.,0.,1.));
#7698=DIRECTION('',(0.,-1.,0.));
#7699=DIRECTION('',(0.,0.,-1.));
#7700=DIRECTION('',(0.,1.,0.));
#7701=DIRECTION('',(0.,0.,1.));
#7702=DIRECTION('',(0.,-1.,0.));
#7703=DIRECTION('',(0.,0.,-1.));
#7704=DIRECTION('',(0.,-1.,0.));
#7705=DIRECTION('',(0.,0.,-1.));
#7706=DIRECTION('',(0.,1.,0.));
#7707=DIRECTION('',(0.,0.,1.));
#7708=DIRECTION('',(0.,1.,0.));
#7709=DIRECTION('',(0.,0.,1.));
#7710=DIRECTION('',(0.,-1.,0.));
#7711=DIRECTION('',(0.,0.,-1.));
#7712=DIRECTION('',(0.,1.,0.));
#7713=DIRECTION('',(0.,0.,1.));
#7714=DIRECTION('',(0.,-1.,0.));
#7715=DIRECTION('',(0.,0.,-1.));
#7716=DIRECTION('',(-6.54205191118233E-17,-0.707106781186555,0.70710678118654));
#7717=DIRECTION('',(-1.,0.,-9.25185853854297E-17));
#7718=DIRECTION('',(-1.,0.,-9.25185853854297E-17));
#7719=DIRECTION('',(-6.54205191118233E-17,-0.707106781186555,0.70710678118654));
#7720=DIRECTION('',(6.54205191118247E-17,-0.70710678118654,-0.707106781186555));
#7721=DIRECTION('',(-9.25185853854297E-17,0.,1.));
#7722=DIRECTION('',(1.,0.,9.25185853854297E-17));
#7723=DIRECTION('',(0.,0.,-1.));
#7724=DIRECTION('',(-1.,0.,0.));
#7725=DIRECTION('',(0.,-1.,0.));
#7726=DIRECTION('',(-1.,0.,0.));
#7727=DIRECTION('',(0.,0.,-1.));
#7728=DIRECTION('',(-1.,0.,0.));
#7729=DIRECTION('',(0.,-1.,0.));
#7730=DIRECTION('',(0.,0.,-1.));
#7731=DIRECTION('',(0.,-1.,0.));
#7732=DIRECTION('',(0.,0.,-1.));
#7733=DIRECTION('',(-6.54205190666858E-17,0.70710678167443,0.707106780698665));
#7734=DIRECTION('',(-6.54205191569621E-17,-0.707106780698665,0.70710678167443));
#7735=DIRECTION('',(-6.54205190666858E-17,0.70710678167443,0.707106780698665));
#7736=DIRECTION('',(-1.,0.,-9.25185853854297E-17));
#7737=DIRECTION('',(0.,-1.,0.));
#7738=DIRECTION('',(0.,0.,-1.));
#7739=DIRECTION('',(0.,-1.,0.));
#7740=DIRECTION('',(0.,0.,-1.));
#7741=DIRECTION('',(-0.648040901677876,0.761605534218683,0.));
#7742=DIRECTION('',(0.,0.,-1.));
#7743=DIRECTION('',(-1.,0.,0.));
#7744=DIRECTION('',(0.,0.,-1.));
#7745=DIRECTION('',(-1.,0.,0.));
#7746=DIRECTION('',(-0.663311332484884,0.748343554924559,0.));
#7747=DIRECTION('',(0.,0.,1.));
#7748=DIRECTION('',(0.,0.,1.));
#7749=DIRECTION('',(0.,0.,1.));
#7750=DIRECTION('',(-0.663311332484869,-0.748343554924573,0.));
#7751=DIRECTION('',(0.,0.,1.));
#7752=DIRECTION('',(0.,0.,1.));
#7753=DIRECTION('',(0.761605534219247,-0.648040901677213,0.));
#7754=DIRECTION('',(0.,0.,1.));
#7755=DIRECTION('',(0.,0.,1.));
#7756=DIRECTION('',(1.,0.,0.));
#7757=DIRECTION('',(0.,-1.,0.));
#7758=DIRECTION('',(0.,0.,-1.));
#7759=DIRECTION('',(0.,0.,-1.));
#7760=DIRECTION('',(-0.761605534218683,-0.648040901677876,0.));
#7761=DIRECTION('',(0.,0.,1.));
#7762=DIRECTION('',(-0.761605534218697,0.64804090167786,0.));
#7763=DIRECTION('',(0.,0.,1.));
#7764=DIRECTION('',(0.,0.,1.));
#7765=DIRECTION('',(1.,0.,0.));
#7766=DIRECTION('',(0.,1.,0.));
#7767=DIRECTION('',(0.,0.,1.));
#7768=DIRECTION('',(0.,-1.,0.));
#7769=DIRECTION('',(0.,0.,-1.));
#7770=DIRECTION('',(0.,-1.,0.));
#7771=DIRECTION('',(1.,0.,0.));
#7772=DIRECTION('',(0.,-1.,0.));
#7773=DIRECTION('',(0.,0.,-1.));
#7774=DIRECTION('',(0.,-1.,0.));
#7775=DIRECTION('',(0.,0.,-1.));
#7776=DIRECTION('',(0.,1.,0.));
#7777=DIRECTION('',(0.,0.,1.));
#7778=DIRECTION('',(0.,1.,0.));
#7779=DIRECTION('',(1.,0.,0.));
#7780=DIRECTION('',(0.,-1.,0.));
#7781=DIRECTION('',(0.,0.,-1.));
#7782=DIRECTION('',(0.,-1.,0.));
#7783=DIRECTION('',(0.,0.,-1.));
#7784=DIRECTION('',(0.,-1.,0.));
#7785=DIRECTION('',(0.,0.,-1.));
#7786=DIRECTION('',(0.,1.,0.));
#7787=DIRECTION('',(1.,0.,0.));
#7788=DIRECTION('',(0.,-1.,0.));
#7789=DIRECTION('',(0.,0.,-1.));
#7790=DIRECTION('',(0.,1.,0.));
#7791=DIRECTION('',(0.,0.,1.));
#7792=DIRECTION('',(0.,1.,0.));
#7793=DIRECTION('',(0.,0.,1.));
#7794=DIRECTION('',(0.,1.,0.));
#7795=DIRECTION('',(0.,0.,1.));
#7796=DIRECTION('',(0.,1.,0.));
#7797=DIRECTION('',(1.,0.,0.));
#7798=DIRECTION('',(0.,1.,0.));
#7799=DIRECTION('',(0.,0.,1.));
#7800=DIRECTION('',(0.,1.,0.));
#7801=DIRECTION('',(1.,0.,0.));
#7802=DIRECTION('',(0.,1.,0.));
#7803=DIRECTION('',(1.,0.,0.));
#7804=DIRECTION('',(0.,1.,0.));
#7805=DIRECTION('',(0.,0.,1.));
#7806=DIRECTION('',(0.,1.,0.));
#7807=DIRECTION('',(0.,0.,1.));
#7808=DIRECTION('',(0.789441518531412,-0.613825780510087,-5.82960366972571E-16));
#7809=DIRECTION('',(-0.613825780510087,-0.789441518531412,8.36726066933398E-17));
#7810=DIRECTION('',(0.,-1.,0.));
#7811=DIRECTION('',(0.,0.,-1.));
#7812=DIRECTION('',(1.,0.,0.));
#7813=DIRECTION('',(0.,0.,1.));
#7814=DIRECTION('',(1.,0.,0.));
#7815=DIRECTION('',(0.,0.,1.));
#7816=DIRECTION('',(-1.,0.,0.));
#7817=DIRECTION('',(0.,0.,-1.));
#7818=DIRECTION('',(-1.,0.,0.));
#7819=DIRECTION('',(0.,0.,-1.));
#7820=DIRECTION('',(-1.,0.,0.));
#7821=DIRECTION('',(0.,0.,-1.));
#7822=DIRECTION('',(1.,0.,0.));
#7823=DIRECTION('',(0.,0.,1.));
#7824=DIRECTION('',(0.,-1.,0.));
#7825=DIRECTION('',(0.,0.,-1.));
#7826=DIRECTION('',(1.,0.,0.));
#7827=DIRECTION('',(0.,0.,-1.));
#7828=DIRECTION('',(0.,0.,-1.));
#7829=DIRECTION('',(1.,0.,0.));
#7830=DIRECTION('',(0.,0.,-1.));
#7831=DIRECTION('',(0.,0.,1.));
#7832=DIRECTION('',(1.,0.,0.));
#7833=DIRECTION('',(0.,0.,-1.));
#7834=DIRECTION('',(-1.,0.,0.));
#7835=DIRECTION('',(0.,0.,1.));
#7836=DIRECTION('',(-1.,0.,0.));
#7837=DIRECTION('',(0.,0.,1.));
#7838=DIRECTION('',(0.,0.,-1.));
#7839=DIRECTION('',(-1.,0.,0.));
#7840=DIRECTION('',(0.,0.,1.));
#7841=DIRECTION('',(0.,0.,1.));
#7842=DIRECTION('',(0.,-1.,0.));
#7843=DIRECTION('',(0.,0.,-1.));
#7844=DIRECTION('',(0.,-1.,0.));
#7845=DIRECTION('',(0.,0.,1.));
#7846=DIRECTION('',(1.,0.,0.));
#7847=DIRECTION('',(0.,0.,-1.));
#7848=DIRECTION('',(1.,0.,0.));
#7849=DIRECTION('',(0.,0.,-1.));
#7850=DIRECTION('',(1.,0.,0.));
#7851=DIRECTION('',(0.,0.,1.));
#7852=DIRECTION('',(-1.,0.,0.));
#7853=DIRECTION('',(0.,0.,1.));
#7854=DIRECTION('',(-1.,0.,0.));
#7855=DIRECTION('',(0.,0.,1.));
#7856=DIRECTION('',(-1.,0.,0.));
#7857=DIRECTION('',(0.,0.,-1.));
#7858=DIRECTION('',(0.,1.,0.));
#7859=DIRECTION('',(0.,0.,1.));
#7860=DIRECTION('',(0.,-1.,0.));
#7861=DIRECTION('',(0.,0.,1.));
#7862=DIRECTION('',(0.,-1.,0.));
#7863=DIRECTION('',(0.,0.,-1.));
#7864=DIRECTION('',(1.38777878078145E-16,-1.,0.));
#7865=DIRECTION('',(-1.,-1.38777878078145E-16,0.));
#7866=DIRECTION('',(0.,1.,0.));
#7867=DIRECTION('',(0.,0.,1.));
#7868=DIRECTION('',(-1.,0.,0.));
#7869=DIRECTION('',(0.,0.,1.));
#7870=DIRECTION('',(-1.,0.,0.));
#7871=DIRECTION('',(0.,0.,1.));
#7872=DIRECTION('',(0.,0.,1.));
#7873=DIRECTION('',(-1.,0.,0.));
#7874=DIRECTION('',(0.,0.,1.));
#7875=DIRECTION('',(0.,0.,-1.));
#7876=DIRECTION('',(-1.,0.,0.));
#7877=DIRECTION('',(0.,0.,1.));
#7878=DIRECTION('',(-1.,0.,0.));
#7879=DIRECTION('',(0.,0.,1.));
#7880=DIRECTION('',(-1.,0.,0.));
#7881=DIRECTION('',(0.,0.,1.));
#7882=DIRECTION('',(0.,0.,-1.));
#7883=DIRECTION('',(-1.,0.,0.));
#7884=DIRECTION('',(0.,0.,1.));
#7885=DIRECTION('',(0.,0.,1.));
#7886=DIRECTION('',(-1.,0.,0.));
#7887=DIRECTION('',(0.,0.,1.));
#7888=DIRECTION('',(-1.,0.,0.));
#7889=DIRECTION('',(0.,0.,1.));
#7890=DIRECTION('',(-1.,0.,0.));
#7891=DIRECTION('',(0.,0.,1.));
#7892=DIRECTION('',(0.,0.,-1.));
#7893=DIRECTION('',(-1.,0.,0.));
#7894=DIRECTION('',(0.,0.,1.));
#7895=DIRECTION('',(0.,0.,1.));
#7896=DIRECTION('',(-1.,0.,0.));
#7897=DIRECTION('',(0.,0.,1.));
#7898=DIRECTION('',(1.,0.,0.));
#7899=DIRECTION('',(0.,0.,-1.));
#7900=DIRECTION('',(1.,0.,0.));
#7901=DIRECTION('',(0.,0.,-1.));
#7902=DIRECTION('',(0.,0.,1.));
#7903=DIRECTION('',(1.,0.,0.));
#7904=DIRECTION('',(0.,0.,-1.));
#7905=DIRECTION('',(0.,0.,-1.));
#7906=DIRECTION('',(1.,0.,0.));
#7907=DIRECTION('',(0.,0.,-1.));
#7908=DIRECTION('',(-1.,0.,0.));
#7909=DIRECTION('',(0.,0.,1.));
#7910=DIRECTION('',(1.,0.,0.));
#7911=DIRECTION('',(0.,0.,-1.));
#7912=DIRECTION('',(-1.,0.,0.));
#7913=DIRECTION('',(0.,0.,1.));
#7914=DIRECTION('',(-1.,0.,0.));
#7915=DIRECTION('',(0.,0.,1.));
#7916=DIRECTION('',(-1.,0.,0.));
#7917=DIRECTION('',(0.,0.,1.));
#7918=DIRECTION('',(-1.,0.,0.));
#7919=DIRECTION('',(0.,0.,1.));
#7920=DIRECTION('',(1.,0.,0.));
#7921=DIRECTION('',(0.,0.,-1.));
#7922=DIRECTION('',(-1.,0.,0.));
#7923=DIRECTION('',(0.,0.,1.));
#7924=DIRECTION('',(0.707106781186547,0.707106781186547,0.));
#7925=DIRECTION('',(0.707106781186548,-0.707106781186548,0.));
#7926=DIRECTION('',(-0.707106781186547,0.707106781186547,0.));
#7927=DIRECTION('',(0.707106781186548,0.707106781186548,0.));
#7928=DIRECTION('',(1.,0.,0.));
#7929=DIRECTION('',(0.,0.,-1.));
#7930=DIRECTION('',(1.,0.,0.));
#7931=DIRECTION('',(0.,0.,-1.));
#7932=DIRECTION('',(0.707106781186547,0.707106781186547,0.));
#7933=DIRECTION('',(0.707106781186548,-0.707106781186548,0.));
#7934=DIRECTION('',(-0.707106781186547,0.707106781186548,0.));
#7935=DIRECTION('',(0.707106781186548,0.707106781186547,0.));
#7936=DIRECTION('',(-1.,0.,0.));
#7937=DIRECTION('',(0.,0.,1.));
#7938=DIRECTION('',(1.,0.,0.));
#7939=DIRECTION('',(0.,0.,-1.));
#7940=DIRECTION('',(0.707106781186547,-0.707106781186548,0.));
#7941=DIRECTION('',(-0.707106781186548,-0.707106781186547,0.));
#7942=DIRECTION('',(-0.707106781186547,-0.707106781186547,0.));
#7943=DIRECTION('',(-0.707106781186548,0.707106781186548,0.));
#7944=DIRECTION('',(1.,0.,0.));
#7945=DIRECTION('',(0.,0.,-1.));
#7946=DIRECTION('',(-1.,0.,0.));
#7947=DIRECTION('',(0.,0.,1.));
#7948=DIRECTION('',(-0.707106781186547,0.707106781186547,0.));
#7949=DIRECTION('',(0.707106781186548,0.707106781186548,0.));
#7950=DIRECTION('',(0.707106781186547,0.707106781186547,0.));
#7951=DIRECTION('',(0.707106781186548,-0.707106781186548,0.));
#7952=DIRECTION('',(0.707106781186547,0.707106781186547,0.));
#7953=DIRECTION('',(0.,0.,-1.));
#7954=DIRECTION('',(-0.707106781186547,0.707106781186547,0.));
#7955=DIRECTION('',(-0.707106781186547,0.707106781186548,0.));
#7956=DIRECTION('',(0.,0.,-1.));
#7957=DIRECTION('',(-0.707106781186548,-0.707106781186547,0.));
#7958=DIRECTION('',(-0.707106781186547,0.707106781186547,0.));
#7959=DIRECTION('',(0.,0.,1.));
#7960=DIRECTION('',(0.707106781186547,0.707106781186547,0.));
#7961=DIRECTION('',(0.707106781186547,0.707106781186547,0.));
#7962=DIRECTION('',(0.,0.,1.));
#7963=DIRECTION('',(0.707106781186547,-0.707106781186547,0.));
#7964=DIRECTION('',(-0.707106781186547,0.707106781186547,0.));
#7965=DIRECTION('',(0.,0.,1.));
#7966=DIRECTION('',(0.707106781186547,0.707106781186547,0.));
#7967=DIRECTION('',(-0.707106781186547,-0.707106781186547,0.));
#7968=DIRECTION('',(0.,0.,-1.));
#7969=DIRECTION('',(-0.707106781186547,0.707106781186547,0.));
#7970=DIRECTION('',(0.707106781186547,0.707106781186547,0.));
#7971=DIRECTION('',(0.,0.,-1.));
#7972=DIRECTION('',(0.707106781186547,-0.707106781186547,0.));
#7973=DIRECTION('',(0.707106781186547,-0.707106781186548,0.));
#7974=DIRECTION('',(0.,0.,-1.));
#7975=DIRECTION('',(-0.707106781186548,-0.707106781186547,0.));
#7976=DIRECTION('',(-1.,0.,0.));
#7977=DIRECTION('',(0.,0.,1.));
#7978=DIRECTION('',(1.,0.,0.));
#7979=DIRECTION('',(0.,0.,-1.));
#7980=DIRECTION('',(1.,0.,0.));
#7981=DIRECTION('',(0.,0.,-1.));
#7982=DIRECTION('',(-1.,0.,0.));
#7983=DIRECTION('',(0.,0.,1.));
#7984=DIRECTION('',(1.,0.,0.));
#7985=DIRECTION('',(0.,0.,-1.));
#7986=DIRECTION('',(-1.,0.,0.));
#7987=DIRECTION('',(0.,0.,1.));
#7988=DIRECTION('',(-1.,0.,0.));
#7989=DIRECTION('',(0.,0.,1.));
#7990=DIRECTION('',(-1.,0.,0.));
#7991=DIRECTION('',(0.,0.,1.));
#7992=DIRECTION('',(1.,0.,0.));
#7993=DIRECTION('',(0.,0.,-1.));
#7994=DIRECTION('',(-1.,0.,0.));
#7995=DIRECTION('',(0.,0.,1.));
#7996=DIRECTION('',(1.,0.,0.));
#7997=DIRECTION('',(0.,0.,-1.));
#7998=DIRECTION('',(1.,0.,0.));
#7999=DIRECTION('',(0.,0.,-1.));
#8000=DIRECTION('',(-1.,0.,0.));
#8001=DIRECTION('',(0.,0.,1.));
#8002=DIRECTION('',(-1.,0.,0.));
#8003=DIRECTION('',(0.,0.,1.));
#8004=DIRECTION('',(0.707106781186547,0.707106781186547,0.));
#8005=DIRECTION('',(0.,0.,-1.));
#8006=DIRECTION('',(-0.707106781186547,0.707106781186547,0.));
#8007=DIRECTION('',(0.707106781186547,-0.707106781186547,0.));
#8008=DIRECTION('',(1.,0.,0.));
#8009=DIRECTION('',(0.,0.,-1.));
#8010=DIRECTION('',(0.707106781186547,0.707106781186547,0.));
#8011=DIRECTION('',(1.,0.,0.));
#8012=DIRECTION('',(0.,0.,-1.));
#8013=DIRECTION('',(-0.707106781186547,-0.707106781186547,0.));
#8014=DIRECTION('',(-0.707106781186547,0.707106781186547,0.));
#8015=DIRECTION('',(0.,0.,1.));
#8016=DIRECTION('',(-1.,0.,0.));
#8017=DIRECTION('',(0.,0.,1.));
#8018=DIRECTION('',(0.707106781186547,-0.707106781186547,0.));
#8019=DIRECTION('',(-0.707106781186547,-0.707106781186547,0.));
#8020=DIRECTION('',(-0.707106781186547,0.707106781186547,0.));
#8021=DIRECTION('',(0.,0.,1.));
#8022=DIRECTION('',(-0.707106781186547,-0.707106781186547,0.));
#8023=DIRECTION('',(0.707106781186547,0.707106781186547,0.));
#8024=DIRECTION('',(0.,0.,-1.));
#8025=DIRECTION('',(0.707106781186547,-0.707106781186547,0.));
#8026=DIRECTION('',(-1.,0.,0.));
#8027=DIRECTION('',(0.,0.,1.));
#8028=DIRECTION('',(1.,-5.0532154980743E-16,1.17145536458252E-15));
#8029=DIRECTION('',(-5.0532154980743E-16,-1.,-5.66553889764798E-16));
#8030=DIRECTION('',(0.,1.,0.));
#8031=DIRECTION('',(0.,0.,1.));
#8032=DIRECTION('',(0.,1.,0.));
#8033=DIRECTION('',(0.,0.,1.));
#8034=DIRECTION('',(0.,1.,0.));
#8035=DIRECTION('',(0.,0.,1.));
#8036=DIRECTION('',(-1.,0.,-6.83904386350013E-17));
#8037=DIRECTION('',(0.,1.,0.));
#8038=DIRECTION('',(0.,0.,1.));
#8039=DIRECTION('',(1.,0.,-6.83904386350013E-17));
#8040=DIRECTION('',(0.,1.,0.));
#8041=DIRECTION('',(0.,0.,1.));
#8042=DIRECTION('',(-6.83904386350013E-17,0.,1.));
#8043=DIRECTION('',(1.,0.,6.83904386350013E-17));
#8044=DIRECTION('',(0.,-1.,0.));
#8045=DIRECTION('',(-1.,0.,-6.83904386350013E-17));
#8046=DIRECTION('',(0.,-1.,0.));
#8047=DIRECTION('',(1.,0.,6.83904386350013E-17));
#8048=DIRECTION('',(0.,-1.,0.));
#8049=DIRECTION('',(1.,8.71576399210525E-33,6.83904386350013E-17));
#8050=DIRECTION('',(0.,-1.,0.));
#8051=DIRECTION('',(0.,0.,-1.));
#8052=DIRECTION('',(0.,-1.,0.));
#8053=DIRECTION('',(0.,0.,-1.));
#8054=DIRECTION('',(0.,-1.,0.));
#8055=DIRECTION('',(0.,0.,-1.));
#8056=DIRECTION('',(0.,-1.,0.));
#8057=DIRECTION('',(0.,0.,-1.));
#8058=DIRECTION('',(0.,-1.,0.));
#8059=DIRECTION('',(0.,0.,-1.));
#8060=DIRECTION('',(0.,-1.,0.));
#8061=DIRECTION('',(0.,1.,0.));
#8062=DIRECTION('',(0.,0.,1.));
#8063=DIRECTION('',(-4.83593429271318E-17,0.707106781186547,0.707106781186547));
#8064=DIRECTION('',(-1.,0.,-6.83904386350013E-17));
#8065=DIRECTION('',(4.83593429271318E-17,0.707106781186547,-0.707106781186547));
#8066=DIRECTION('',(0.,-0.707106781186547,0.707106781186547));
#8067=DIRECTION('',(1.,0.,6.83904386350013E-17));
#8068=DIRECTION('',(-6.83904386350013E-17,0.,-1.));
#8069=DIRECTION('',(-1.,0.,6.83904386350013E-17));
#8070=DIRECTION('',(1.,0.,-6.83904386350013E-17));
#8071=DIRECTION('',(0.,-1.,0.));
#8072=DIRECTION('',(-1.,-8.71576399210525E-33,6.83904386350013E-17));
#8073=DIRECTION('',(0.,-1.,0.));
#8074=DIRECTION('',(-1.,0.,6.83904386350013E-17));
#8075=DIRECTION('',(0.,-1.,0.));
#8076=DIRECTION('',(0.,0.,-1.));
#8077=DIRECTION('',(0.,1.,0.));
#8078=DIRECTION('',(0.,0.,1.));
#8079=DIRECTION('',(0.,1.,0.));
#8080=DIRECTION('',(0.,0.,1.));
#8081=DIRECTION('',(0.,-1.,0.));
#8082=DIRECTION('',(0.,0.,-1.));
#8083=DIRECTION('',(0.,1.,0.));
#8084=DIRECTION('',(0.,0.,1.));
#8085=DIRECTION('',(0.,1.,0.));
#8086=DIRECTION('',(0.,0.,1.));
#8087=DIRECTION('',(0.,1.,0.));
#8088=DIRECTION('',(0.,0.,1.));
#8089=DIRECTION('',(0.,1.,0.));
#8090=DIRECTION('',(0.,0.,1.));
#8091=DIRECTION('',(-1.,0.,6.83904386350013E-17));
#8092=DIRECTION('',(0.,1.,0.));
#8093=DIRECTION('',(0.,0.,1.));
#8094=DIRECTION('',(0.,1.,0.));
#8095=DIRECTION('',(0.,0.,1.));
#8096=DIRECTION('',(0.,-1.,0.));
#8097=DIRECTION('',(0.,0.,-1.));
#8098=DIRECTION('',(0.,0.707106781186547,-0.707106781186547));
#8099=DIRECTION('',(0.,-0.707106781186547,-0.707106781186547));
#8100=DIRECTION('',(4.83593429271318E-17,0.707106781186547,-0.707106781186547));
#8101=DIRECTION('',(1.,0.,6.83904386350013E-17));
#8102=DIRECTION('',(0.,-0.707106781186547,-0.707106781186547));
#8103=DIRECTION('',(4.83593429271318E-17,0.707106781186547,0.707106781186547));
#8104=DIRECTION('',(-1.,0.,6.83904386350013E-17));
#8105=DIRECTION('',(0.,0.707106781186547,-0.707106781186547));
#8106=DIRECTION('',(0.,-1.,0.));
#8107=DIRECTION('',(0.,0.,-1.));
#8108=DIRECTION('',(0.,1.,0.));
#8109=DIRECTION('',(0.,0.,1.));
#8110=DIRECTION('',(0.,0.707106781186547,0.707106781186547));
#8111=DIRECTION('',(-4.83593429271318E-17,0.707106781186547,-0.707106781186547));
#8112=DIRECTION('',(1.,0.,-6.83904386350013E-17));
#8113=DIRECTION('',(4.83593429271318E-17,0.707106781186547,0.707106781186547));
#8114=DIRECTION('',(0.,-1.,0.));
#8115=DIRECTION('',(0.,0.,-1.));
#8116=DIRECTION('',(0.,-1.,0.));
#8117=DIRECTION('',(0.,0.,-1.));
#8118=DIRECTION('',(1.,0.,6.83904386350013E-17));
#8119=DIRECTION('',(0.,-1.,0.));
#8120=DIRECTION('',(0.,0.,-1.));
#8121=DIRECTION('',(-1.,0.,6.83904386350013E-17));
#8122=DIRECTION('',(0.,-1.,0.));
#8123=DIRECTION('',(0.,0.,-1.));
#8124=DIRECTION('',(0.,1.,0.));
#8125=DIRECTION('',(0.,0.,1.));
#8126=DIRECTION('',(0.,1.,0.));
#8127=DIRECTION('',(0.,0.,1.));
#8128=DIRECTION('',(4.83593429271319E-17,-0.707106781186547,0.707106781186548));
#8129=DIRECTION('',(4.83593429271318E-17,0.707106781186548,0.707106781186547));
#8130=DIRECTION('',(4.83593429271319E-17,-0.707106781186547,-0.707106781186548));
#8131=DIRECTION('',(4.83593429271318E-17,0.707106781186548,-0.707106781186547));
#8132=DIRECTION('',(0.,1.,0.));
#8133=DIRECTION('',(0.,0.,1.));
#8134=DIRECTION('',(4.83593429271319E-17,-0.707106781186547,-0.707106781186548));
#8135=DIRECTION('',(-1.,0.,-6.83904386350013E-17));
#8136=DIRECTION('',(0.,-0.707106781186549,0.707106781186546));
#8137=DIRECTION('',(0.,1.,0.));
#8138=DIRECTION('',(0.,0.,1.));
#8139=DIRECTION('',(0.,-0.707106781186547,-0.707106781186547));
#8140=DIRECTION('',(4.83593429271319E-17,-0.707106781186547,0.707106781186548));
#8141=DIRECTION('',(1.,0.,-6.83904386350013E-17));
#8142=DIRECTION('',(0.,-1.,0.));
#8143=DIRECTION('',(0.,0.,-1.));
#8144=DIRECTION('',(0.,1.,0.));
#8145=DIRECTION('',(0.,0.,1.));
#8146=DIRECTION('',(0.,-1.,0.));
#8147=DIRECTION('',(0.,0.,-1.));
#8148=DIRECTION('',(0.,1.,0.));
#8149=DIRECTION('',(0.,0.,1.));
#8150=DIRECTION('',(0.,1.,0.));
#8151=DIRECTION('',(0.,0.,1.));
#8152=DIRECTION('',(0.,-1.,0.));
#8153=DIRECTION('',(0.,0.,-1.));
#8154=DIRECTION('',(0.,-1.,0.));
#8155=DIRECTION('',(0.,0.,-1.));
#8156=DIRECTION('',(0.,-1.,0.));
#8157=DIRECTION('',(0.,0.,-1.));
#8158=DIRECTION('',(0.,-1.,0.));
#8159=DIRECTION('',(0.,0.,-1.));
#8160=DIRECTION('',(0.,1.,0.));
#8161=DIRECTION('',(0.,0.,1.));
#8162=DIRECTION('',(0.,1.,0.));
#8163=DIRECTION('',(0.,0.,1.));
#8164=DIRECTION('',(0.,1.,0.));
#8165=DIRECTION('',(0.,0.,1.));
#8166=DIRECTION('',(0.639054349420131,-2.08510129462657E-17,0.769161581520562));
#8167=DIRECTION('',(-0.769161581520562,-6.27543813597834E-17,0.639054349420131));
#8168=DIRECTION('',(0.,-1.,0.));
#8169=DIRECTION('',(0.,0.,-1.));
#8170=DIRECTION('',(0.,-1.,0.));
#8171=DIRECTION('',(1.,0.,0.));
#8172=DIRECTION('',(0.,-1.,0.));
#8173=DIRECTION('',(1.,0.,0.));
#8174=DIRECTION('',(0.,-1.,0.));
#8175=DIRECTION('',(0.,0.,-1.));
#8176=DIRECTION('',(0.,-1.,0.));
#8177=DIRECTION('',(0.,0.,-1.));
#8178=DIRECTION('',(0.,-1.,0.));
#8179=DIRECTION('',(0.,0.,-1.));
#8180=DIRECTION('',(0.,-1.,0.));
#8181=DIRECTION('',(0.,0.,-1.));
#8182=DIRECTION('',(0.,-1.,0.));
#8183=DIRECTION('',(0.,0.,-1.));
#8184=DIRECTION('',(0.,-1.,0.));
#8185=DIRECTION('',(0.,0.,-1.));
#8186=DIRECTION('',(0.,-1.,0.));
#8187=DIRECTION('',(0.,0.,-1.));
#8188=DIRECTION('',(0.,-1.,0.));
#8189=DIRECTION('',(0.,0.,-1.));
#8190=DIRECTION('',(0.,-1.,0.));
#8191=DIRECTION('',(0.,0.,-1.));
#8192=DIRECTION('',(0.371213759394552,1.5147584636588E-16,0.928547438118357));
#8193=DIRECTION('',(0.928547438118357,-6.99745178793123E-16,-0.371213759394552));
#8194=DIRECTION('',(0.,0.,1.));
#8195=DIRECTION('',(1.,0.,0.));
#8196=DIRECTION('',(0.,0.,-1.));
#8197=DIRECTION('',(-1.,0.,0.));
#8198=DIRECTION('',(0.,0.,-1.));
#8199=DIRECTION('',(1.,0.,0.));
#8200=DIRECTION('',(0.,0.,1.));
#8201=DIRECTION('',(1.,0.,0.));
#8202=DIRECTION('',(0.,0.,-1.));
#8203=DIRECTION('',(-1.,0.,0.));
#8204=DIRECTION('',(0.,0.,1.));
#8205=DIRECTION('',(1.,0.,0.));
#8206=DIRECTION('',(0.866025403784438,0.5,0.));
#8207=DIRECTION('',(-0.5,0.866025403784438,0.));
#8208=DIRECTION('',(0.,0.,1.));
#8209=DIRECTION('',(0.,0.,1.));
#8210=DIRECTION('',(-1.25192883228097E-16,1.,0.));
#8211=DIRECTION('',(-1.,-1.25192883228097E-16,0.));
#8212=DIRECTION('',(0.,0.,1.));
#8213=DIRECTION('',(-0.866025403784439,0.5,0.));
#8214=DIRECTION('',(-0.5,-0.866025403784439,0.));
#8215=DIRECTION('',(0.,0.,1.));
#8216=DIRECTION('',(-0.866025403784438,-0.5,0.));
#8217=DIRECTION('',(0.5,-0.866025403784438,0.));
#8218=DIRECTION('',(0.,0.,1.));
#8219=DIRECTION('',(0.,-1.,0.));
#8220=DIRECTION('',(0.,0.,-1.));
#8221=DIRECTION('',(0.,0.,1.));
#8222=DIRECTION('',(0.866025403784439,-0.5,0.));
#8223=DIRECTION('',(0.5,0.866025403784439,0.));
#8224=DIRECTION('',(0.,0.,1.));
#8225=DIRECTION('',(1.,0.,0.));
#8226=DIRECTION('',(0.,0.,1.));
#8227=DIRECTION('',(1.,0.,0.));
#8228=DIRECTION('',(0.,0.,1.));
#8229=DIRECTION('',(1.,0.,0.));
#8230=DIRECTION('',(0.,0.,1.));
#8231=DIRECTION('',(1.,0.,0.));
#8232=DIRECTION('',(0.,0.,-1.));
#8233=DIRECTION('',(-1.,0.,0.));
#8234=DIRECTION('',(0.,0.,1.));
#8235=DIRECTION('',(1.,0.,0.));
#8236=DIRECTION('',(0.,0.,1.));
#8237=DIRECTION('',(1.,0.,0.));
#8238=DIRECTION('',(0.,0.,1.));
#8239=DIRECTION('',(1.,0.,0.));
#8240=DIRECTION('',(0.,0.,1.));
#8241=DIRECTION('',(1.,0.,0.));
#8242=DIRECTION('',(0.,0.,1.));
#8243=DIRECTION('',(1.,0.,0.));
#8244=DIRECTION('',(0.,0.,1.));
#8245=DIRECTION('',(1.,0.,0.));
#8246=DIRECTION('',(0.,0.,1.));
#8247=DIRECTION('',(1.,0.,0.));
#8248=DIRECTION('',(0.,0.,1.));
#8249=DIRECTION('',(1.,0.,0.));
#8250=DIRECTION('',(0.,0.,1.));
#8251=DIRECTION('',(1.,0.,0.));
#8252=DIRECTION('',(0.,0.,1.));
#8253=DIRECTION('',(1.,0.,0.));
#8254=DIRECTION('',(0.,0.,1.));
#8255=DIRECTION('',(1.,0.,0.));
#8256=DIRECTION('',(0.,0.,1.));
#8257=DIRECTION('',(1.,0.,0.));
#8258=DIRECTION('',(0.,0.,1.));
#8259=DIRECTION('',(1.,0.,0.));
#8260=DIRECTION('',(0.,0.,1.));
#8261=DIRECTION('',(1.,0.,0.));
#8262=DIRECTION('',(0.,0.,1.));
#8263=DIRECTION('',(1.,0.,0.));
#8264=DIRECTION('',(0.,0.,1.));
#8265=DIRECTION('',(1.,0.,0.));
#8266=DIRECTION('',(0.,0.,1.));
#8267=DIRECTION('',(1.,0.,0.));
#8268=DIRECTION('',(0.,0.,1.));
#8269=DIRECTION('',(1.,0.,0.));
#8270=DIRECTION('',(0.,0.,1.));
#8271=DIRECTION('',(1.,0.,0.));
#8272=DIRECTION('',(0.,0.,1.));
#8273=DIRECTION('',(1.,0.,0.));
#8274=DIRECTION('',(0.,0.,1.));
#8275=DIRECTION('',(1.,0.,0.));
#8276=DIRECTION('',(0.,0.,1.));
#8277=DIRECTION('',(1.,0.,0.));
#8278=DIRECTION('',(0.,0.,1.));
#8279=DIRECTION('',(1.,0.,0.));
#8280=DIRECTION('',(0.,0.,1.));
#8281=DIRECTION('',(1.,0.,0.));
#8282=DIRECTION('',(0.,0.,1.));
#8283=DIRECTION('',(1.,0.,0.));
#8284=DIRECTION('',(0.,0.,1.));
#8285=DIRECTION('',(1.,0.,0.));
#8286=DIRECTION('',(0.,0.,1.));
#8287=DIRECTION('',(1.,0.,0.));
#8288=DIRECTION('',(0.,0.,-1.));
#8289=DIRECTION('',(-1.,0.,0.));
#8290=DIRECTION('',(0.,0.,1.));
#8291=DIRECTION('',(1.,0.,0.));
#8292=DIRECTION('',(0.,0.,1.));
#8293=DIRECTION('',(1.,0.,0.));
#8294=DIRECTION('',(0.,0.,-1.));
#8295=DIRECTION('',(-1.,0.,0.));
#8296=DIRECTION('',(0.,0.,1.));
#8297=DIRECTION('',(1.,0.,0.));
#8298=DIRECTION('',(0.,0.,1.));
#8299=DIRECTION('',(1.,0.,0.));
#8300=DIRECTION('',(0.,0.,-1.));
#8301=DIRECTION('',(-1.,0.,0.));
#8302=DIRECTION('',(0.,0.,1.));
#8303=DIRECTION('',(1.,0.,0.));
#8304=DIRECTION('',(0.,0.,1.));
#8305=DIRECTION('',(1.,0.,0.));
#8306=DIRECTION('',(0.,0.,-1.));
#8307=DIRECTION('',(-1.,0.,0.));
#8308=DIRECTION('',(0.,0.,1.));
#8309=DIRECTION('',(1.,0.,0.));
#8310=DIRECTION('',(0.,0.,1.));
#8311=DIRECTION('',(1.,0.,0.));
#8312=DIRECTION('',(0.,0.,-1.));
#8313=DIRECTION('',(-1.,0.,0.));
#8314=DIRECTION('',(0.,0.,1.));
#8315=DIRECTION('',(1.,0.,0.));
#8316=DIRECTION('',(0.,0.,1.));
#8317=DIRECTION('',(1.,0.,0.));
#8318=DIRECTION('',(0.,0.,-1.));
#8319=DIRECTION('',(-1.,0.,0.));
#8320=DIRECTION('',(0.,0.,1.));
#8321=DIRECTION('',(1.,0.,0.));
#8322=DIRECTION('',(0.,0.,1.));
#8323=DIRECTION('',(1.,0.,0.));
#8324=DIRECTION('',(0.,0.,-1.));
#8325=DIRECTION('',(-1.,0.,0.));
#8326=DIRECTION('',(0.,0.,1.));
#8327=DIRECTION('',(1.,0.,0.));
#8328=DIRECTION('',(0.,0.,1.));
#8329=DIRECTION('',(1.,0.,0.));
#8330=DIRECTION('',(0.,0.,-1.));
#8331=DIRECTION('',(-1.,0.,0.));
#8332=DIRECTION('',(0.,0.,1.));
#8333=DIRECTION('',(1.,0.,0.));
#8334=DIRECTION('',(0.,0.,1.));
#8335=DIRECTION('',(1.,0.,0.));
#8336=DIRECTION('',(0.,0.,-1.));
#8337=DIRECTION('',(-1.,0.,0.));
#8338=DIRECTION('',(0.,0.,1.));
#8339=DIRECTION('',(1.,0.,0.));
#8340=DIRECTION('',(0.,0.,1.));
#8341=DIRECTION('',(1.,0.,0.));
#8342=DIRECTION('',(0.,0.,-1.));
#8343=DIRECTION('',(-1.,0.,0.));
#8344=DIRECTION('',(0.,0.,1.));
#8345=DIRECTION('',(1.,0.,0.));
#8346=DIRECTION('',(0.,0.,1.));
#8347=DIRECTION('',(1.,0.,0.));
#8348=DIRECTION('',(0.,0.,-1.));
#8349=DIRECTION('',(-1.,0.,0.));
#8350=DIRECTION('',(0.,0.,1.));
#8351=DIRECTION('',(1.,0.,0.));
#8352=DIRECTION('',(0.,0.,1.));
#8353=DIRECTION('',(1.,0.,0.));
#8354=DIRECTION('',(0.,0.,-1.));
#8355=DIRECTION('',(-1.,0.,0.));
#8356=DIRECTION('',(0.,0.,1.));
#8357=DIRECTION('',(1.,0.,0.));
#8358=DIRECTION('',(0.,0.,1.));
#8359=DIRECTION('',(1.,0.,0.));
#8360=DIRECTION('',(0.,0.,-1.));
#8361=DIRECTION('',(-1.,0.,0.));
#8362=DIRECTION('',(-1.42433920487986E-16,1.,1.50166159593993E-17));
#8363=DIRECTION('',(0.19936082087536,4.311091800004E-17,-0.979926151860385));
#8364=DIRECTION('',(0.,-1.,0.));
#8365=DIRECTION('',(0.,0.,-1.));
#8366=DIRECTION('',(0.,1.,0.));
#8367=DIRECTION('',(0.,0.,1.));
#8368=DIRECTION('',(0.,-1.,0.));
#8369=DIRECTION('',(1.,0.,0.));
#8370=DIRECTION('',(0.,-1.,0.));
#8371=DIRECTION('',(0.,0.,-1.));
#8372=DIRECTION('',(0.,-1.,0.));
#8373=DIRECTION('',(-1.,0.,0.));
#8374=DIRECTION('',(0.,-1.,0.));
#8375=DIRECTION('',(0.,0.,-1.));
#8376=DIRECTION('',(0.,-1.,0.));
#8377=DIRECTION('',(-1.,0.,0.));
#8378=DIRECTION('',(0.,-1.,0.));
#8379=DIRECTION('',(0.,0.,-1.));
#8380=DIRECTION('',(0.,-1.,0.));
#8381=DIRECTION('',(-1.,0.,0.));
#8382=DIRECTION('',(0.,-1.,0.));
#8383=DIRECTION('',(-1.,0.,0.));
#8384=DIRECTION('',(0.,-1.,0.));
#8385=DIRECTION('',(0.,0.,-1.));
#8386=DIRECTION('',(0.,-1.,0.));
#8387=DIRECTION('',(0.,0.,-1.));
#8388=DIRECTION('',(0.,-1.,0.));
#8389=DIRECTION('',(0.,0.,-1.));
#8390=DIRECTION('',(0.,1.,0.));
#8391=DIRECTION('',(0.,0.,1.));
#8392=DIRECTION('',(0.,1.,0.));
#8393=DIRECTION('',(1.,0.,0.));
#8394=DIRECTION('',(0.,1.,0.));
#8395=DIRECTION('',(0.,0.,1.));
#8396=DIRECTION('',(0.,1.,0.));
#8397=DIRECTION('',(0.,0.,1.));
#8398=DIRECTION('',(0.,1.,0.));
#8399=DIRECTION('',(0.,0.,1.));
#8400=DIRECTION('',(0.,1.,0.));
#8401=DIRECTION('',(0.,0.,1.));
#8402=DIRECTION('',(-0.876443813013813,3.45611269107392E-17,-0.48150414601518));
#8403=DIRECTION('',(0.48150414601518,4.1315242036146E-16,-0.876443813013813));
#8404=DIRECTION('',(0.546944144672298,-2.76382661330259E-16,0.837169100366639));
#8405=DIRECTION('',(0.837169100366639,-4.2303958421412E-16,-0.546944144672298));
#8406=DIRECTION('',(0.63905434942013,1.02767778329092E-16,-0.769161581520564));
#8407=DIRECTION('',(0.769161581520564,1.236906157805E-16,0.63905434942013));
#8408=DIRECTION('',(-0.63905434942013,-5.27010902988348E-24,0.769161581520563));
#8409=DIRECTION('',(0.769161581520563,-7.27366154732462E-16,0.63905434942013));
#8410=DIRECTION('',(-0.546944138603988,-1.00505863081176E-15,0.837169104331223));
#8411=DIRECTION('',(-0.837169104331223,1.76751612031319E-16,-0.546944138603988));
#8412=DIRECTION('',(-0.988842466431146,2.7769533354587E-24,0.148965017981969));
#8413=DIRECTION('',(0.148965017981969,-1.17145536602603E-15,0.988842466431146));
#8414=DIRECTION('',(-0.639054349420132,2.67196615486174E-24,-0.769161581520562));
#8415=DIRECTION('',(-0.769161581520562,-1.61554457280293E-15,0.639054349420132));
#8416=DIRECTION('',(0.991777866634025,0.,-0.127971337630197));
#8417=DIRECTION('',(-0.127971337630197,0.,-0.991777866634025));
#8418=DIRECTION('',(0.,-1.,0.));
#8419=DIRECTION('',(0.127971337630197,0.,0.991777866634025));
#8420=DIRECTION('',(0.,1.,0.));
#8421=DIRECTION('',(0.127971337630197,0.,0.991777866634025));
#8422=DIRECTION('',(0.,1.,0.));
#8423=DIRECTION('',(0.127971337630197,0.,0.991777866634025));
#8424=DIRECTION('',(0.,-1.,0.));
#8425=DIRECTION('',(-0.127971337630197,0.,-0.991777866634025));
#8426=DIRECTION('',(-1.,0.,-2.23835287222814E-17));
#8427=DIRECTION('',(-2.23835287222814E-17,0.,1.));
#8428=DIRECTION('',(2.23835287222814E-17,0.,-1.));
#8429=DIRECTION('',(0.,-1.,0.));
#8430=DIRECTION('',(-2.23835287222814E-17,0.,1.));
#8431=DIRECTION('',(0.,-1.,0.));
#8432=DIRECTION('',(2.23835287222814E-17,0.,-1.));
#8433=DIRECTION('',(0.,1.,0.));
#8434=DIRECTION('',(0.,-1.,0.));
#8435=DIRECTION('',(0.,0.,-1.));
#8436=DIRECTION('',(0.,-1.,0.));
#8437=DIRECTION('',(0.,0.,-1.));
#8438=DIRECTION('',(0.,-1.,0.));
#8439=DIRECTION('',(0.,0.,-1.));
#8440=DIRECTION('',(-0.707106781186545,0.70710678118655,-1.5827544946409E-17));
#8441=DIRECTION('',(-2.23835287222814E-17,0.,1.));
#8442=DIRECTION('',(-2.23835287222814E-17,0.,1.));
#8443=DIRECTION('',(-0.70710678118655,-0.707106781186545,-1.58275449464091E-17));
#8444=DIRECTION('',(-0.70710678118655,-0.707106781186545,-1.96261557335471E-14));
#8445=DIRECTION('',(0.701292854927646,0.707106781186549,-0.0904894006358253));
#8446=DIRECTION('',(-0.127971337630197,0.,-0.991777866634025));
#8447=DIRECTION('',(0.701292854927648,-0.707106781186547,-0.0904894006358256));
#8448=DIRECTION('',(-0.127971337630197,0.,-0.991777866634025));
#8449=DIRECTION('',(-0.701292854927647,0.707106781186547,0.0904894006358317));
#8450=DIRECTION('',(-0.968277323709357,0.,0.24987801902177));
#8451=DIRECTION('',(0.24987801902177,0.,0.968277323709358));
#8452=DIRECTION('',(0.,-1.,0.));
#8453=DIRECTION('',(-0.24987801902177,0.,-0.968277323709358));
#8454=DIRECTION('',(0.,1.,0.));
#8455=DIRECTION('',(-0.24987801902177,0.,-0.968277323709358));
#8456=DIRECTION('',(0.,-1.,0.));
#8457=DIRECTION('',(0.24987801902177,0.,0.968277323709358));
#8458=DIRECTION('',(0.,-1.,0.));
#8459=DIRECTION('',(0.,0.,-1.));
#8460=DIRECTION('',(0.,-1.,0.));
#8461=DIRECTION('',(0.,0.,-1.));
#8462=DIRECTION('',(0.,-1.,0.));
#8463=DIRECTION('',(0.,0.,-1.));
#8464=DIRECTION('',(0.,-1.,0.));
#8465=DIRECTION('',(0.,0.,-1.));
#8466=DIRECTION('',(0.,-1.,0.));
#8467=DIRECTION('',(0.,0.,-1.));
#8468=DIRECTION('',(0.,-1.,0.));
#8469=DIRECTION('',(0.,0.,-1.));
#8470=DIRECTION('',(0.,-1.,0.));
#8471=DIRECTION('',(0.,0.,-1.));
#8472=DIRECTION('',(0.,-1.,0.));
#8473=DIRECTION('',(0.,0.,-1.));
#8474=DIRECTION('',(-0.999583336887236,0.,0.0288643831976168));
#8475=DIRECTION('',(0.,-1.,0.));
#8476=DIRECTION('',(0.,0.,-1.));
#8477=DIRECTION('',(0.,-1.,0.));
#8478=DIRECTION('',(0.,0.,-1.));
#8479=DIRECTION('',(0.24987801902177,0.,0.968277323709358));
#8480=DIRECTION('',(0.,-1.,0.));
#8481=DIRECTION('',(0.,0.,-1.));
#8482=DIRECTION('',(1.,0.,5.55111512312579E-17));
#8483=DIRECTION('',(0.,-1.,0.));
#8484=DIRECTION('',(0.,0.,-1.));
#8485=DIRECTION('',(0.,-1.,0.));
#8486=DIRECTION('',(0.,0.,-1.));
#8487=DIRECTION('',(0.,-1.,0.));
#8488=DIRECTION('',(0.,0.,-1.));
#8489=DIRECTION('',(0.,-1.,0.));
#8490=DIRECTION('',(0.,0.,-1.));
#8491=DIRECTION('',(0.127971337630197,0.,0.991777866634025));
#8492=DIRECTION('',(0.,-1.,0.));
#8493=DIRECTION('',(0.,0.,-1.));
#8494=DIRECTION('',(-0.24987801902177,0.,-0.968277323709358));
#8495=DIRECTION('',(0.,-1.,0.));
#8496=DIRECTION('',(0.,0.,-1.));
#8497=DIRECTION('',(2.23835287222814E-17,0.,-1.));
#8498=DIRECTION('',(0.,-1.,0.));
#8499=DIRECTION('',(0.,0.,-1.));
#8500=DIRECTION('',(0.,-1.,0.));
#8501=DIRECTION('',(0.,0.,-1.));
#8502=DIRECTION('',(0.,-1.,0.));
#8503=DIRECTION('',(0.,0.,-1.));
#8504=DIRECTION('',(0.,-1.,0.));
#8505=DIRECTION('',(0.,0.,-1.));
#8506=DIRECTION('',(0.,-1.,0.));
#8507=DIRECTION('',(0.,0.,-1.));
#8508=DIRECTION('',(0.,-1.,0.));
#8509=DIRECTION('',(0.,0.,-1.));
#8510=DIRECTION('',(0.,-1.,0.));
#8511=DIRECTION('',(0.,0.,-1.));
#8512=DIRECTION('',(0.,-1.,0.));
#8513=DIRECTION('',(0.,0.,-1.));
#8514=DIRECTION('',(0.,-1.,0.));
#8515=DIRECTION('',(0.,0.,-1.));
#8516=DIRECTION('',(0.,-1.,0.));
#8517=DIRECTION('',(0.,0.,-1.));
#8518=DIRECTION('',(0.,-1.,0.));
#8519=DIRECTION('',(0.,0.,-1.));
#8520=DIRECTION('',(0.,-1.,0.));
#8521=DIRECTION('',(0.,0.,-1.));
#8522=DIRECTION('',(-5.55111512312579E-17,0.,1.));
#8523=DIRECTION('',(1.,0.,5.55111512312579E-17));
#8524=DIRECTION('',(0.,1.,0.));
#8525=DIRECTION('',(1.,0.,5.55111512312579E-17));
#8526=DIRECTION('',(0.,1.,0.));
#8527=DIRECTION('',(-1.,0.,-5.55111512312579E-17));
#8528=DIRECTION('',(0.,-1.,0.));
#8529=DIRECTION('',(0.,0.,-1.));
#8530=DIRECTION('',(0.,-1.,0.));
#8531=DIRECTION('',(0.,0.,-1.));
#8532=DIRECTION('',(-1.,0.,-5.55111512312579E-17));
#8533=DIRECTION('',(0.,-1.,0.));
#8534=DIRECTION('',(0.,0.,-1.));
#8535=DIRECTION('',(0.24987801902177,0.,0.968277323709358));
#8536=DIRECTION('',(0.,-1.,0.));
#8537=DIRECTION('',(0.,0.,-1.));
#8538=DIRECTION('',(-0.127971337630197,0.,-0.991777866634025));
#8539=DIRECTION('',(0.,-1.,0.));
#8540=DIRECTION('',(0.,0.,-1.));
#8541=DIRECTION('',(0.,1.,0.));
#8542=DIRECTION('',(0.,0.,1.));
#8543=DIRECTION('',(-0.684675461664048,0.707106781186548,0.176690441719755));
#8544=DIRECTION('',(0.684675461664049,0.707106781186547,-0.176690441719755));
#8545=DIRECTION('',(0.,-1.,0.));
#8546=DIRECTION('',(0.,0.,-1.));
#8547=DIRECTION('',(0.,-1.,0.));
#8548=DIRECTION('',(0.,0.,-1.));
#8549=DIRECTION('',(0.,1.,0.));
#8550=DIRECTION('',(0.,0.,1.));
#8551=DIRECTION('',(0.,-1.,0.));
#8552=DIRECTION('',(0.,0.,-1.));
#8553=DIRECTION('',(0.701292854927645,0.707106781186549,-0.0904894006358253));
#8554=DIRECTION('',(-0.701292854927648,0.707106781186546,0.0904894006358256));
#8555=DIRECTION('',(0.,-1.,0.));
#8556=DIRECTION('',(0.,0.,-1.));
#8557=DIRECTION('',(0.,-1.,0.));
#8558=DIRECTION('',(0.,0.,-1.));
#8559=DIRECTION('',(-0.684675461664051,-0.707106781186546,0.176690441719751));
#8560=DIRECTION('',(0.,-1.,0.));
#8561=DIRECTION('',(0.,0.,-1.));
#8562=DIRECTION('',(0.,0.707106781186547,-0.707106781186547));
#8563=DIRECTION('',(-0.68467546166405,0.707106781186546,0.176690441719755));
#8564=DIRECTION('',(0.24987801902177,0.,0.968277323709358));
#8565=DIRECTION('',(-0.68467546166405,-0.707106781186546,0.176690441719752));
#8566=DIRECTION('',(-3.92523114670944E-17,0.707106781186547,0.707106781186547));
#8567=DIRECTION('',(-1.,0.,-5.55111512312579E-17));
#8568=DIRECTION('',(0.,0.707106781186547,-0.707106781186547));
#8569=DIRECTION('',(0.,-1.,0.));
#8570=DIRECTION('',(0.,0.,-1.));
#8571=DIRECTION('',(0.,1.,0.));
#8572=DIRECTION('',(0.,0.,1.));
#8573=DIRECTION('',(0.,1.,0.));
#8574=DIRECTION('',(0.,0.,1.));
#8575=DIRECTION('',(0.68467546166405,-0.707106781186547,-0.176690441719751));
#8576=DIRECTION('',(-0.707106781186547,0.707106781186547,0.));
#8577=DIRECTION('',(0.707106781186545,0.70710678118655,1.5827544946409E-17));
#8578=DIRECTION('',(2.23835287222814E-17,0.,-1.));
#8579=DIRECTION('',(-0.70710678118655,0.707106781186545,-5.49128275712274E-32));
#8580=DIRECTION('',(0.684675461664048,0.707106781186548,-0.176690441719755));
#8581=DIRECTION('',(-0.24987801902177,0.,-0.968277323709358));
#8582=DIRECTION('',(0.684675461664049,-0.707106781186548,-0.176690441719751));
#8583=DIRECTION('',(0.,1.,0.));
#8584=DIRECTION('',(0.,0.,1.));
#8585=DIRECTION('',(0.701292854927647,0.707106781186547,-0.0904894006358253));
#8586=DIRECTION('',(0.,1.,0.));
#8587=DIRECTION('',(0.,0.,1.));
#8588=DIRECTION('',(-0.701292854927647,-0.707106781186547,0.0904894006358317));
#8589=DIRECTION('',(-0.701292854927646,0.707106781186549,0.0904894006358253));
#8590=DIRECTION('',(0.127971337630197,0.,0.991777866634025));
#8591=DIRECTION('',(0.,-1.,0.));
#8592=DIRECTION('',(0.,0.,-1.));
#8593=DIRECTION('',(0.,-1.,0.));
#8594=DIRECTION('',(0.,0.,-1.));
#8595=DIRECTION('',(0.,-1.,0.));
#8596=DIRECTION('',(0.,0.,-1.));
#8597=DIRECTION('',(-0.684675461664048,0.707106781186548,0.176690441719755));
#8598=DIRECTION('',(0.24987801902177,0.,0.968277323709358));
#8599=DIRECTION('',(-0.68467546166405,-0.707106781186547,0.176690441719751));
#8600=DIRECTION('',(0.,-1.,0.));
#8601=DIRECTION('',(0.,0.,-1.));
#8602=DIRECTION('',(0.701292854927647,-0.707106781186547,-0.0904894006358317));
#8603=DIRECTION('',(0.701292854927645,0.707106781186549,-0.0904894006358253));
#8604=DIRECTION('',(-0.127971337630197,0.,-0.991777866634025));
#8605=DIRECTION('',(0.,1.,0.));
#8606=DIRECTION('',(0.,0.,1.));
#8607=DIRECTION('',(0.,-1.,0.));
#8608=DIRECTION('',(0.,0.,-1.));
#8609=DIRECTION('',(0.,0.707106781186547,-0.707106781186547));
#8610=DIRECTION('',(3.92523114670944E-17,-0.707106781186547,-0.707106781186547));
#8611=DIRECTION('',(1.,0.,5.55111512312579E-17));
#8612=DIRECTION('',(0.,0.707106781186547,-0.707106781186547));
#8613=DIRECTION('',(0.,-1.,0.));
#8614=DIRECTION('',(0.,0.,-1.));
#8615=DIRECTION('',(0.,-1.,0.));
#8616=DIRECTION('',(0.,0.,-1.));
#8617=DIRECTION('',(0.,-1.,0.));
#8618=DIRECTION('',(0.,0.,-1.));
#8619=DIRECTION('',(0.,-1.,0.));
#8620=DIRECTION('',(0.,0.,-1.));
#8621=DIRECTION('',(-2.23835287222814E-17,0.,1.));
#8622=DIRECTION('',(0.,-1.,0.));
#8623=DIRECTION('',(0.,0.,-1.));
#8624=DIRECTION('',(0.999583336887236,0.,-0.0288643831976168));
#8625=DIRECTION('',(0.,-1.,0.));
#8626=DIRECTION('',(0.,0.,-1.));
#8627=DIRECTION('',(-0.127971337630197,0.,-0.991777866634025));
#8628=DIRECTION('',(-0.0288643831976168,0.,-0.999583336887236));
#8629=DIRECTION('',(-0.999583336887236,0.,0.0288643831976168));
#8630=DIRECTION('',(0.,1.,0.));
#8631=DIRECTION('',(-0.999583336887236,0.,0.0288643831976168));
#8632=DIRECTION('',(0.,1.,0.));
#8633=DIRECTION('',(0.999583336887236,0.,-0.0288643831976168));
#8634=DIRECTION('',(0.,1.,0.));
#8635=DIRECTION('',(0.,0.,1.));
#8636=DIRECTION('',(0.,1.,0.));
#8637=DIRECTION('',(0.,0.,1.));
#8638=DIRECTION('',(0.,-1.,0.));
#8639=DIRECTION('',(0.,0.,-1.));
#8640=DIRECTION('',(0.,-1.,0.));
#8641=DIRECTION('',(0.,0.,-1.));
#8642=DIRECTION('',(0.,1.,0.));
#8643=DIRECTION('',(0.,0.,1.));
#8644=DIRECTION('',(0.,-1.,0.));
#8645=DIRECTION('',(0.,0.,-1.));
#8646=DIRECTION('',(0.,-1.,0.));
#8647=DIRECTION('',(0.,0.,-1.));
#8648=DIRECTION('',(0.,-1.,0.));
#8649=DIRECTION('',(0.,0.,-1.));
#8650=DIRECTION('',(0.0204102010938018,0.707106781186547,0.706812155874042));
#8651=DIRECTION('',(-0.0204102010938014,0.707106781186561,-0.706812155874028));
#8652=DIRECTION('',(0.999583336887236,0.,-0.0288643831976168));
#8653=DIRECTION('',(0.0204102010938027,0.707106781186533,0.706812155874056));
#8654=DIRECTION('',(0.,-1.,0.));
#8655=DIRECTION('',(0.,0.,-1.));
#8656=DIRECTION('',(0.,-1.,0.));
#8657=DIRECTION('',(0.,0.,-1.));
#8658=DIRECTION('',(-0.0204102010938019,-0.707106781186547,-0.706812155874042));
#8659=DIRECTION('',(0.0204102010938018,-0.707106781186547,0.706812155874042));
#8660=DIRECTION('',(-0.999583336887236,0.,0.0288643831976168));
#8661=DIRECTION('',(-0.0204102010938018,-0.707106781186548,-0.706812155874041));
#8662=DIRECTION('',(0.,-1.,0.));
#8663=DIRECTION('',(0.,0.,-1.));
#8664=DIRECTION('',(0.701292854927647,0.707106781186548,-0.0904894006358254));
#8665=DIRECTION('',(-0.127971337630197,0.,-0.991777866634025));
#8666=DIRECTION('',(0.701292854927645,-0.707106781186549,-0.0904894006358253));
#8667=DIRECTION('',(0.,-1.,0.));
#8668=DIRECTION('',(0.,0.,-1.));
#8669=DIRECTION('',(-0.707106781186546,-0.707106781186549,-1.58275449464091E-17));
#8670=DIRECTION('',(-0.707106781186547,0.707106781186547,-1.5827544946409E-17));
#8671=DIRECTION('',(-2.23835287222814E-17,0.,1.));
#8672=DIRECTION('',(-0.000884770861871832,6.12323160805004E-17,0.999999608590184));
#8673=DIRECTION('',(0.999999608590184,5.41763997045286E-20,0.000884770861871832));
#8674=DIRECTION('',(0.000884770861881483,-1.17342635969036E-16,0.999999608590184));
#8675=DIRECTION('',(-0.999999608590184,-3.50471626591426E-17,0.000884770861881483));
#8676=DIRECTION('',(-1.,0.,-2.23835287222814E-17));
#8677=DIRECTION('',(-2.23835287222814E-17,0.,1.));
#8678=DIRECTION('',(0.,-1.,0.));
#8679=DIRECTION('',(-2.23835287222814E-17,0.,1.));
#8680=DIRECTION('',(0.,-1.,0.));
#8681=DIRECTION('',(-2.23835287222814E-17,0.,1.));
#8682=DIRECTION('',(0.,-1.,0.));
#8683=DIRECTION('',(2.23835287222814E-17,0.,-1.));
#8684=DIRECTION('',(0.,-1.,0.));
#8685=DIRECTION('',(0.,0.,-1.));
#8686=DIRECTION('',(0.,-1.,0.));
#8687=DIRECTION('',(0.,0.,-1.));
#8688=DIRECTION('',(0.,-1.,0.));
#8689=DIRECTION('',(0.,0.,-1.));
#8690=DIRECTION('',(0.991777866634025,0.,-0.127971337630197));
#8691=DIRECTION('',(-0.127971337630197,0.,-0.991777866634025));
#8692=DIRECTION('',(0.,-1.,0.));
#8693=DIRECTION('',(-0.127971337630197,0.,-0.991777866634025));
#8694=DIRECTION('',(0.,-1.,0.));
#8695=DIRECTION('',(0.127971337630197,0.,0.991777866634025));
#8696=DIRECTION('',(0.,-1.,0.));
#8697=DIRECTION('',(-0.127971337630197,0.,-0.991777866634025));
#8698=DIRECTION('',(0.,-1.,0.));
#8699=DIRECTION('',(-0.127971337630197,0.,-0.991777866634025));
#8700=DIRECTION('',(-0.968277323709357,0.,0.24987801902177));
#8701=DIRECTION('',(0.24987801902177,0.,0.968277323709358));
#8702=DIRECTION('',(0.,-1.,0.));
#8703=DIRECTION('',(0.24987801902177,0.,0.968277323709358));
#8704=DIRECTION('',(0.,-1.,0.));
#8705=DIRECTION('',(-0.24987801902177,0.,-0.968277323709358));
#8706=DIRECTION('',(0.,-1.,0.));
#8707=DIRECTION('',(0.24987801902177,0.,0.968277323709358));
#8708=DIRECTION('',(0.,-1.,0.));
#8709=DIRECTION('',(0.,0.,-1.));
#8710=DIRECTION('',(0.,1.,0.));
#8711=DIRECTION('',(0.,0.,1.));
#8712=DIRECTION('',(0.,-1.,0.));
#8713=DIRECTION('',(0.,0.,-1.));
#8714=DIRECTION('',(0.,-1.,0.));
#8715=DIRECTION('',(0.,0.,-1.));
#8716=DIRECTION('',(0.,-1.,0.));
#8717=DIRECTION('',(0.,0.,-1.));
#8718=DIRECTION('',(0.999583336887236,0.,-0.0288643831976168));
#8719=DIRECTION('',(0.,-1.,0.));
#8720=DIRECTION('',(0.,0.,-1.));
#8721=DIRECTION('',(0.127971337630197,0.,0.991777866634025));
#8722=DIRECTION('',(0.,-1.,0.));
#8723=DIRECTION('',(0.,0.,-1.));
#8724=DIRECTION('',(-1.,0.,1.14648442865777E-14));
#8725=DIRECTION('',(0.,-1.,0.));
#8726=DIRECTION('',(0.,0.,-1.));
#8727=DIRECTION('',(-0.24987801902177,0.,-0.968277323709358));
#8728=DIRECTION('',(0.,-1.,0.));
#8729=DIRECTION('',(0.,0.,-1.));
#8730=DIRECTION('',(2.23835287222814E-17,0.,-1.));
#8731=DIRECTION('',(0.,-1.,0.));
#8732=DIRECTION('',(0.,0.,-1.));
#8733=DIRECTION('',(0.,-1.,0.));
#8734=DIRECTION('',(0.,0.,-1.));
#8735=DIRECTION('',(0.,-1.,0.));
#8736=DIRECTION('',(0.,0.,-1.));
#8737=DIRECTION('',(0.,-1.,0.));
#8738=DIRECTION('',(0.,0.,-1.));
#8739=DIRECTION('',(0.,-1.,0.));
#8740=DIRECTION('',(0.,0.,-1.));
#8741=DIRECTION('',(0.,-1.,0.));
#8742=DIRECTION('',(0.,0.,-1.));
#8743=DIRECTION('',(0.,-1.,0.));
#8744=DIRECTION('',(0.,0.,-1.));
#8745=DIRECTION('',(0.,-1.,0.));
#8746=DIRECTION('',(0.,0.,-1.));
#8747=DIRECTION('',(0.,-1.,0.));
#8748=DIRECTION('',(0.,0.,-1.));
#8749=DIRECTION('',(0.,-1.,0.));
#8750=DIRECTION('',(0.,0.,-1.));
#8751=DIRECTION('',(0.,-1.,0.));
#8752=DIRECTION('',(0.,0.,-1.));
#8753=DIRECTION('',(0.,-1.,0.));
#8754=DIRECTION('',(0.,0.,-1.));
#8755=DIRECTION('',(-0.127971337630197,0.,-0.991777866634025));
#8756=DIRECTION('',(0.,-1.,0.));
#8757=DIRECTION('',(0.,0.,-1.));
#8758=DIRECTION('',(-2.23835287222814E-17,0.,1.));
#8759=DIRECTION('',(0.,-1.,0.));
#8760=DIRECTION('',(0.,0.,-1.));
#8761=DIRECTION('',(0.24987801902177,0.,0.968277323709358));
#8762=DIRECTION('',(0.,-1.,0.));
#8763=DIRECTION('',(0.,0.,-1.));
#8764=DIRECTION('',(0.,1.,0.));
#8765=DIRECTION('',(0.,0.,1.));
#8766=DIRECTION('',(0.,-1.,0.));
#8767=DIRECTION('',(0.,0.,-1.));
#8768=DIRECTION('',(0.,-1.,0.));
#8769=DIRECTION('',(0.,0.,-1.));
#8770=DIRECTION('',(0.,-1.,0.));
#8771=DIRECTION('',(0.,0.,-1.));
#8772=DIRECTION('',(0.,-1.,0.));
#8773=DIRECTION('',(0.,0.,-1.));
#8774=DIRECTION('',(1.14648442865777E-14,0.,1.));
#8775=DIRECTION('',(1.,0.,-1.14648442865777E-14));
#8776=DIRECTION('',(0.,-1.,0.));
#8777=DIRECTION('',(-1.,0.,1.14648442865777E-14));
#8778=DIRECTION('',(0.,-1.,0.));
#8779=DIRECTION('',(1.,0.,-1.14648442865777E-14));
#8780=DIRECTION('',(0.,1.,0.));
#8781=DIRECTION('',(0.,0.,1.));
#8782=DIRECTION('',(0.,1.,0.));
#8783=DIRECTION('',(0.,0.,1.));
#8784=DIRECTION('',(-0.24987801902177,0.,-0.968277323709358));
#8785=DIRECTION('',(0.,1.,0.));
#8786=DIRECTION('',(0.,0.,1.));
#8787=DIRECTION('',(1.,0.,-1.14648442865777E-14));
#8788=DIRECTION('',(0.,1.,0.));
#8789=DIRECTION('',(0.,0.,1.));
#8790=DIRECTION('',(0.127971337630197,0.,0.991777866634025));
#8791=DIRECTION('',(0.,1.,0.));
#8792=DIRECTION('',(0.,0.,1.));
#8793=DIRECTION('',(0.0288643831976168,0.,0.999583336887236));
#8794=DIRECTION('',(0.999583336887236,0.,-0.0288643831976168));
#8795=DIRECTION('',(0.,-1.,0.));
#8796=DIRECTION('',(0.999583336887236,0.,-0.0288643831976168));
#8797=DIRECTION('',(0.,-1.,0.));
#8798=DIRECTION('',(-0.999583336887236,0.,0.0288643831976168));
#8799=DIRECTION('',(0.,-1.,0.));
#8800=DIRECTION('',(0.,0.,-1.));
#8801=DIRECTION('',(0.,-1.,0.));
#8802=DIRECTION('',(0.,0.,-1.));
#8803=DIRECTION('',(0.127971337630197,0.,0.991777866634025));
#8804=DIRECTION('',(0.,-1.,0.));
#8805=DIRECTION('',(0.,0.,-1.));
#8806=DIRECTION('',(-0.999583336887236,0.,0.0288643831976168));
#8807=DIRECTION('',(0.,-1.,0.));
#8808=DIRECTION('',(0.,0.,-1.));
#8809=DIRECTION('',(2.23835287222814E-17,0.,-1.));
#8810=DIRECTION('',(0.,-1.,0.));
#8811=DIRECTION('',(0.,0.,-1.));
#8812=DIRECTION('',(0.,1.,0.));
#8813=DIRECTION('',(0.,0.,1.));
#8814=DIRECTION('',(0.707106781186547,0.707106781186547,1.5827544946409E-17));
#8815=DIRECTION('',(-0.707106781186548,0.707106781186548,-1.5827544946409E-17));
#8816=DIRECTION('',(0.,-1.,0.));
#8817=DIRECTION('',(0.,0.,-1.));
#8818=DIRECTION('',(0.,-1.,0.));
#8819=DIRECTION('',(0.,0.,-1.));
#8820=DIRECTION('',(0.,-1.,0.));
#8821=DIRECTION('',(0.,0.,-1.));
#8822=DIRECTION('',(0.701292854927646,-0.707106781186549,-0.0904894006358253));
#8823=DIRECTION('',(-0.701292854927647,-0.707106781186547,0.0904894006358255));
#8824=DIRECTION('',(0.,1.,0.));
#8825=DIRECTION('',(0.,0.,1.));
#8826=DIRECTION('',(0.,-1.,0.));
#8827=DIRECTION('',(0.,0.,-1.));
#8828=DIRECTION('',(0.,-1.,0.));
#8829=DIRECTION('',(0.,0.,-1.));
#8830=DIRECTION('',(0.,1.,0.));
#8831=DIRECTION('',(0.,0.,1.));
#8832=DIRECTION('',(-0.684675461664048,-0.707106781186548,0.176690441719755));
#8833=DIRECTION('',(0.684675461664049,-0.707106781186547,-0.176690441719755));
#8834=DIRECTION('',(0.,-1.,0.));
#8835=DIRECTION('',(0.,0.,-1.));
#8836=DIRECTION('',(0.,1.,0.));
#8837=DIRECTION('',(0.,0.,1.));
#8838=DIRECTION('',(0.,-1.,0.));
#8839=DIRECTION('',(0.,0.,-1.));
#8840=DIRECTION('',(-0.701292854927644,0.70710678118655,0.0904894006358251));
#8841=DIRECTION('',(0.701292854927649,0.707106781186545,-0.0904894006358257));
#8842=DIRECTION('',(0.,-1.,0.));
#8843=DIRECTION('',(0.,0.,-1.));
#8844=DIRECTION('',(0.,-1.,0.));
#8845=DIRECTION('',(0.,0.,-1.));
#8846=DIRECTION('',(0.68467546166405,0.707106781186546,-0.176690441719755));
#8847=DIRECTION('',(0.24987801902177,0.,0.968277323709358));
#8848=DIRECTION('',(0.684675461664049,-0.707106781186548,-0.176690441719751));
#8849=DIRECTION('',(-0.684675461664048,0.707106781186549,0.176690441719752));
#8850=DIRECTION('',(0.,1.,0.));
#8851=DIRECTION('',(0.,0.,1.));
#8852=DIRECTION('',(-0.707106781186547,0.707106781186547,-1.96261557335472E-14));
#8853=DIRECTION('',(0.,1.,0.));
#8854=DIRECTION('',(0.,0.,1.));
#8855=DIRECTION('',(-7.35980840008019E-15,-0.707106781186547,-0.707106781186547));
#8856=DIRECTION('',(0.707106781186545,0.70710678118655,1.5827544946409E-17));
#8857=DIRECTION('',(-2.23835287222814E-17,0.,1.));
#8858=DIRECTION('',(-0.70710678118655,0.707106781186545,0.));
#8859=DIRECTION('',(-8.10686914028693E-15,0.707106781186548,-0.707106781186547));
#8860=DIRECTION('',(-1.,0.,1.14648442865777E-14));
#8861=DIRECTION('',(-7.35980840008019E-15,-0.707106781186547,-0.707106781186548));
#8862=DIRECTION('',(0.,1.,0.));
#8863=DIRECTION('',(0.,0.,1.));
#8864=DIRECTION('',(-0.020410201093802,0.707106781186546,-0.706812155874044));
#8865=DIRECTION('',(0.,1.,0.));
#8866=DIRECTION('',(0.,0.,1.));
#8867=DIRECTION('',(-0.701292854927649,-0.707106781186544,0.0904894006358314));
#8868=DIRECTION('',(-0.020410201093802,-0.707106781186542,-0.706812155874047));
#8869=DIRECTION('',(0.999583336887236,0.,-0.0288643831976168));
#8870=DIRECTION('',(-0.0204102010938014,0.707106781186553,-0.706812155874036));
#8871=DIRECTION('',(-0.701292854927646,0.707106781186549,0.0904894006358253));
#8872=DIRECTION('',(-0.127971337630197,0.,-0.991777866634025));
#8873=DIRECTION('',(-0.701292854927648,-0.707106781186546,0.0904894006358263));
#8874=DIRECTION('',(0.,1.,0.));
#8875=DIRECTION('',(0.,0.,1.));
#8876=DIRECTION('',(0.,1.,0.));
#8877=DIRECTION('',(0.,0.,1.));
#8878=DIRECTION('',(0.,1.,0.));
#8879=DIRECTION('',(0.,0.,1.));
#8880=DIRECTION('',(0.,1.,0.));
#8881=DIRECTION('',(0.,0.,1.));
#8882=DIRECTION('',(0.,-1.,0.));
#8883=DIRECTION('',(0.,0.,-1.));
#8884=DIRECTION('',(0.70710678118655,0.707106781186545,0.));
#8885=DIRECTION('',(-0.684675461664053,-0.707106781186544,0.17669044171975));
#8886=DIRECTION('',(-0.684675461664048,0.707106781186548,0.176690441719755));
#8887=DIRECTION('',(-0.24987801902177,0.,-0.968277323709358));
#8888=DIRECTION('',(-0.68467546166405,-0.707106781186547,0.176690441719751));
#8889=DIRECTION('',(-0.707106781186545,0.70710678118655,-1.5827544946409E-17));
#8890=DIRECTION('',(2.23835287222814E-17,0.,-1.));
#8891=DIRECTION('',(0.70710678118655,0.707106781186545,1.64738482713682E-31));
#8892=DIRECTION('',(0.,-1.,0.));
#8893=DIRECTION('',(0.,0.,-1.));
#8894=DIRECTION('',(0.701292854927644,-0.707106781186549,-0.0904894006358314));
#8895=DIRECTION('',(0.,-1.,0.));
#8896=DIRECTION('',(0.,0.,-1.));
#8897=DIRECTION('',(-0.701292854927642,0.707106781186552,0.0904894006358247));
#8898=DIRECTION('',(0.701292854927648,0.707106781186546,-0.0904894006358256));
#8899=DIRECTION('',(0.127971337630197,0.,0.991777866634025));
#8900=DIRECTION('',(0.,-1.,0.));
#8901=DIRECTION('',(0.,0.,-1.));
#8902=DIRECTION('',(0.701292854927646,-0.707106781186549,-0.0904894006358253));
#8903=DIRECTION('',(0.127971337630197,0.,0.991777866634025));
#8904=DIRECTION('',(0.701292854927647,0.707106781186547,-0.0904894006358317));
#8905=DIRECTION('',(0.,1.,0.));
#8906=DIRECTION('',(0.,0.,1.));
#8907=DIRECTION('',(-0.684675461664049,0.707106781186548,0.176690441719751));
#8908=DIRECTION('',(-0.684675461664048,-0.707106781186548,0.176690441719755));
#8909=DIRECTION('',(-0.24987801902177,0.,-0.968277323709358));
#8910=DIRECTION('',(0.,-1.,0.));
#8911=DIRECTION('',(0.,0.,-1.));
#8912=DIRECTION('',(0.707106781186547,0.707106781186547,1.5827544946409E-17));
#8913=DIRECTION('',(2.23835287222814E-17,0.,-1.));
#8914=DIRECTION('',(-0.707106781186547,0.707106781186547,-5.49128275712276E-32));
#8915=DIRECTION('',(0.,1.,0.));
#8916=DIRECTION('',(0.,0.,1.));
#8917=DIRECTION('',(0.701292854927645,0.707106781186549,-0.0904894006358256));
#8918=DIRECTION('',(-0.701292854927644,0.70710678118655,0.0904894006358251));
#8919=DIRECTION('',(0.127971337630197,0.,0.991777866634025));
#8920=DIRECTION('',(0.,1.,0.));
#8921=DIRECTION('',(0.,0.,1.));
#8922=DIRECTION('',(-0.0204102010938018,0.707106781186548,-0.706812155874041));
#8923=DIRECTION('',(0.0204102010938019,0.707106781186548,0.706812155874041));
#8924=DIRECTION('',(-0.999583336887236,0.,0.0288643831976168));
#8925=DIRECTION('',(-0.0204102010938019,0.707106781186547,-0.706812155874042));
#8926=DIRECTION('',(0.,1.,0.));
#8927=DIRECTION('',(0.,0.,1.));
#8928=DIRECTION('',(0.,1.,0.));
#8929=DIRECTION('',(0.,0.,1.));
#8930=DIRECTION('',(7.35980840008019E-15,0.707106781186547,0.707106781186547));
#8931=DIRECTION('',(-8.10686914028693E-15,0.707106781186547,-0.707106781186548));
#8932=DIRECTION('',(-1.,0.,1.14648442865777E-14));
#8933=DIRECTION('',(7.35980840008019E-15,0.707106781186547,0.707106781186547));
#8934=DIRECTION('',(0.,1.,0.));
#8935=DIRECTION('',(0.,0.,1.));
#8936=DIRECTION('',(0.000884770861881034,-5.61103196339033E-17,0.999999608590184));
#8937=DIRECTION('',(-0.999999608590184,-3.49929871732839E-17,0.000884770861881034));
#8938=DIRECTION('',(-0.000884770861872034,6.12323160805004E-17,0.999999608590184));
#8939=DIRECTION('',(0.999999608590184,5.41763998206041E-20,0.000884770861872034));
#8940=DIRECTION('',(0.968277323709358,0.,-0.24987801902177));
#8941=DIRECTION('',(-0.24987801902177,0.,-0.968277323709358));
#8942=DIRECTION('',(0.,1.,0.));
#8943=DIRECTION('',(0.24987801902177,0.,0.968277323709358));
#8944=DIRECTION('',(0.,-1.,0.));
#8945=DIRECTION('',(-0.24987801902177,0.,-0.968277323709358));
#8946=DIRECTION('',(0.,-1.,0.));
#8947=DIRECTION('',(0.24987801902177,0.,0.968277323709358));
#8948=DIRECTION('',(0.,-1.,0.));
#8949=DIRECTION('',(0.,0.,-1.));
#8950=DIRECTION('',(0.,1.,0.));
#8951=DIRECTION('',(0.,0.,1.));
#8952=DIRECTION('',(0.,-1.,0.));
#8953=DIRECTION('',(0.,-1.,0.));
#8954=DIRECTION('',(0.,0.,-1.));
#8955=DIRECTION('',(0.,-1.,0.));
#8956=DIRECTION('',(0.,0.,-1.));
#8957=DIRECTION('',(0.24987801902177,0.,0.968277323709358));
#8958=DIRECTION('',(0.,-1.,0.));
#8959=DIRECTION('',(0.,0.,-1.));
#8960=DIRECTION('',(-0.24987801902177,0.,-0.968277323709358));
#8961=DIRECTION('',(0.,-1.,0.));
#8962=DIRECTION('',(0.,0.,-1.));
#8963=DIRECTION('',(0.,-1.,0.));
#8964=DIRECTION('',(0.,0.,-1.));
#8965=DIRECTION('',(0.,-1.,0.));
#8966=DIRECTION('',(0.,0.,-1.));
#8967=DIRECTION('',(0.,1.,0.));
#8968=DIRECTION('',(0.,0.,1.));
#8969=DIRECTION('',(0.,-1.,0.));
#8970=DIRECTION('',(0.,0.,-1.));
#8971=DIRECTION('',(-0.968277323709357,0.,0.24987801902177));
#8972=DIRECTION('',(0.24987801902177,0.,0.968277323709358));
#8973=DIRECTION('',(-0.24987801902177,0.,-0.968277323709358));
#8974=DIRECTION('',(0.,1.,0.));
#8975=DIRECTION('',(-0.24987801902177,0.,-0.968277323709358));
#8976=DIRECTION('',(0.,-1.,0.));
#8977=DIRECTION('',(0.24987801902177,0.,0.968277323709358));
#8978=DIRECTION('',(0.,-1.,0.));
#8979=DIRECTION('',(0.,0.,-1.));
#8980=DIRECTION('',(0.,-1.,0.));
#8981=DIRECTION('',(0.,0.,-1.));
#8982=DIRECTION('',(0.,-1.,0.));
#8983=DIRECTION('',(0.,0.,-1.));
#8984=DIRECTION('',(0.,-1.,0.));
#8985=DIRECTION('',(0.,0.,-1.));
#8986=DIRECTION('',(0.24987801902177,0.,0.968277323709358));
#8987=DIRECTION('',(0.,-1.,0.));
#8988=DIRECTION('',(0.,0.,-1.));
#8989=DIRECTION('',(-0.24987801902177,0.,-0.968277323709358));
#8990=DIRECTION('',(0.,-1.,0.));
#8991=DIRECTION('',(0.,0.,-1.));
#8992=DIRECTION('',(0.,-1.,0.));
#8993=DIRECTION('',(0.,0.,-1.));
#8994=DIRECTION('',(0.,-1.,0.));
#8995=DIRECTION('',(0.,0.,-1.));
#8996=DIRECTION('',(0.,-1.,0.));
#8997=DIRECTION('',(0.,0.,-1.));
#8998=DIRECTION('',(0.,-1.,0.));
#8999=DIRECTION('',(0.,0.,-1.));
#9000=DIRECTION('',(0.,-1.,0.));
#9001=DIRECTION('',(0.,0.,-1.));
#9002=DIRECTION('',(0.,1.,0.));
#9003=DIRECTION('',(0.,0.,1.));
#9004=DIRECTION('',(0.,1.,0.));
#9005=DIRECTION('',(0.,0.,1.));
#9006=DIRECTION('',(-0.24987801902177,0.,-0.968277323709358));
#9007=DIRECTION('',(0.,1.,0.));
#9008=DIRECTION('',(0.,0.,1.));
#9009=DIRECTION('',(0.24987801902177,0.,0.968277323709358));
#9010=DIRECTION('',(0.,1.,0.));
#9011=DIRECTION('',(0.,0.,1.));
#9012=DIRECTION('',(0.,1.,0.));
#9013=DIRECTION('',(0.,0.,1.));
#9014=DIRECTION('',(0.684675461664044,-0.707106781186552,-0.176690441719753));
#9015=DIRECTION('',(0.684675461664053,0.707106781186543,-0.176690441719756));
#9016=DIRECTION('',(0.,1.,0.));
#9017=DIRECTION('',(0.,0.,1.));
#9018=DIRECTION('',(-0.684675461664049,-0.707106781186547,0.176690441719755));
#9019=DIRECTION('',(-0.684675461664048,0.707106781186548,0.176690441719754));
#9020=DIRECTION('',(0.,-1.,0.));
#9021=DIRECTION('',(0.,0.,-1.));
#9022=DIRECTION('',(0.,-1.,0.));
#9023=DIRECTION('',(0.,0.,-1.));
#9024=DIRECTION('',(-0.684675461664048,0.707106781186548,0.176690441719755));
#9025=DIRECTION('',(-0.684675461664048,-0.707106781186548,0.176690441719754));
#9026=DIRECTION('',(-0.684675461664049,0.707106781186547,0.176690441719755));
#9027=DIRECTION('',(0.24987801902177,0.,0.968277323709358));
#9028=DIRECTION('',(-0.684675461664048,-0.707106781186548,0.176690441719751));
#9029=DIRECTION('',(0.684675461664051,0.707106781186545,-0.176690441719755));
#9030=DIRECTION('',(-0.24987801902177,0.,-0.968277323709358));
#9031=DIRECTION('',(-0.684675461664047,0.707106781186549,0.176690441719752));
#9032=DIRECTION('',(0.,-1.,0.));
#9033=DIRECTION('',(0.,0.,-1.));
#9034=DIRECTION('',(0.,1.,0.));
#9035=DIRECTION('',(0.,0.,1.));
#9036=DIRECTION('',(0.,1.,0.));
#9037=DIRECTION('',(0.,0.,1.));
#9038=DIRECTION('',(0.684675461664048,-0.707106781186548,-0.176690441719754));
#9039=DIRECTION('',(0.684675461664048,0.707106781186548,-0.176690441719755));
#9040=DIRECTION('',(-0.684675461664056,0.70710678118654,0.176690441719756));
#9041=DIRECTION('',(0.24987801902177,0.,0.968277323709358));
#9042=DIRECTION('',(0.684675461664038,0.707106781186558,-0.176690441719752));
#9043=DIRECTION('',(0.684675461664045,0.707106781186551,-0.176690441719754));
#9044=DIRECTION('',(-0.24987801902177,0.,-0.968277323709358));
#9045=DIRECTION('',(0.684675461664048,-0.70710678118655,-0.17669044171975));
#9046=DIRECTION('',(0.,1.,0.));
#9047=DIRECTION('',(0.,0.,1.));
#9048=DIRECTION('',(0.,-1.,0.));
#9049=DIRECTION('',(0.,0.,-1.));
#9050=DIRECTION('',(0.,-1.,0.));
#9051=DIRECTION('',(0.,0.,-1.));
#9052=DIRECTION('',(0.,1.,0.));
#9053=DIRECTION('',(0.,0.,1.));
#9054=DIRECTION('',(-0.684675461664049,-0.707106781186547,0.176690441719755));
#9055=DIRECTION('',(0.24987801902177,0.,0.968277323709358));
#9056=DIRECTION('',(-0.684675461664047,0.707106781186549,0.176690441719752));
#9057=DIRECTION('',(0.,-1.,0.));
#9058=DIRECTION('',(0.,0.,-1.));
#9059=DIRECTION('',(0.684675461664051,0.707106781186546,-0.176690441719751));
#9060=DIRECTION('',(0.684675461664044,-0.707106781186552,-0.176690441719753));
#9061=DIRECTION('',(-0.24987801902177,0.,-0.968277323709358));
#9062=DIRECTION('',(0.,-1.,0.));
#9063=DIRECTION('',(0.,0.,-1.));
#9064=DIRECTION('',(0.483127967217178,5.06796734603762E-16,0.875549751466241));
#9065=DIRECTION('',(-0.875549751466241,-1.74538961299404E-15,0.483127967217178));
#9066=DIRECTION('',(-0.000884770861899375,4.23807353309852E-17,0.999999608590184));
#9067=DIRECTION('',(0.999999608590184,-2.2202585623739E-16,0.000884770861899375));
#9068=DIRECTION('',(-0.483127967217163,0.,0.87554975146625));
#9069=DIRECTION('',(0.87554975146625,0.,0.483127967217163));
#9070=DIRECTION('',(0.000884770861917268,-9.14457715707105E-33,0.999999608590184));
#9071=DIRECTION('',(-0.999999608590184,-9.52583006087155E-31,0.000884770861917268));
#9072=DIRECTION('',(1.,0.,0.));
#9073=DIRECTION('',(0.,0.,-1.));
#9074=DIRECTION('',(0.,0.,-1.));
#9075=DIRECTION('',(0.,-1.,0.));
#9076=DIRECTION('',(0.,0.,-1.));
#9077=DIRECTION('',(0.,-1.,0.));
#9078=DIRECTION('',(0.,0.,1.));
#9079=DIRECTION('',(1.,0.,0.));
#9080=DIRECTION('',(0.,-1.,0.));
#9081=DIRECTION('',(1.,6.93889390390722E-16,0.));
#9082=DIRECTION('',(0.,-1.,0.));
#9083=DIRECTION('',(-1.,0.,-6.93889390390723E-17));
#9084=DIRECTION('',(0.,-1.,0.));
#9085=DIRECTION('',(-1.,0.,-6.93889390390723E-17));
#9086=DIRECTION('',(-1.,0.,0.));
#9087=DIRECTION('',(0.,-1.,0.));
#9088=DIRECTION('',(-1.,0.,0.));
#9089=DIRECTION('',(0.,-1.,0.));
#9090=DIRECTION('',(-1.,0.,0.));
#9091=DIRECTION('',(0.,-1.,0.));
#9092=DIRECTION('',(0.,0.,-1.));
#9093=DIRECTION('',(0.,-1.,0.));
#9094=DIRECTION('',(-1.,0.,0.));
#9095=DIRECTION('',(0.,-1.,0.));
#9096=DIRECTION('',(0.,-1.,0.));
#9097=DIRECTION('',(-1.,0.,0.));
#9098=DIRECTION('',(0.,-1.,0.));
#9099=DIRECTION('',(0.,0.,-1.));
#9100=DIRECTION('',(-1.,0.,0.));
#9101=DIRECTION('',(1.,0.,0.));
#9102=DIRECTION('',(0.,-1.,0.));
#9103=DIRECTION('',(1.,0.,0.));
#9104=DIRECTION('',(0.,-1.,0.));
#9105=DIRECTION('',(0.,0.,-1.));
#9106=DIRECTION('',(0.,-1.,0.));
#9107=DIRECTION('',(0.,-1.,0.));
#9108=DIRECTION('',(1.,0.,0.));
#9109=DIRECTION('',(0.,-1.,0.));
#9110=DIRECTION('',(1.,0.,0.));
#9111=DIRECTION('',(0.,-1.,0.));
#9112=DIRECTION('',(0.,0.,-1.));
#9113=DIRECTION('',(0.,-1.,0.));
#9114=DIRECTION('',(0.,0.,-1.));
#9115=DIRECTION('',(0.,-1.,0.));
#9116=DIRECTION('',(0.,0.,-1.));
#9117=DIRECTION('',(-1.,0.,-6.18036799502788E-17));
#9118=DIRECTION('',(1.06752213906265E-15,0.,1.));
#9119=DIRECTION('',(0.,0.,-1.));
#9120=DIRECTION('',(-1.,0.,0.));
#9121=DIRECTION('',(0.,-1.,0.));
#9122=DIRECTION('',(0.,0.,-1.));
#9123=DIRECTION('',(0.,1.,0.));
#9124=DIRECTION('',(1.,0.,0.));
#9125=DIRECTION('',(0.,1.,0.));
#9126=DIRECTION('',(1.,0.,0.));
#9127=DIRECTION('',(-1.,0.,0.));
#9128=DIRECTION('',(0.,0.,-1.));
#9129=DIRECTION('',(1.06752213906265E-15,0.,1.));
#9130=DIRECTION('',(-1.,0.,-6.18036799502788E-17));
#9131=DIRECTION('',(0.,-1.,0.));
#9132=DIRECTION('',(0.,0.,-1.));
#9133=DIRECTION('',(0.,-1.,0.));
#9134=DIRECTION('',(0.,0.,-1.));
#9135=DIRECTION('',(0.,0.,1.));
#9136=DIRECTION('',(1.,0.,0.));
#9137=DIRECTION('',(0.,-1.,0.));
#9138=DIRECTION('',(-1.,0.,0.));
#9139=DIRECTION('',(0.,0.,1.));
#9140=DIRECTION('',(0.,-1.,0.));
#9141=DIRECTION('',(-6.18036799502788E-17,0.,1.));
#9142=DIRECTION('',(1.,0.,6.18036799502788E-17));
#9143=DIRECTION('',(0.,-1.,0.));
#9144=DIRECTION('',(1.,0.,-1.06752213906265E-15));
#9145=DIRECTION('',(-1.06752213906265E-15,0.,-1.));
#9146=DIRECTION('',(0.,-1.,0.));
#9147=DIRECTION('',(0.,0.,-1.));
#9148=DIRECTION('',(-1.,0.,0.));
#9149=DIRECTION('',(-0.196116135138184,0.,-0.98058067569092));
#9150=DIRECTION('',(-0.196116135138184,0.,0.98058067569092));
#9151=DIRECTION('',(1.,0.,0.));
#9152=DIRECTION('',(0.,0.,-1.));
#9153=DIRECTION('',(0.,-1.,0.));
#9154=DIRECTION('',(0.,0.,-1.));
#9155=DIRECTION('',(0.,0.,-1.));
#9156=DIRECTION('',(-6.93889390390722E-16,1.,0.));
#9157=DIRECTION('',(-1.,-6.93889390390722E-16,0.));
#9158=DIRECTION('',(-0.196116135138184,0.,0.98058067569092));
#9159=DIRECTION('',(-0.196116135138184,0.,-0.98058067569092));
#9160=DIRECTION('',(1.,6.93889390390722E-16,0.));
#9161=DIRECTION('',(0.,0.,1.));
#9162=DIRECTION('',(1.,0.,0.));
#9163=DIRECTION('',(0.,-1.,0.));
#9164=DIRECTION('',(0.,-1.,0.));
#9165=DIRECTION('',(0.894427190999916,0.,-0.447213595499958));
#9166=DIRECTION('',(-0.447213595499958,0.,-0.894427190999916));
#9167=DIRECTION('',(0.447213595499958,0.,0.894427190999916));
#9168=DIRECTION('',(0.447213595499958,0.,0.894427190999916));
#9169=DIRECTION('',(0.,-1.,0.));
#9170=DIRECTION('',(0.,0.,-1.));
#9171=DIRECTION('',(0.,-1.,0.));
#9172=DIRECTION('',(0.,0.,-1.));
#9173=DIRECTION('',(0.98058067569092,0.,0.196116135138184));
#9174=DIRECTION('',(0.196116135138184,0.,-0.98058067569092));
#9175=DIRECTION('',(0.,-1.,0.));
#9176=DIRECTION('',(-0.98058067569092,0.,0.196116135138184));
#9177=DIRECTION('',(0.196116135138184,0.,0.98058067569092));
#9178=DIRECTION('',(0.,0.,1.));
#9179=DIRECTION('',(-1.,-5.66553889764798E-16,0.));
#9180=DIRECTION('',(0.,0.,1.));
#9181=DIRECTION('',(1.,0.,0.));
#9182=DIRECTION('',(0.988842466430535,-2.80116272114727E-16,0.148965017986025));
#9183=DIRECTION('',(-0.148965017986025,4.2198357408761E-17,0.988842466430535));
#9184=DIRECTION('',(0.,0.,1.));
#9185=DIRECTION('',(1.,0.,0.));
#9186=DIRECTION('',(0.,0.,-1.));
#9187=DIRECTION('',(-1.,0.,0.));
#9188=DIRECTION('',(0.,0.,-1.));
#9189=DIRECTION('',(1.,0.,0.));
#9190=DIRECTION('',(0.,0.,1.));
#9191=DIRECTION('',(1.,0.,0.));
#9192=DIRECTION('',(0.,0.,-1.));
#9193=DIRECTION('',(-1.,0.,0.));
#9194=DIRECTION('',(0.,0.,1.));
#9195=DIRECTION('',(1.,0.,0.));
#9196=DIRECTION('',(0.866025403784438,0.5,0.));
#9197=DIRECTION('',(-0.5,0.866025403784438,0.));
#9198=DIRECTION('',(0.,0.,1.));
#9199=DIRECTION('',(0.,0.,1.));
#9200=DIRECTION('',(1.30636052064101E-16,1.,0.));
#9201=DIRECTION('',(-1.,1.30636052064101E-16,0.));
#9202=DIRECTION('',(0.,0.,1.));
#9203=DIRECTION('',(-0.866025403784439,0.5,0.));
#9204=DIRECTION('',(-0.5,-0.866025403784439,0.));
#9205=DIRECTION('',(0.,0.,1.));
#9206=DIRECTION('',(-0.866025403784439,-0.5,0.));
#9207=DIRECTION('',(0.5,-0.866025403784439,0.));
#9208=DIRECTION('',(0.,0.,1.));
#9209=DIRECTION('',(1.30636052064101E-16,-1.,0.));
#9210=DIRECTION('',(1.,1.30636052064101E-16,0.));
#9211=DIRECTION('',(0.,0.,1.));
#9212=DIRECTION('',(0.866025403784439,-0.5,0.));
#9213=DIRECTION('',(0.5,0.866025403784439,0.));
#9214=DIRECTION('',(0.,0.,1.));
#9215=DIRECTION('',(1.,0.,0.));
#9216=DIRECTION('',(0.,0.,1.));
#9217=DIRECTION('',(1.,0.,0.));
#9218=DIRECTION('',(0.,0.,1.));
#9219=DIRECTION('',(1.,0.,0.));
#9220=DIRECTION('',(0.,0.,1.));
#9221=DIRECTION('',(1.,0.,0.));
#9222=DIRECTION('',(0.,0.,-1.));
#9223=DIRECTION('',(-1.,0.,0.));
#9224=DIRECTION('',(0.,0.,1.));
#9225=DIRECTION('',(1.,0.,0.));
#9226=DIRECTION('',(0.,0.,1.));
#9227=DIRECTION('',(1.,0.,0.));
#9228=DIRECTION('',(0.,0.,1.));
#9229=DIRECTION('',(1.,0.,0.));
#9230=DIRECTION('',(0.,0.,1.));
#9231=DIRECTION('',(1.,0.,0.));
#9232=DIRECTION('',(0.,0.,1.));
#9233=DIRECTION('',(1.,0.,0.));
#9234=DIRECTION('',(0.,0.,1.));
#9235=DIRECTION('',(1.,0.,0.));
#9236=DIRECTION('',(0.,0.,1.));
#9237=DIRECTION('',(1.,0.,0.));
#9238=DIRECTION('',(0.,0.,1.));
#9239=DIRECTION('',(1.,0.,0.));
#9240=DIRECTION('',(0.,0.,1.));
#9241=DIRECTION('',(1.,0.,0.));
#9242=DIRECTION('',(0.,0.,1.));
#9243=DIRECTION('',(1.,0.,0.));
#9244=DIRECTION('',(0.,0.,1.));
#9245=DIRECTION('',(1.,0.,0.));
#9246=DIRECTION('',(0.,0.,1.));
#9247=DIRECTION('',(1.,0.,0.));
#9248=DIRECTION('',(0.,0.,1.));
#9249=DIRECTION('',(1.,0.,0.));
#9250=DIRECTION('',(0.,0.,1.));
#9251=DIRECTION('',(1.,0.,0.));
#9252=DIRECTION('',(0.,0.,1.));
#9253=DIRECTION('',(1.,0.,0.));
#9254=DIRECTION('',(0.,0.,1.));
#9255=DIRECTION('',(1.,0.,0.));
#9256=DIRECTION('',(0.,0.,1.));
#9257=DIRECTION('',(1.,0.,0.));
#9258=DIRECTION('',(0.,0.,1.));
#9259=DIRECTION('',(1.,0.,0.));
#9260=DIRECTION('',(0.,0.,1.));
#9261=DIRECTION('',(1.,0.,0.));
#9262=DIRECTION('',(0.,0.,1.));
#9263=DIRECTION('',(1.,0.,0.));
#9264=DIRECTION('',(0.,0.,1.));
#9265=DIRECTION('',(1.,0.,0.));
#9266=DIRECTION('',(0.,0.,1.));
#9267=DIRECTION('',(1.,0.,0.));
#9268=DIRECTION('',(0.,0.,1.));
#9269=DIRECTION('',(1.,0.,0.));
#9270=DIRECTION('',(0.,0.,1.));
#9271=DIRECTION('',(1.,0.,0.));
#9272=DIRECTION('',(0.,0.,1.));
#9273=DIRECTION('',(1.,0.,0.));
#9274=DIRECTION('',(0.,0.,1.));
#9275=DIRECTION('',(1.,0.,0.));
#9276=DIRECTION('',(0.,0.,1.));
#9277=DIRECTION('',(1.,0.,0.));
#9278=DIRECTION('',(0.,0.,-1.));
#9279=DIRECTION('',(-1.,0.,0.));
#9280=DIRECTION('',(0.,0.,1.));
#9281=DIRECTION('',(1.,0.,0.));
#9282=DIRECTION('',(0.,0.,1.));
#9283=DIRECTION('',(1.,0.,0.));
#9284=DIRECTION('',(0.,0.,-1.));
#9285=DIRECTION('',(-1.,0.,0.));
#9286=DIRECTION('',(0.,0.,1.));
#9287=DIRECTION('',(1.,0.,0.));
#9288=DIRECTION('',(0.,0.,1.));
#9289=DIRECTION('',(1.,0.,0.));
#9290=DIRECTION('',(0.,0.,-1.));
#9291=DIRECTION('',(-1.,0.,0.));
#9292=DIRECTION('',(0.,0.,1.));
#9293=DIRECTION('',(1.,0.,0.));
#9294=DIRECTION('',(0.,0.,1.));
#9295=DIRECTION('',(1.,0.,0.));
#9296=DIRECTION('',(0.,0.,-1.));
#9297=DIRECTION('',(-1.,0.,0.));
#9298=DIRECTION('',(0.,0.,1.));
#9299=DIRECTION('',(1.,0.,0.));
#9300=DIRECTION('',(0.,0.,1.));
#9301=DIRECTION('',(1.,0.,0.));
#9302=DIRECTION('',(0.,0.,-1.));
#9303=DIRECTION('',(-1.,0.,0.));
#9304=DIRECTION('',(0.,0.,1.));
#9305=DIRECTION('',(1.,0.,0.));
#9306=DIRECTION('',(0.,0.,1.));
#9307=DIRECTION('',(1.,0.,0.));
#9308=DIRECTION('',(0.,0.,-1.));
#9309=DIRECTION('',(-1.,0.,0.));
#9310=DIRECTION('',(0.,0.,1.));
#9311=DIRECTION('',(1.,0.,0.));
#9312=DIRECTION('',(0.,0.,1.));
#9313=DIRECTION('',(1.,0.,0.));
#9314=DIRECTION('',(0.,0.,-1.));
#9315=DIRECTION('',(-1.,0.,0.));
#9316=DIRECTION('',(0.,0.,1.));
#9317=DIRECTION('',(1.,0.,0.));
#9318=DIRECTION('',(0.,0.,1.));
#9319=DIRECTION('',(1.,0.,0.));
#9320=DIRECTION('',(0.,0.,-1.));
#9321=DIRECTION('',(-1.,0.,0.));
#9322=DIRECTION('',(0.,0.,1.));
#9323=DIRECTION('',(1.,0.,0.));
#9324=DIRECTION('',(0.,0.,1.));
#9325=DIRECTION('',(1.,0.,0.));
#9326=DIRECTION('',(0.,0.,-1.));
#9327=DIRECTION('',(-1.,0.,0.));
#9328=DIRECTION('',(0.,0.,1.));
#9329=DIRECTION('',(1.,0.,0.));
#9330=DIRECTION('',(0.,0.,1.));
#9331=DIRECTION('',(1.,0.,0.));
#9332=DIRECTION('',(0.,0.,-1.));
#9333=DIRECTION('',(-1.,0.,0.));
#9334=DIRECTION('',(0.,0.,1.));
#9335=DIRECTION('',(1.,0.,0.));
#9336=DIRECTION('',(0.,0.,1.));
#9337=DIRECTION('',(1.,0.,0.));
#9338=DIRECTION('',(0.,0.,-1.));
#9339=DIRECTION('',(-1.,0.,0.));
#9340=DIRECTION('',(0.,0.,1.));
#9341=DIRECTION('',(1.,0.,0.));
#9342=DIRECTION('',(0.,0.,1.));
#9343=DIRECTION('',(1.,0.,0.));
#9344=DIRECTION('',(0.,0.,-1.));
#9345=DIRECTION('',(-1.,0.,0.));
#9346=DIRECTION('',(0.,0.,1.));
#9347=DIRECTION('',(1.,0.,0.));
#9348=DIRECTION('',(0.,0.,1.));
#9349=DIRECTION('',(1.,0.,0.));
#9350=DIRECTION('',(0.,0.,-1.));
#9351=DIRECTION('',(-1.,0.,0.));
#9352=DIRECTION('',(0.,0.,1.));
#9353=DIRECTION('',(0.996736000944648,-0.0807300713542976,0.));
#9354=DIRECTION('',(0.,-1.,0.));
#9355=DIRECTION('',(0.,0.,-1.));
#9356=DIRECTION('',(0.,-1.,0.));
#9357=DIRECTION('',(1.,0.,0.));
#9358=DIRECTION('',(0.,-1.,0.));
#9359=DIRECTION('',(1.,0.,0.));
#9360=DIRECTION('',(0.,-1.,0.));
#9361=DIRECTION('',(0.,0.,-1.));
#9362=DIRECTION('',(0.,-1.,0.));
#9363=DIRECTION('',(-1.,0.,0.));
#9364=DIRECTION('',(0.,-1.,0.));
#9365=DIRECTION('',(0.,0.,-1.));
#9366=DIRECTION('',(0.,1.,0.));
#9367=DIRECTION('',(1.,0.,0.));
#9368=DIRECTION('',(0.,1.,0.));
#9369=DIRECTION('',(0.,0.,1.));
#9370=DIRECTION('',(0.,1.,0.));
#9371=DIRECTION('',(1.,0.,0.));
#9372=DIRECTION('',(0.,-1.,0.));
#9373=DIRECTION('',(0.,0.,-1.));
#9374=DIRECTION('',(0.,-1.,0.));
#9375=DIRECTION('',(-1.,0.,0.));
#9376=DIRECTION('',(0.,-1.,0.));
#9377=DIRECTION('',(0.,0.,-1.));
#9378=DIRECTION('',(0.,-1.,0.));
#9379=DIRECTION('',(-1.,0.,0.));
#9380=DIRECTION('',(0.,-1.,0.));
#9381=DIRECTION('',(-1.,0.,0.));
#9382=DIRECTION('',(0.,-1.,0.));
#9383=DIRECTION('',(0.,0.,-1.));
#9384=DIRECTION('',(0.,-1.,0.));
#9385=DIRECTION('',(0.,0.,-1.));
#9386=DIRECTION('',(0.,1.,0.));
#9387=DIRECTION('',(0.,0.,1.));
#9388=DIRECTION('',(0.,1.,0.));
#9389=DIRECTION('',(1.,0.,0.));
#9390=DIRECTION('',(0.,1.,0.));
#9391=DIRECTION('',(1.,0.,0.));
#9392=DIRECTION('',(0.,1.,0.));
#9393=DIRECTION('',(0.,0.,1.));
#9394=DIRECTION('',(0.,1.,0.));
#9395=DIRECTION('',(0.,0.,1.));
#9396=DIRECTION('',(0.,0.,1.));
#9397=DIRECTION('',(1.,0.,0.));
#9398=DIRECTION('',(0.371213759394552,4.37010292729587E-17,0.928547438118357));
#9399=DIRECTION('',(0.928547438118357,-4.11346669797993E-16,-0.371213759394552));
#9400=DIRECTION('',(0.,0.,1.));
#9401=DIRECTION('',(1.,0.,0.));
#9402=DIRECTION('',(-1.42433920487986E-16,1.,1.50166159593993E-17));
#9403=DIRECTION('',(0.19936082087536,4.311091800004E-17,-0.979926151860385));
#9404=DIRECTION('',(0.,1.,2.22044604925031E-16));
#9405=DIRECTION('',(1.,0.,0.));
#9406=DIRECTION('',(0.,0.,1.));
#9407=DIRECTION('',(1.,0.,0.));
#9408=DIRECTION('',(-7.25776022042136E-9,6.12323400476637E-17,1.));
#9409=DIRECTION('',(-1.,-2.53774778272563E-25,-7.25776022042136E-9));
#9410=DIRECTION('',(-7.25776022042136E-9,6.12323400476637E-17,1.));
#9411=DIRECTION('',(-1.,-2.53774778272563E-25,-7.25776022042136E-9));
#9412=DIRECTION('',(0.,0.,1.));
#9413=DIRECTION('',(1.,0.,0.));
#9414=DIRECTION('',(-0.580251256021555,1.51056980655843E-15,-0.814437523623149));
#9415=DIRECTION('',(0.814437523623149,1.37125376526776E-15,-0.580251256021555));
#9416=DIRECTION('',(-0.499109704207853,8.56035287171438E-16,0.866538806497175));
#9417=DIRECTION('',(-0.866538806497175,5.36811169986201E-16,-0.499109704207853));
#9418=DIRECTION('',(-0.397363918655127,1.38738871642487E-15,0.917661111822355));
#9419=DIRECTION('',(-0.917661111822355,4.78229044047053E-16,-0.397363918655127));
#9420=DIRECTION('',(-0.397363918655128,1.38738871642487E-15,0.917661111822355));
#9421=DIRECTION('',(-0.917661111822355,4.78229044047053E-16,-0.397363918655128));
#9422=DIRECTION('',(-3.03950095648098E-9,6.74961510761288E-25,1.));
#9423=DIRECTION('',(-1.,1.22464679786516E-16,-3.03950095648098E-9));
#9424=DIRECTION('',(-3.03950095648098E-9,6.74961510761288E-25,1.));
#9425=DIRECTION('',(-1.,1.22464679786516E-16,-3.03950095648098E-9));
#9426=CARTESIAN_POINT('',(0.,0.,0.));
#9427=CARTESIAN_POINT('',(147.90199457749,-25.,400.));
#9428=CARTESIAN_POINT('',(97.9019945774903,-25.,375.));
#9429=CARTESIAN_POINT('',(97.9019945774903,-25.,388.));
#9430=CARTESIAN_POINT('',(172.901994577492,-25.,375.));
#9431=CARTESIAN_POINT('',(172.901994577492,-25.,388.));
#9432=CARTESIAN_POINT('',(147.902235863114,-25.,344.562358398089));
#9433=CARTESIAN_POINT('',(148.561158166782,-25.,343.131318198727));
#9434=CARTESIAN_POINT('',(148.905375155435,-25.,341.588149492993));
#9435=CARTESIAN_POINT('',(148.905375155875,-25.,340.));
#9436=CARTESIAN_POINT('',(147.902115256238,-25.,344.562302867765));
#9437=CARTESIAN_POINT('',(148.905375155875,-25.,340.));
#9438=CARTESIAN_POINT('',(148.905375155875,-25.,400.));
#9439=CARTESIAN_POINT('',(148.905375155875,-25.,125.));
#9440=CARTESIAN_POINT('',(198.431348329844,-25.,125.));
#9441=CARTESIAN_POINT('',(197.433868076999,-25.,125.));
#9442=CARTESIAN_POINT('',(197.433868076999,-25.,400.));
#9443=CARTESIAN_POINT('',(197.433868076999,-25.,381.964304827401));
#9444=CARTESIAN_POINT('',(197.433868076999,-25.,381.964304827401));
#9445=CARTESIAN_POINT('',(197.051716345911,-25.,383.271387491427));
#9446=CARTESIAN_POINT('',(196.086920797749,-25.,385.783232468605));
#9447=CARTESIAN_POINT('',(194.044380526146,-25.,389.288224798832));
#9448=CARTESIAN_POINT('',(191.449149719854,-25.,392.427644249363));
#9449=CARTESIAN_POINT('',(188.410482520603,-25.,395.089503515558));
#9450=CARTESIAN_POINT('',(184.945547747132,-25.,397.252884695131));
#9451=CARTESIAN_POINT('',(181.232283061811,-25.,398.816413620324));
#9452=CARTESIAN_POINT('',(177.252673684149,-25.,399.786364466646));
#9453=CARTESIAN_POINT('',(174.566551454213,-25.,400.));
#9454=CARTESIAN_POINT('',(173.205080756888,-25.,400.));
#9455=CARTESIAN_POINT('',(173.205080756888,-25.,400.));
#9456=CARTESIAN_POINT('',(147.90199457749,-25.,400.));
#9457=CARTESIAN_POINT('',(97.9019945774903,-25.,400.));
#9458=CARTESIAN_POINT('',(97.9019945774903,-25.,375.));
#9459=CARTESIAN_POINT('',(90.9019945774902,-25.,351.));
#9460=CARTESIAN_POINT('',(137.749773139559,-25.,351.));
#9461=CARTESIAN_POINT('',(137.927517196533,-25.,351.));
#9462=CARTESIAN_POINT('',(137.927517196533,-25.,351.));
#9463=CARTESIAN_POINT('',(138.972112217876,-25.,350.983918624819));
#9464=CARTESIAN_POINT('',(141.013419222754,-25.,350.665958968333));
#9465=CARTESIAN_POINT('',(143.466621897798,-25.,349.542623420871));
#9466=CARTESIAN_POINT('',(145.114828563799,-25.,348.314388531476));
#9467=CARTESIAN_POINT('',(146.613702252559,-25.,346.826434912901));
#9468=CARTESIAN_POINT('',(147.46286784696,-25.,345.516572975646));
#9469=CARTESIAN_POINT('',(147.902235790381,-25.,344.562358556048));
#9470=CARTESIAN_POINT('',(198.431348329844,25.,400.));
#9471=CARTESIAN_POINT('',(97.9019945774903,25.,375.));
#9472=CARTESIAN_POINT('',(97.9019945774903,25.,362.));
#9473=CARTESIAN_POINT('',(172.901994577492,25.,375.));
#9474=CARTESIAN_POINT('',(172.901994577492,25.,362.));
#9475=CARTESIAN_POINT('',(148.90537515376,25.,176.134726078213));
#9476=CARTESIAN_POINT('',(148.905375154465,25.,159.089817385475));
#9477=CARTESIAN_POINT('',(148.90537515517,25.,142.044908692738));
#9478=CARTESIAN_POINT('',(148.905375155875,25.,125.));
#9479=CARTESIAN_POINT('',(148.905375153775,25.,176.134726078213));
#9480=CARTESIAN_POINT('',(148.905375155875,25.,125.));
#9481=CARTESIAN_POINT('',(148.905375155875,25.,400.));
#9482=CARTESIAN_POINT('',(148.905375155875,25.,340.));
#9483=CARTESIAN_POINT('',(148.905375155875,25.,340.));
#9484=CARTESIAN_POINT('',(148.905375155415,25.,341.58759518741));
#9485=CARTESIAN_POINT('',(148.560434806892,25.,343.132679878427));
#9486=CARTESIAN_POINT('',(147.902282864437,25.,344.562376944562));
#9487=CARTESIAN_POINT('',(147.902138767022,25.,344.562310616991));
#9488=CARTESIAN_POINT('',(147.902282770174,25.,344.562377149329));
#9489=CARTESIAN_POINT('',(147.463379504734,25.,345.515802395073));
#9490=CARTESIAN_POINT('',(146.6139651825,25.,346.825768076009));
#9491=CARTESIAN_POINT('',(145.115457995469,25.,348.314007297475));
#9492=CARTESIAN_POINT('',(143.468125575452,25.,349.541627427856));
#9493=CARTESIAN_POINT('',(141.014438451467,25.,350.666093293617));
#9494=CARTESIAN_POINT('',(138.972908363751,25.,350.983906368435));
#9495=CARTESIAN_POINT('',(137.927517196533,25.,351.));
#9496=CARTESIAN_POINT('',(137.927517196533,25.,351.));
#9497=CARTESIAN_POINT('',(72.9019945774903,25.,351.));
#9498=CARTESIAN_POINT('',(90.9019945774902,25.,351.));
#9499=CARTESIAN_POINT('',(97.9019945774903,25.,375.));
#9500=CARTESIAN_POINT('',(97.9019945774903,25.,400.));
#9501=CARTESIAN_POINT('',(198.431348329844,25.,400.));
#9502=CARTESIAN_POINT('',(173.205080756888,25.,400.));
#9503=CARTESIAN_POINT('',(173.205080756888,25.,400.));
#9504=CARTESIAN_POINT('',(174.566646336814,25.,400.));
#9505=CARTESIAN_POINT('',(177.249719806887,25.,399.784431210342));
#9506=CARTESIAN_POINT('',(181.188186132767,25.,398.831881411012));
#9507=CARTESIAN_POINT('',(184.947551744352,25.,397.251374107372));
#9508=CARTESIAN_POINT('',(188.369133909795,25.,395.120182440613));
#9509=CARTESIAN_POINT('',(191.450591671495,25.,392.426569354285));
#9510=CARTESIAN_POINT('',(194.014600792788,25.,389.32905370496));
#9511=CARTESIAN_POINT('',(196.086771286044,25.,385.78959428976));
#9512=CARTESIAN_POINT('',(197.051688534029,25.,383.271482617069));
#9513=CARTESIAN_POINT('',(197.433868076999,25.,381.964304827401));
#9514=CARTESIAN_POINT('',(197.433868076999,25.,381.964304827401));
#9515=CARTESIAN_POINT('',(197.433868076999,25.,400.));
#9516=CARTESIAN_POINT('',(197.433868076999,25.,125.));
#9517=CARTESIAN_POINT('',(147.90199457749,25.,125.));
#9518=CARTESIAN_POINT('',(-198.431348329844,-25.,400.));
#9519=CARTESIAN_POINT('',(-97.9019945774903,-25.,375.));
#9520=CARTESIAN_POINT('',(-97.9019945774903,-25.,388.));
#9521=CARTESIAN_POINT('',(-172.901994577491,-25.,375.));
#9522=CARTESIAN_POINT('',(-172.901994577491,-25.,388.));
#9523=CARTESIAN_POINT('',(-148.905375155875,-25.,400.));
#9524=CARTESIAN_POINT('',(-148.905375155875,-25.,125.));
#9525=CARTESIAN_POINT('',(-148.905375155875,-25.,340.));
#9526=CARTESIAN_POINT('',(-148.905375155875,-25.,340.));
#9527=CARTESIAN_POINT('',(-148.905375155664,-25.,340.727810971968));
#9528=CARTESIAN_POINT('',(-148.76688442853,-25.,342.151168159637));
#9529=CARTESIAN_POINT('',(-148.122871714688,-25.,344.23250329024));
#9530=CARTESIAN_POINT('',(-147.104995706713,-25.,346.13085691626));
#9531=CARTESIAN_POINT('',(-145.708729100409,-25.,347.808547419548));
#9532=CARTESIAN_POINT('',(-144.063477254733,-25.,349.154801754433));
#9533=CARTESIAN_POINT('',(-142.133382932975,-25.,350.181325985847));
#9534=CARTESIAN_POINT('',(-140.057928014333,-25.,350.832530654011));
#9535=CARTESIAN_POINT('',(-138.646163215496,-25.,350.988936558259));
#9536=CARTESIAN_POINT('',(-137.927517196293,-25.,351.000000000004));
#9537=CARTESIAN_POINT('',(-137.927517196293,-25.,351.000000000004));
#9538=CARTESIAN_POINT('',(-198.431348329844,-25.,351.));
#9539=CARTESIAN_POINT('',(-90.9019945774902,-25.,351.));
#9540=CARTESIAN_POINT('',(-97.9019945774903,-25.,375.));
#9541=CARTESIAN_POINT('',(-97.9019945774903,-25.,400.));
#9542=CARTESIAN_POINT('',(-198.431348329844,-25.,400.));
#9543=CARTESIAN_POINT('',(-173.205080756888,-25.,400.));
#9544=CARTESIAN_POINT('',(-173.205080756888,-25.,400.));
#9545=CARTESIAN_POINT('',(-174.566646336814,-25.,400.));
#9546=CARTESIAN_POINT('',(-177.249719806887,-25.,399.784431210342));
#9547=CARTESIAN_POINT('',(-181.188186132768,-25.,398.831881411012));
#9548=CARTESIAN_POINT('',(-184.947551744352,-25.,397.251374107372));
#9549=CARTESIAN_POINT('',(-188.369133909795,-25.,395.120182440613));
#9550=CARTESIAN_POINT('',(-191.450591671495,-25.,392.426569354285));
#9551=CARTESIAN_POINT('',(-194.014600792788,-25.,389.32905370496));
#9552=CARTESIAN_POINT('',(-196.086771286044,-25.,385.78959428976));
#9553=CARTESIAN_POINT('',(-197.051688534029,-25.,383.271482617069));
#9554=CARTESIAN_POINT('',(-197.433868076999,-25.,381.964304827401));
#9555=CARTESIAN_POINT('',(-197.433868076999,-25.,381.964304827401));
#9556=CARTESIAN_POINT('',(-197.433868076999,-25.,400.));
#9557=CARTESIAN_POINT('',(-197.433868076999,-25.,125.));
#9558=CARTESIAN_POINT('',(-147.90199457749,-25.,125.));
#9559=CARTESIAN_POINT('',(0.,0.,-1.9300597820429));
#9560=CARTESIAN_POINT('',(0.,0.,340.));
#9561=CARTESIAN_POINT('',(148.06546113538,-24.0128969257641,340.));
#9562=CARTESIAN_POINT('',(148.064477944059,24.0189577928036,340.));
#9563=CARTESIAN_POINT('',(148.06546113538,24.0128969257641,-1.9300597820429));
#9564=CARTESIAN_POINT('',(148.06546113538,24.0128969257642,176.604762858363));
#9565=CARTESIAN_POINT('',(148.06546113538,24.0128969257641,-1.9300597820429));
#9566=CARTESIAN_POINT('',(148.06546113538,24.0128969257641,125.));
#9567=CARTESIAN_POINT('',(148.06546113538,24.0128969257641,125.));
#9568=CARTESIAN_POINT('',(148.06546113538,24.0128969257641,123.256236469809));
#9569=CARTESIAN_POINT('',(148.024831330735,24.2664709160131,120.691084783862));
#9570=CARTESIAN_POINT('',(147.884561410022,25.1068673056455,117.381022465015));
#9571=CARTESIAN_POINT('',(147.731422584506,25.9955969255155,114.935240269613));
#9572=CARTESIAN_POINT('',(147.531474316184,27.1104397342466,112.599444301173));
#9573=CARTESIAN_POINT('',(147.282974694599,28.4327119057645,110.417023935116));
#9574=CARTESIAN_POINT('',(146.980688633269,29.9602705194032,108.381766288711));
#9575=CARTESIAN_POINT('',(146.490732284547,32.2975852419098,105.839589260382));
#9576=CARTESIAN_POINT('',(145.893230123422,34.9111264235663,103.715390503781));
#9577=CARTESIAN_POINT('',(145.170451085975,37.7801575771333,102.007604510445));
#9578=CARTESIAN_POINT('',(144.342153409256,40.8639551602957,100.56228568292));
#9579=CARTESIAN_POINT('',(143.196612429412,44.7551561412917,99.3733956773157));
#9580=CARTESIAN_POINT('',(142.118553843627,48.0144843975931,99.0212999489378));
#9581=CARTESIAN_POINT('',(141.537991148719,49.6688741727176,98.9999999999932));
#9582=CARTESIAN_POINT('',(141.537991148719,49.6688741727176,99.));
#9583=CARTESIAN_POINT('',(0.,0.,99.));
#9584=CARTESIAN_POINT('',(-141.537991148905,49.6688741721854,99.));
#9585=CARTESIAN_POINT('',(-141.537991148905,49.6688741721854,99.));
#9586=CARTESIAN_POINT('',(-142.118508232797,48.0146143716363,99.0212982756427));
#9587=CARTESIAN_POINT('',(-143.196499413631,44.7555435458165,99.3733479147166));
#9588=CARTESIAN_POINT('',(-144.34228549239,40.8634807115441,100.56250356657));
#9589=CARTESIAN_POINT('',(-145.170392272456,37.7803705306462,102.007454659488));
#9590=CARTESIAN_POINT('',(-145.89313392722,34.9115402248966,103.715102329885));
#9591=CARTESIAN_POINT('',(-146.490799170752,32.2972770447517,105.839940031136));
#9592=CARTESIAN_POINT('',(-146.980641128039,29.9604962445092,108.381432257087));
#9593=CARTESIAN_POINT('',(-147.282923587381,28.4329775015236,110.416634323187));
#9594=CARTESIAN_POINT('',(-147.531428123043,27.1106939840076,112.599059201127));
#9595=CARTESIAN_POINT('',(-147.731434094132,25.9955336971823,114.935391595806));
#9596=CARTESIAN_POINT('',(-147.884557909404,25.1068867106526,117.380752772425));
#9597=CARTESIAN_POINT('',(-148.024833172888,24.2664608315013,120.690807784022));
#9598=CARTESIAN_POINT('',(-148.065461135369,24.0128969258273,123.256062428288));
#9599=CARTESIAN_POINT('',(-148.06546113538,24.0128969257641,125.));
#9600=CARTESIAN_POINT('',(-148.06546113538,24.0128969257641,125.));
#9601=CARTESIAN_POINT('',(-148.06546113538,24.0128969257641,-1.9300597820429));
#9602=CARTESIAN_POINT('',(-148.06546113538,24.0128969257639,176.604762858489));
#9603=CARTESIAN_POINT('',(-148.06546113538,24.0128969257641,-1.9300597820429));
#9604=CARTESIAN_POINT('',(-148.06546113538,24.0128969257641,340.));
#9605=CARTESIAN_POINT('',(0.,0.,340.));
#9606=CARTESIAN_POINT('',(-148.064477943499,-24.0189577962564,340.));
#9607=CARTESIAN_POINT('',(-148.06546113538,-24.0128969257627,-1.9300597820429));
#9608=CARTESIAN_POINT('',(-148.06546113538,-24.012896925764,125.));
#9609=CARTESIAN_POINT('',(-148.06546113538,-24.012896925764,125.));
#9610=CARTESIAN_POINT('',(-148.065461135361,-24.0128969258761,123.256236469808));
#9611=CARTESIAN_POINT('',(-148.024831330703,-24.2664709162111,120.69108478385));
#9612=CARTESIAN_POINT('',(-147.884561409999,-25.1068673057821,117.381022465029));
#9613=CARTESIAN_POINT('',(-147.731422584501,-25.9955969255413,114.935240269551));
#9614=CARTESIAN_POINT('',(-147.531474316228,-27.1104397340062,112.599444301405));
#9615=CARTESIAN_POINT('',(-147.282974694653,-28.4327119054797,110.417023935377));
#9616=CARTESIAN_POINT('',(-146.98068863332,-29.9602705191576,108.381766288941));
#9617=CARTESIAN_POINT('',(-146.490732284516,-32.29758524206,105.839589260238));
#9618=CARTESIAN_POINT('',(-145.893230123437,-34.911126423498,103.71539050387));
#9619=CARTESIAN_POINT('',(-145.170451085986,-37.7801575770946,102.007604510491));
#9620=CARTESIAN_POINT('',(-144.342153409238,-40.8639551603551,100.562285682884));
#9621=CARTESIAN_POINT('',(-143.196612429516,-44.7551561409499,99.3733956774042));
#9622=CARTESIAN_POINT('',(-142.118553843676,-48.0144843974542,99.021299948971));
#9623=CARTESIAN_POINT('',(-141.537991148719,-49.6688741727176,98.9999999999932));
#9624=CARTESIAN_POINT('',(-141.537991148719,-49.6688741727177,99.));
#9625=CARTESIAN_POINT('',(0.,0.,99.));
#9626=CARTESIAN_POINT('',(141.537991148905,-49.6688741721854,99.));
#9627=CARTESIAN_POINT('',(141.537991148905,-49.6688741721854,99.));
#9628=CARTESIAN_POINT('',(142.118508232782,-48.0146143716779,99.0212982756473));
#9629=CARTESIAN_POINT('',(143.196499413606,-44.7555435458964,99.3733479147296));
#9630=CARTESIAN_POINT('',(144.342285492379,-40.8634807115875,100.562503566564));
#9631=CARTESIAN_POINT('',(145.170392272481,-37.7803705305525,102.007454659498));
#9632=CARTESIAN_POINT('',(145.893133927249,-34.9115402247716,103.715102329896));
#9633=CARTESIAN_POINT('',(146.490799170761,-32.2972770447091,105.839940031146));
#9634=CARTESIAN_POINT('',(146.980641128018,-29.9604962446149,108.381432257068));
#9635=CARTESIAN_POINT('',(147.282923587356,-28.4329775016527,110.416634323165));
#9636=CARTESIAN_POINT('',(147.531428123023,-27.1106939841138,112.599059201104));
#9637=CARTESIAN_POINT('',(147.731434094134,-25.9955336971756,114.935391595822));
#9638=CARTESIAN_POINT('',(147.884557909417,-25.1068867105736,117.380752772383));
#9639=CARTESIAN_POINT('',(148.024833172906,-24.266460831391,120.690807783974));
#9640=CARTESIAN_POINT('',(148.06546113538,-24.0128969257641,123.256062428258));
#9641=CARTESIAN_POINT('',(148.06546113538,-24.0128969257641,125.));
#9642=CARTESIAN_POINT('',(148.06546113538,-24.0128969257641,125.));
#9643=CARTESIAN_POINT('',(148.06546113538,-24.0128969257641,-1.9300597820429));
#9644=CARTESIAN_POINT('',(0.,0.,60.));
#9645=CARTESIAN_POINT('',(-150.,0.,60.));
#9646=CARTESIAN_POINT('',(198.553904229394,-24.007230478853,-1.9300597820429));
#9647=CARTESIAN_POINT('',(197.433868076999,-25.,125.));
#9648=CARTESIAN_POINT('',(197.807213461131,-24.6690768262843,125.));
#9649=CARTESIAN_POINT('',(198.180558845262,-24.3381536525687,125.));
#9650=CARTESIAN_POINT('',(198.553904229394,-24.007230478853,125.));
#9651=CARTESIAN_POINT('',(198.553904229394,-24.007230478853,125.));
#9652=CARTESIAN_POINT('',(198.553904229394,-24.007230478853,-1.9300597820429));
#9653=CARTESIAN_POINT('',(198.553904229394,-24.007230478853,375.));
#9654=CARTESIAN_POINT('',(198.553904229394,-24.007230478853,375.));
#9655=CARTESIAN_POINT('',(198.553904229394,-24.007230478853,377.412229475188));
#9656=CARTESIAN_POINT('',(198.160365459326,-24.3560525195322,379.75834051471));
#9657=CARTESIAN_POINT('',(197.433868076999,-25.,381.964304827401));
#9658=CARTESIAN_POINT('',(197.433868076999,25.,-1.9300597820429));
#9659=CARTESIAN_POINT('',(198.553904229394,24.007230478853,125.));
#9660=CARTESIAN_POINT('',(198.180558845262,24.3381536525687,125.));
#9661=CARTESIAN_POINT('',(197.807213461131,24.6690768262843,125.));
#9662=CARTESIAN_POINT('',(197.433868076999,25.,125.));
#9663=CARTESIAN_POINT('',(198.553904229394,24.007230478853,125.));
#9664=CARTESIAN_POINT('',(197.433868076999,25.,381.964304827401));
#9665=CARTESIAN_POINT('',(197.79687648871,24.678239236925,380.862052264735));
#9666=CARTESIAN_POINT('',(198.35411833269,24.1843152529282,378.604405831718));
#9667=CARTESIAN_POINT('',(198.553904229394,24.007230478853,376.205653737508));
#9668=CARTESIAN_POINT('',(198.553904229394,24.007230478853,375.));
#9669=CARTESIAN_POINT('',(198.553904229394,24.007230478853,375.));
#9670=CARTESIAN_POINT('',(198.553904229394,24.007230478853,-1.9300597820429));
#9671=CARTESIAN_POINT('',(148.905375155875,-25.,-1.9300597820429));
#9672=CARTESIAN_POINT('',(148.06546113538,-24.0128969257641,125.));
#9673=CARTESIAN_POINT('',(148.345432475545,-24.3419312838427,125.));
#9674=CARTESIAN_POINT('',(148.62540381571,-24.6709656419214,125.));
#9675=CARTESIAN_POINT('',(148.905375155875,-25.,125.));
#9676=CARTESIAN_POINT('',(148.06546113538,-24.0128969257641,340.));
#9677=CARTESIAN_POINT('',(-200.,0.,100.));
#9678=CARTESIAN_POINT('',(147.90199457749,-50.,100.));
#9679=CARTESIAN_POINT('',(192.616198695573,-50.,100.));
#9680=CARTESIAN_POINT('',(142.481577755707,-50.,100.));
#9681=CARTESIAN_POINT('',(0.,0.,100.));
#9682=CARTESIAN_POINT('',(-142.481577755707,-50.,100.));
#9683=CARTESIAN_POINT('',(-198.431348329844,-50.,100.));
#9684=CARTESIAN_POINT('',(-192.616198695573,-50.,100.));
#9685=CARTESIAN_POINT('',(0.,0.,100.));
#9686=CARTESIAN_POINT('',(-200.,0.,100.));
#9687=CARTESIAN_POINT('',(198.431348329844,50.,100.));
#9688=CARTESIAN_POINT('',(142.481577755707,50.,100.));
#9689=CARTESIAN_POINT('',(192.616198695577,50.,100.));
#9690=CARTESIAN_POINT('',(0.,0.,100.));
#9691=CARTESIAN_POINT('',(-192.616198695577,50.,100.));
#9692=CARTESIAN_POINT('',(-147.90199457749,50.,100.));
#9693=CARTESIAN_POINT('',(-142.481577755707,50.,100.));
#9694=CARTESIAN_POINT('',(0.,0.,100.));
#9695=CARTESIAN_POINT('',(0.,0.,-57.4458080760328));
#9696=CARTESIAN_POINT('',(0.,0.,50.));
#9697=CARTESIAN_POINT('',(50.,0.,50.));
#9698=CARTESIAN_POINT('',(0.,0.,2.77555756156289E-14));
#9699=CARTESIAN_POINT('',(-43.3012701892219,-25.,2.77555756156289E-14));
#9700=CARTESIAN_POINT('',(-43.3012701892219,25.,2.77555756156289E-14));
#9701=CARTESIAN_POINT('',(-43.301270189222,25.,2.77555756156289E-14));
#9702=CARTESIAN_POINT('',(-43.301270189222,25.,-200.));
#9703=CARTESIAN_POINT('',(0.,0.,-200.));
#9704=CARTESIAN_POINT('',(43.3012701892219,25.,-200.));
#9705=CARTESIAN_POINT('',(43.3012701892219,25.,2.77555756156289E-14));
#9706=CARTESIAN_POINT('',(43.3012701892219,25.,2.77555756156289E-14));
#9707=CARTESIAN_POINT('',(0.,0.,2.77555756156289E-14));
#9708=CARTESIAN_POINT('',(43.3012701892219,-25.,2.77555756156289E-14));
#9709=CARTESIAN_POINT('',(43.3012701892219,-25.,2.77555756156289E-14));
#9710=CARTESIAN_POINT('',(43.3012701892219,-25.,-200.));
#9711=CARTESIAN_POINT('',(0.,0.,-200.));
#9712=CARTESIAN_POINT('',(-43.3012701892219,-25.,-200.));
#9713=CARTESIAN_POINT('',(-43.3012701892219,-25.,2.77555756156289E-14));
#9714=CARTESIAN_POINT('',(0.,0.,-200.));
#9715=CARTESIAN_POINT('',(96.8245836551854,-25.,2.77555756156289E-14));
#9716=CARTESIAN_POINT('',(96.8245836551854,-25.,-5.));
#9717=CARTESIAN_POINT('',(96.8245836551854,-25.,-200.));
#9718=CARTESIAN_POINT('',(0.,0.,-5.));
#9719=CARTESIAN_POINT('',(-96.8245836551855,-24.9999999999998,-5.));
#9720=CARTESIAN_POINT('',(-96.8245836551855,-24.9999999999998,2.77555756156289E-14));
#9721=CARTESIAN_POINT('',(-96.8245836551855,-24.9999999999998,-200.));
#9722=CARTESIAN_POINT('',(0.,0.,-200.));
#9723=CARTESIAN_POINT('',(0.,0.,-200.));
#9724=CARTESIAN_POINT('',(-96.8245836551854,25.,-200.));
#9725=CARTESIAN_POINT('',(-96.8245836551854,24.9999999999999,-200.));
#9726=CARTESIAN_POINT('',(0.,0.,-200.));
#9727=CARTESIAN_POINT('',(96.8245836551854,25.,-200.));
#9728=CARTESIAN_POINT('',(43.3012701892219,25.,-200.));
#9729=CARTESIAN_POINT('',(0.,0.,-200.));
#9730=CARTESIAN_POINT('',(-96.8245836551854,24.9999999999999,2.77555756156289E-14));
#9731=CARTESIAN_POINT('',(-96.8245836551854,24.9999999999999,-5.));
#9732=CARTESIAN_POINT('',(0.,0.,-5.));
#9733=CARTESIAN_POINT('',(96.8245836551854,25.,-5.));
#9734=CARTESIAN_POINT('',(96.8245836551854,25.,2.77555756156289E-14));
#9735=CARTESIAN_POINT('',(0.,0.,-200.));
#9736=CARTESIAN_POINT('',(-43.3012701892219,-25.,-200.));
#9737=CARTESIAN_POINT('',(96.8245836551854,-25.,-200.));
#9738=CARTESIAN_POINT('',(-150.,0.,50.));
#9739=CARTESIAN_POINT('',(0.,0.,50.));
#9740=CARTESIAN_POINT('',(-140.,0.,50.));
#9741=CARTESIAN_POINT('',(0.,0.,9.18861341181465E-15));
#9742=CARTESIAN_POINT('',(0.,0.,9.54097911787244E-15));
#9743=CARTESIAN_POINT('',(147.928932188134,0.,9.54097911787244E-15));
#9744=CARTESIAN_POINT('',(0.,0.,9.54097911787244E-15));
#9745=CARTESIAN_POINT('',(101.980390271856,25.,2.77555756156289E-14));
#9746=CARTESIAN_POINT('',(-101.980390271856,25.,9.18861341181465E-15));
#9747=CARTESIAN_POINT('',(-96.8245836551854,25.,2.77555756156289E-14));
#9748=CARTESIAN_POINT('',(-43.3012701892219,-25.,2.77555756156289E-14));
#9749=CARTESIAN_POINT('',(-101.980390271856,-25.,2.77555756156289E-14));
#9750=CARTESIAN_POINT('',(0.,0.,9.54097911787244E-15));
#9751=CARTESIAN_POINT('',(101.980390271856,-25.,9.18861341181465E-15));
#9752=CARTESIAN_POINT('',(96.8245836551854,-25.,2.77555756156289E-14));
#9753=CARTESIAN_POINT('',(43.3012701892219,25.,2.77555756156289E-14));
#9754=CARTESIAN_POINT('',(0.,0.,1.84314369322536E-14));
#9755=CARTESIAN_POINT('',(0.,0.,48.5355339059328));
#9756=CARTESIAN_POINT('',(-198.535533905933,0.,48.5355339059328));
#9757=CARTESIAN_POINT('',(0.,0.,1.46446609406722));
#9758=CARTESIAN_POINT('',(-151.464466094067,0.,1.46446609406722));
#9759=CARTESIAN_POINT('',(43.3012701892219,25.,2.77555756156289E-14));
#9760=CARTESIAN_POINT('',(96.8245836551854,25.,-5.));
#9761=CARTESIAN_POINT('',(96.8245836551854,25.,-3.65868010903922));
#9762=CARTESIAN_POINT('',(97.9922520087222,25.,-1.04961662991836));
#9763=CARTESIAN_POINT('',(100.640179091619,25.,-4.79786788602752E-15));
#9764=CARTESIAN_POINT('',(101.980390271856,25.,-1.07803461063006E-15));
#9765=CARTESIAN_POINT('',(96.8245836551854,-25.,2.77555756156289E-14));
#9766=CARTESIAN_POINT('',(101.980390271856,-25.,9.18861341181465E-15));
#9767=CARTESIAN_POINT('',(100.639488198164,-25.,9.18861341181465E-15));
#9768=CARTESIAN_POINT('',(97.9977098353862,-25.,-1.04512491679038));
#9769=CARTESIAN_POINT('',(96.8245836551854,-25.,-3.65790021648433));
#9770=CARTESIAN_POINT('',(96.8245836551854,-25.,-5.00000000000001));
#9771=CARTESIAN_POINT('',(-96.8245836551854,25.,2.77555756156289E-14));
#9772=CARTESIAN_POINT('',(-101.980390271856,25.,9.18861341181465E-15));
#9773=CARTESIAN_POINT('',(-100.639488198164,25.,9.18861341181465E-15));
#9774=CARTESIAN_POINT('',(-97.9977098353861,25.,-1.04512491679037));
#9775=CARTESIAN_POINT('',(-96.8245836551854,25.,-3.65790021648432));
#9776=CARTESIAN_POINT('',(-96.8245836551854,25.,-5.));
#9777=CARTESIAN_POINT('',(-43.3012701892219,-25.,2.77555756156289E-14));
#9778=CARTESIAN_POINT('',(-96.8245836551855,-24.9999999999998,-5.));
#9779=CARTESIAN_POINT('',(-96.8245836551854,-24.9999999999998,-3.65868010903923));
#9780=CARTESIAN_POINT('',(-97.9922520087222,-25.0000000000001,-1.04961662991834));
#9781=CARTESIAN_POINT('',(-100.640179091619,-25.,-8.15878874156368E-15));
#9782=CARTESIAN_POINT('',(-101.980390271856,-25.,-4.43895546616623E-15));
#9783=CARTESIAN_POINT('',(0.,0.,60.));
#9784=CARTESIAN_POINT('',(0.,0.,-5.));
#9785=CARTESIAN_POINT('',(0.,0.,-5.));
#9786=CARTESIAN_POINT('',(0.,0.,5.00000000000001));
#9787=CARTESIAN_POINT('',(0.,0.,52.0710678118655));
#9788=CARTESIAN_POINT('',(0.,0.,52.0710678118655));
#9789=CARTESIAN_POINT('',(-200.,0.,52.0710678118655));
#9790=CARTESIAN_POINT('',(0.,0.,400.));
#9791=CARTESIAN_POINT('',(97.9019945774903,0.,400.));
#9792=CARTESIAN_POINT('',(0.,0.,400.));
#9793=CARTESIAN_POINT('',(147.90199457749,25.,350.));
#9794=CARTESIAN_POINT('',(72.9019945774903,-24.0000000000001,350.));
#9795=CARTESIAN_POINT('',(137.929109079657,-23.9908478840727,350.));
#9796=CARTESIAN_POINT('',(97.9019945774903,-24.0000000000001,350.));
#9797=CARTESIAN_POINT('',(97.9019945774903,25.,350.));
#9798=CARTESIAN_POINT('',(97.9019945774903,24.,350.));
#9799=CARTESIAN_POINT('',(137.749773139559,24.,350.));
#9800=CARTESIAN_POINT('',(137.927517196533,24.,350.));
#9801=CARTESIAN_POINT('',(-9.25185853854297E-16,0.,350.));
#9802=CARTESIAN_POINT('',(0.,0.,340.));
#9803=CARTESIAN_POINT('',(137.927517196533,24.,350.));
#9804=CARTESIAN_POINT('',(138.682962673522,24.0000000000367,350.));
#9805=CARTESIAN_POINT('',(139.742570818162,24.0011390063785,349.874169112899));
#9806=CARTESIAN_POINT('',(140.80225611272,24.0018126521539,349.598903309906));
#9807=CARTESIAN_POINT('',(141.377226114103,24.0022182475035,349.406818595357));
#9808=CARTESIAN_POINT('',(141.736341542518,24.0025473077521,349.272519617359));
#9809=CARTESIAN_POINT('',(142.25567045023,24.0031870684143,349.049760651206));
#9810=CARTESIAN_POINT('',(142.859700394394,24.0039394503312,348.749002170045));
#9811=CARTESIAN_POINT('',(143.587082875626,24.0048041830532,348.317964855104));
#9812=CARTESIAN_POINT('',(144.234204595419,24.0054818815957,347.842928949031));
#9813=CARTESIAN_POINT('',(144.718253617871,24.0060710003206,347.431774122207));
#9814=CARTESIAN_POINT('',(145.041335194663,24.0065520704708,347.132534381276));
#9815=CARTESIAN_POINT('',(145.414866846464,24.0073015544188,346.751311812993));
#9816=CARTESIAN_POINT('',(145.860571143733,24.0083709630522,346.244246326958));
#9817=CARTESIAN_POINT('',(146.576961771707,24.0103607894566,345.294471811957));
#9818=CARTESIAN_POINT('',(147.686834888758,24.0135629090504,343.228503410581));
#9819=CARTESIAN_POINT('',(148.06546113538,24.0128969257641,341.277441631815));
#9820=CARTESIAN_POINT('',(148.06546113538,24.0128969257641,340.));
#9821=CARTESIAN_POINT('',(148.06546113538,-24.012896925764,340.));
#9822=CARTESIAN_POINT('',(148.06546113538,-24.012896925764,341.277298106612));
#9823=CARTESIAN_POINT('',(147.686913104482,-24.0135760713379,343.228263962804));
#9824=CARTESIAN_POINT('',(146.577071483141,-24.0103774779697,345.294305184892));
#9825=CARTESIAN_POINT('',(145.860636138329,-24.0083821046036,346.244163766681));
#9826=CARTESIAN_POINT('',(145.414920219191,-24.0073074986218,346.751256540425));
#9827=CARTESIAN_POINT('',(145.041290941295,-24.0065515195348,347.132575944941));
#9828=CARTESIAN_POINT('',(144.718412785815,-24.0060673228246,347.431628551879));
#9829=CARTESIAN_POINT('',(144.23445410956,-24.0054789834848,347.842732159403));
#9830=CARTESIAN_POINT('',(143.587364756086,-24.0048074722912,348.317785249624));
#9831=CARTESIAN_POINT('',(142.859745915138,-24.0039480053249,348.748982679187));
#9832=CARTESIAN_POINT('',(142.255465747942,-24.0031958933005,349.049864421859));
#9833=CARTESIAN_POINT('',(141.735643737818,-24.0025520044,349.272800556761));
#9834=CARTESIAN_POINT('',(141.376825942973,-24.0022202420531,349.406956363288));
#9835=CARTESIAN_POINT('',(140.801953120018,-24.0018123948408,349.598989988292));
#9836=CARTESIAN_POINT('',(139.742515186194,-24.0011377554473,349.874162975308));
#9837=CARTESIAN_POINT('',(138.682966771998,-24.0000000000157,350.));
#9838=CARTESIAN_POINT('',(137.927517196533,-24.,350.));
#9839=CARTESIAN_POINT('',(172.901994577492,47.5050808721833,375.));
#9840=CARTESIAN_POINT('',(172.901994577492,24.,375.));
#9841=CARTESIAN_POINT('',(172.901994577492,24.,363.));
#9842=CARTESIAN_POINT('',(172.901994577492,-24.,375.));
#9843=CARTESIAN_POINT('',(172.901994577492,-24.,387.));
#9844=CARTESIAN_POINT('',(172.901994577492,24.,375.));
#9845=CARTESIAN_POINT('',(172.901994577492,-25.,375.));
#9846=CARTESIAN_POINT('',(147.90199457749,-50.,125.));
#9847=CARTESIAN_POINT('',(148.905375155875,-25.,125.));
#9848=CARTESIAN_POINT('',(148.905375155875,-25.,123.226157443447));
#9849=CARTESIAN_POINT('',(148.844539446077,-25.3789877797224,119.736821209476));
#9850=CARTESIAN_POINT('',(148.571155591868,-26.9511443241,114.896351382846));
#9851=CARTESIAN_POINT('',(148.1906183724,-28.9654666287317,111.325214807266));
#9852=CARTESIAN_POINT('',(147.84587925669,-30.6584366385856,109.125189215014));
#9853=CARTESIAN_POINT('',(147.623858150816,-31.706917729743,107.94725739829));
#9854=CARTESIAN_POINT('',(147.452224141319,-32.4980798296346,107.134838733754));
#9855=CARTESIAN_POINT('',(147.245183446387,-33.4259001373342,106.269445415095));
#9856=CARTESIAN_POINT('',(146.956755886214,-34.6794696268453,105.215179554771));
#9857=CARTESIAN_POINT('',(146.557348778023,-36.3440010395833,104.010919992098));
#9858=CARTESIAN_POINT('',(146.108709803522,-38.1063124619961,102.984767929699));
#9859=CARTESIAN_POINT('',(145.722901930614,-39.5550352783547,102.275316636217));
#9860=CARTESIAN_POINT('',(145.411661751518,-40.6878642422096,101.789101431562));
#9861=CARTESIAN_POINT('',(145.113331367323,-41.7411558530404,101.394521789371));
#9862=CARTESIAN_POINT('',(144.681362512958,-43.2238728346015,100.913406962434));
#9863=CARTESIAN_POINT('',(143.868641963838,-45.8980140157765,100.24981989679));
#9864=CARTESIAN_POINT('',(143.064414072611,-48.3391312419883,100.));
#9865=CARTESIAN_POINT('',(142.481577756565,-50.,100.));
#9866=CARTESIAN_POINT('',(192.616198695748,-50.,100.));
#9867=CARTESIAN_POINT('',(193.057899741952,-48.2984244698131,100.));
#9868=CARTESIAN_POINT('',(193.665637366666,-45.8127892320686,100.262181101743));
#9869=CARTESIAN_POINT('',(194.276286817303,-43.1190479828635,100.942898171833));
#9870=CARTESIAN_POINT('',(194.599925281223,-41.6327450332408,101.43273533048));
#9871=CARTESIAN_POINT('',(194.822291481866,-40.5835423615276,101.831212985874));
#9872=CARTESIAN_POINT('',(195.055838430128,-39.4485600825784,102.324481986512));
#9873=CARTESIAN_POINT('',(195.344718103816,-38.0015315734843,103.04167162737));
#9874=CARTESIAN_POINT('',(195.680629618639,-36.2437600943569,104.076544196099));
#9875=CARTESIAN_POINT('',(195.979330626071,-34.5880291491634,105.286495884877));
#9876=CARTESIAN_POINT('',(196.194860601027,-33.3431914340301,106.343062354077));
#9877=CARTESIAN_POINT('',(196.349461996729,-32.4229420010146,107.208885995935));
#9878=CARTESIAN_POINT('',(196.477519894706,-31.6390900842331,108.020437880066));
#9879=CARTESIAN_POINT('',(196.643213303723,-30.6002539931758,109.196682493918));
#9880=CARTESIAN_POINT('',(196.900472617237,-28.923531559112,111.391594163634));
#9881=CARTESIAN_POINT('',(197.184454637795,-26.9297354927801,114.949726756555));
#9882=CARTESIAN_POINT('',(197.388468702855,-25.3746574748123,119.76652102429));
#9883=CARTESIAN_POINT('',(197.433868076999,-25.,123.236294303718));
#9884=CARTESIAN_POINT('',(197.433868076999,-25.,125.));
#9885=CARTESIAN_POINT('',(-147.90199457749,50.,125.));
#9886=CARTESIAN_POINT('',(-192.616198695748,50.,100.));
#9887=CARTESIAN_POINT('',(-193.057899741699,48.2984244708059,100.));
#9888=CARTESIAN_POINT('',(-193.665637366212,45.8127892338444,100.262181101419));
#9889=CARTESIAN_POINT('',(-194.276286816987,43.1190479840384,100.942898171493));
#9890=CARTESIAN_POINT('',(-194.599925281021,41.6327450340119,101.432735330186));
#9891=CARTESIAN_POINT('',(-194.822291481965,40.5835423610538,101.831212986071));
#9892=CARTESIAN_POINT('',(-195.055838429936,39.4485600837026,102.324481986017));
#9893=CARTESIAN_POINT('',(-195.344718103519,38.0015315752249,103.041671626434));
#9894=CARTESIAN_POINT('',(-195.680629618242,36.2437600965385,104.076544194666));
#9895=CARTESIAN_POINT('',(-195.979330625766,34.5880291507237,105.286495883638));
#9896=CARTESIAN_POINT('',(-196.194860600848,33.343191434909,106.343062353261));
#9897=CARTESIAN_POINT('',(-196.349461996776,32.4229420007226,107.208885996213));
#9898=CARTESIAN_POINT('',(-196.477519894694,31.639090084522,108.020437879771));
#9899=CARTESIAN_POINT('',(-196.64321330373,30.6002539935491,109.196682493461));
#9900=CARTESIAN_POINT('',(-196.900472617232,28.9235315597721,111.391594162678));
#9901=CARTESIAN_POINT('',(-197.184454637796,26.929735493325,114.94972675529));
#9902=CARTESIAN_POINT('',(-197.388468702855,25.3746574749954,119.76652102323));
#9903=CARTESIAN_POINT('',(-197.433868076999,25.,123.236294303293));
#9904=CARTESIAN_POINT('',(-197.433868076999,25.,125.));
#9905=CARTESIAN_POINT('',(-197.433868076999,25.,125.));
#9906=CARTESIAN_POINT('',(-198.431348329844,25.,125.));
#9907=CARTESIAN_POINT('',(-148.905375155875,25.,125.));
#9908=CARTESIAN_POINT('',(-148.905375155875,25.,125.));
#9909=CARTESIAN_POINT('',(-148.905375155875,25.,123.22615744336));
#9910=CARTESIAN_POINT('',(-148.844539446077,25.3789877797585,119.736821209261));
#9911=CARTESIAN_POINT('',(-148.571155591867,26.9511443242165,114.896351382584));
#9912=CARTESIAN_POINT('',(-148.190618372402,28.965466628852,111.325214807086));
#9913=CARTESIAN_POINT('',(-147.845879256688,30.6584366386823,109.125189214902));
#9914=CARTESIAN_POINT('',(-147.62385815082,31.7069177297662,107.947257398263));
#9915=CARTESIAN_POINT('',(-147.452224141302,32.4980798297119,107.134838733685));
#9916=CARTESIAN_POINT('',(-147.245183446448,33.4259001370016,106.2694454154));
#9917=CARTESIAN_POINT('',(-146.956755886318,34.6794696262322,105.215179555254));
#9918=CARTESIAN_POINT('',(-146.557348778158,36.3440010387406,104.010919992646));
#9919=CARTESIAN_POINT('',(-146.108709803624,38.1063124613086,102.984767930063));
#9920=CARTESIAN_POINT('',(-145.722901930679,39.5550352779366,102.2753166364));
#9921=CARTESIAN_POINT('',(-145.411661751487,40.6878642423227,101.789101431512));
#9922=CARTESIAN_POINT('',(-145.113331367382,41.7411558530056,101.394521789386));
#9923=CARTESIAN_POINT('',(-144.68136251305,43.2238728346085,100.91340696243));
#9924=CARTESIAN_POINT('',(-143.868641963971,45.8980140157501,100.249819896798));
#9925=CARTESIAN_POINT('',(-143.064414072685,48.3391312419804,100.));
#9926=CARTESIAN_POINT('',(-142.481577756565,50.,100.));
#9927=CARTESIAN_POINT('',(-198.431348329844,-50.,125.));
#9928=CARTESIAN_POINT('',(-142.481577756383,-50.0000000005174,100.));
#9929=CARTESIAN_POINT('',(-143.064342006324,-48.339336604471,99.9999999999657));
#9930=CARTESIAN_POINT('',(-143.868506714395,-45.8984047096368,100.249754857968));
#9931=CARTESIAN_POINT('',(-144.681246562357,-43.2242124063961,100.913311693834));
#9932=CARTESIAN_POINT('',(-145.113236551615,-41.7414529768923,101.394414763712));
#9933=CARTESIAN_POINT('',(-145.411633127535,-40.6879665079867,101.789061597924));
#9934=CARTESIAN_POINT('',(-145.722804573652,-39.5554284860831,102.275141009244));
#9935=CARTESIAN_POINT('',(-146.108588420131,-38.1068178190145,102.984497729616));
#9936=CARTESIAN_POINT('',(-146.557208839293,-36.3445687216601,104.010549669003));
#9937=CARTESIAN_POINT('',(-146.956648256946,-34.6798871835575,105.214851804746));
#9938=CARTESIAN_POINT('',(-147.245115445024,-33.4261615728182,106.269207237388));
#9939=CARTESIAN_POINT('',(-147.452222779512,-32.4980855999918,107.134830735637));
#9940=CARTESIAN_POINT('',(-147.623841382894,-31.7070430530584,107.947126783374));
#9941=CARTESIAN_POINT('',(-147.845870368183,-30.658573017639,109.125023067863));
#9942=CARTESIAN_POINT('',(-148.190609546385,-28.9656515264247,111.324943523672));
#9943=CARTESIAN_POINT('',(-148.571152646205,-26.9512853451812,114.896022719845));
#9944=CARTESIAN_POINT('',(-148.844538676686,-25.3790325115914,119.736559402927));
#9945=CARTESIAN_POINT('',(-148.905375155875,-25.,123.226054073827));
#9946=CARTESIAN_POINT('',(-148.905375155875,-25.,125.));
#9947=CARTESIAN_POINT('',(-197.433868076999,-25.,125.));
#9948=CARTESIAN_POINT('',(-197.433868076999,-25.,123.236331348511));
#9949=CARTESIAN_POINT('',(-197.388465893988,-25.3746410988703,119.766588486276));
#9950=CARTESIAN_POINT('',(-197.184438000575,-26.9297357832111,114.949704927616));
#9951=CARTESIAN_POINT('',(-196.900439414977,-28.9236207567713,111.391430997887));
#9952=CARTESIAN_POINT('',(-196.643160139767,-30.6005021526199,109.196376265182));
#9953=CARTESIAN_POINT('',(-196.477461252897,-31.6394068096841,108.020090144989));
#9954=CARTESIAN_POINT('',(-196.349378887578,-32.4234444593329,107.208391965694));
#9955=CARTESIAN_POINT('',(-196.19482818739,-33.3434200406288,106.342866393933));
#9956=CARTESIAN_POINT('',(-195.979324715309,-34.5881021905758,105.286444214696));
#9957=CARTESIAN_POINT('',(-195.680646538265,-36.2436669920751,104.076608884317));
#9958=CARTESIAN_POINT('',(-195.344719835948,-38.0014840081079,103.04169614754));
#9959=CARTESIAN_POINT('',(-195.055823034036,-39.4486025960572,102.324457362395));
#9960=CARTESIAN_POINT('',(-194.822222640241,-40.583872016092,101.83107847875));
#9961=CARTESIAN_POINT('',(-194.599915650783,-41.6328225387388,101.432712001151));
#9962=CARTESIAN_POINT('',(-194.276303560006,-43.1190210418519,100.942907625308));
#9963=CARTESIAN_POINT('',(-193.665692372494,-45.8125867105638,100.262224606714));
#9964=CARTESIAN_POINT('',(-193.057933462433,-48.2982945680163,99.9999999999944));
#9965=CARTESIAN_POINT('',(-192.616198695727,-50.000000000082,100.));
#9966=CARTESIAN_POINT('',(97.9019945774903,-68.4449152011757,375.));
#9967=CARTESIAN_POINT('',(97.9019945774903,-24.,375.));
#9968=CARTESIAN_POINT('',(97.9019945774903,-24.,363.));
#9969=CARTESIAN_POINT('',(97.9019945774903,24.,375.));
#9970=CARTESIAN_POINT('',(97.9019945774903,24.,387.));
#9971=CARTESIAN_POINT('',(97.9019945774903,-24.,375.));
#9972=CARTESIAN_POINT('',(97.9019945774903,25.,375.));
#9973=CARTESIAN_POINT('',(198.553904229394,-24.007230478853,125.));
#9974=CARTESIAN_POINT('',(198.553904229321,-24.0072304794553,121.539406508969));
#9975=CARTESIAN_POINT('',(198.472599658664,-24.7075709952533,118.081439232692));
#9976=CARTESIAN_POINT('',(198.119521850304,-27.3951079859248,111.71079897702));
#9977=CARTESIAN_POINT('',(197.846007396476,-29.3795733349331,108.805526067489));
#9978=CARTESIAN_POINT('',(197.053116752367,-34.2968096219904,104.000982655086));
#9979=CARTESIAN_POINT('',(196.531621933803,-37.2249761434445,102.105803160546));
#9980=CARTESIAN_POINT('',(195.230829563071,-43.5350486037004,99.5891025009882));
#9981=CARTESIAN_POINT('',(194.451068115827,-46.9114885440283,98.9678086858789));
#9982=CARTESIAN_POINT('',(193.584119292209,-50.251256281407,99.));
#9983=CARTESIAN_POINT('',(197.433868076999,-25.,125.));
#9984=CARTESIAN_POINT('',(197.433868076907,-25.,121.68873276343));
#9985=CARTESIAN_POINT('',(197.352397578628,-25.6668031701185,118.380398303427));
#9986=CARTESIAN_POINT('',(197.002362761706,-28.2229744908721,112.284467979757));
#9987=CARTESIAN_POINT('',(196.732279706129,-30.1092129534852,109.50403429017));
#9988=CARTESIAN_POINT('',(195.957796454754,-34.7821368872887,104.895647115791));
#9989=CARTESIAN_POINT('',(195.451567095538,-37.564444842724,103.070937303415));
#9990=CARTESIAN_POINT('',(194.196742784067,-43.5740466779192,100.623085783413));
#9991=CARTESIAN_POINT('',(193.44769291073,-46.7968149003379,100.));
#9992=CARTESIAN_POINT('',(192.616198695748,-50.,100.));
#9993=CARTESIAN_POINT('',(193.584119292209,-50.251256281407,99.));
#9994=CARTESIAN_POINT('',(193.261479093334,-50.1675041875904,99.3333333333334));
#9995=CARTESIAN_POINT('',(192.938838894459,-50.0837520937739,99.6666666666667));
#9996=CARTESIAN_POINT('',(192.616198695584,-49.9999999999573,100.));
#9997=CARTESIAN_POINT('',(193.584119292209,-50.251256281407,99.));
#9998=CARTESIAN_POINT('',(198.553904229394,-24.007230478853,125.));
#9999=CARTESIAN_POINT('',(198.553904229357,-24.0072304791582,123.246206907247));
#10000=CARTESIAN_POINT('',(198.523284791476,-24.2635597535074,120.66646487205));
#10001=CARTESIAN_POINT('',(198.41747710767,-25.1138387531219,117.337176655422));
#10002=CARTESIAN_POINT('',(198.30200835702,-26.0127306338749,114.878449163228));
#10003=CARTESIAN_POINT('',(198.150853991153,-27.1432756549129,112.525741320804));
#10004=CARTESIAN_POINT('',(197.963063565878,-28.4838405305976,110.330429647555));
#10005=CARTESIAN_POINT('',(197.734339608353,-30.0346432497533,108.283229261025));
#10006=CARTESIAN_POINT('',(197.456726307935,-31.8123853877567,106.369903171636));
#10007=CARTESIAN_POINT('',(197.136127606434,-33.7449640699906,104.656684220155));
#10008=CARTESIAN_POINT('',(196.771385836085,-35.8130971056149,103.160912502722));
#10009=CARTESIAN_POINT('',(196.358971029735,-38.0127583881457,101.8807589225));
#10010=CARTESIAN_POINT('',(195.730579421265,-41.1600608717053,100.448013386762));
#10011=CARTESIAN_POINT('',(194.848316286498,-45.1958458175107,99.2758773681543));
#10012=CARTESIAN_POINT('',(194.026392787112,-48.5474754939662,98.9835776177163));
#10013=CARTESIAN_POINT('',(193.584119292209,-50.251256281407,99.));
#10014=CARTESIAN_POINT('',(0.,0.,100.));
#10015=CARTESIAN_POINT('',(-192.616198695727,-50.0000000000837,99.9999999998305));
#10016=CARTESIAN_POINT('',(-192.938838894547,-50.0837520938862,99.6666666665537));
#10017=CARTESIAN_POINT('',(-193.261479093367,-50.1675041876886,99.3333333332769));
#10018=CARTESIAN_POINT('',(-193.584119292188,-50.2512562814911,99.));
#10019=CARTESIAN_POINT('',(-193.584119292187,-50.2512562814926,99.));
#10020=CARTESIAN_POINT('',(0.,0.,99.));
#10021=CARTESIAN_POINT('',(-193.584119292187,-50.2512562814926,99.0000000000009));
#10022=CARTESIAN_POINT('',(-194.451393420935,-46.9102353633682,98.9677966067732));
#10023=CARTESIAN_POINT('',(-195.230914627254,-43.534615458692,99.5893133728247));
#10024=CARTESIAN_POINT('',(-196.531433070491,-37.225912810699,102.105391467629));
#10025=CARTESIAN_POINT('',(-197.053009290734,-34.2974405512726,104.000481947635));
#10026=CARTESIAN_POINT('',(-197.845970338937,-29.379838657603,108.805151084323));
#10027=CARTESIAN_POINT('',(-198.119591997119,-27.3945757522263,111.712031993756));
#10028=CARTESIAN_POINT('',(-198.472538056492,-24.7080381892956,118.080360389132));
#10029=CARTESIAN_POINT('',(-198.553904229377,-24.0072304789897,121.541455931343));
#10030=CARTESIAN_POINT('',(-198.553904229394,-24.007230478853,125.));
#10031=CARTESIAN_POINT('',(-192.616198695727,-50.000000000082,100.));
#10032=CARTESIAN_POINT('',(-193.448004369729,-46.7956150601576,99.9999999999895));
#10033=CARTESIAN_POINT('',(-194.196824997222,-43.57363452158,100.623289938298));
#10034=CARTESIAN_POINT('',(-195.451384751373,-37.565336544808,103.070537821218));
#10035=CARTESIAN_POINT('',(-195.957691840717,-34.7827364884838,104.89516607418));
#10036=CARTESIAN_POINT('',(-196.732243156149,-30.1094650740644,109.503675393053));
#10037=CARTESIAN_POINT('',(-197.002432286072,-28.2224682852965,112.285647839008));
#10038=CARTESIAN_POINT('',(-197.352336525264,-25.6672475151485,118.379365969214));
#10039=CARTESIAN_POINT('',(-197.433868076999,-25.,121.690693735148));
#10040=CARTESIAN_POINT('',(-197.433868076999,-25.,125.));
#10041=CARTESIAN_POINT('',(-198.553904229394,-24.007230478853,125.));
#10042=CARTESIAN_POINT('',(-198.180558845262,-24.3381536525687,125.));
#10043=CARTESIAN_POINT('',(-197.807213461131,-24.6690768262844,125.));
#10044=CARTESIAN_POINT('',(-197.433868076999,-25.,125.));
#10045=CARTESIAN_POINT('',(-198.553904229394,-24.007230478853,125.));
#10046=CARTESIAN_POINT('',(-193.584119292187,-50.2512562814925,99.0000000000009));
#10047=CARTESIAN_POINT('',(-194.026336983292,-48.5476904683648,98.9835796898281));
#10048=CARTESIAN_POINT('',(-194.848175749995,-45.1964685484598,99.2758114861946));
#10049=CARTESIAN_POINT('',(-195.730586309162,-41.1600152335341,100.448081999671));
#10050=CARTESIAN_POINT('',(-196.358831040127,-38.013471274033,101.880347364034));
#10051=CARTESIAN_POINT('',(-196.771238082534,-35.8139085212764,103.160390602205));
#10052=CARTESIAN_POINT('',(-197.135989051782,-33.7457800509406,104.656087347915));
#10053=CARTESIAN_POINT('',(-197.456673851173,-31.8127142160155,106.369580692492));
#10054=CARTESIAN_POINT('',(-197.734254432538,-30.0352007116236,108.28248897799));
#10055=CARTESIAN_POINT('',(-197.963001028252,-28.4842780372526,110.329777859155));
#10056=CARTESIAN_POINT('',(-198.150811965795,-27.143587432513,112.525232180373));
#10057=CARTESIAN_POINT('',(-198.302025578001,-26.0126019455806,114.878746909355));
#10058=CARTESIAN_POINT('',(-198.417475883035,-25.1138466097297,117.336957330871));
#10059=CARTESIAN_POINT('',(-198.523287335755,-24.2635403906135,120.666236367193));
#10060=CARTESIAN_POINT('',(-198.553904229385,-24.0072304789223,123.246048991826));
#10061=CARTESIAN_POINT('',(-198.553904229394,-24.007230478853,125.));
#10062=CARTESIAN_POINT('',(198.431348329844,50.,125.));
#10063=CARTESIAN_POINT('',(197.433868076999,25.,125.));
#10064=CARTESIAN_POINT('',(197.433868076999,25.,123.236331348103));
#10065=CARTESIAN_POINT('',(197.388465893988,25.3746410990436,119.766588485262));
#10066=CARTESIAN_POINT('',(197.184438000576,26.9297357837419,114.949704926395));
#10067=CARTESIAN_POINT('',(196.900439414976,28.9236207573809,111.391430996992));
#10068=CARTESIAN_POINT('',(196.643160139769,30.6005021530104,109.196376264714));
#10069=CARTESIAN_POINT('',(196.477461252894,31.6394068099037,108.02009014476));
#10070=CARTESIAN_POINT('',(196.349378887589,32.4234444592715,107.208391965758));
#10071=CARTESIAN_POINT('',(196.19482818735,33.3434200406521,106.34286639391));
#10072=CARTESIAN_POINT('',(195.979324715241,34.5881021905834,105.286444214693));
#10073=CARTESIAN_POINT('',(195.68064653818,36.243666992088,104.076608884304));
#10074=CARTESIAN_POINT('',(195.344719835872,38.0014840081565,103.041696147519));
#10075=CARTESIAN_POINT('',(195.05582303401,39.4486025960114,102.324457362412));
#10076=CARTESIAN_POINT('',(194.822222640199,40.5838720163006,101.831078478672));
#10077=CARTESIAN_POINT('',(194.59991565098,41.6328225379437,101.432712001449));
#10078=CARTESIAN_POINT('',(194.276303560348,43.1190210404548,100.94290762572));
#10079=CARTESIAN_POINT('',(193.665692372966,45.8125867085503,100.262224607072));
#10080=CARTESIAN_POINT('',(193.057933462699,48.2982945668282,100.));
#10081=CARTESIAN_POINT('',(192.616198695727,50.,100.));
#10082=CARTESIAN_POINT('',(142.481577756383,50.,100.));
#10083=CARTESIAN_POINT('',(143.064342005981,48.339336605107,100.));
#10084=CARTESIAN_POINT('',(143.868506713777,45.8984047112496,100.249754857685));
#10085=CARTESIAN_POINT('',(144.681246561929,43.224212407516,100.913311693517));
#10086=CARTESIAN_POINT('',(145.113236551339,41.7414529776615,101.394414763422));
#10087=CARTESIAN_POINT('',(145.411633127677,40.6879665074778,101.789061598134));
#10088=CARTESIAN_POINT('',(145.722804573361,39.5554284873492,102.275141008693));
#10089=CARTESIAN_POINT('',(146.108588419675,38.1068178209912,102.984497728565));
#10090=CARTESIAN_POINT('',(146.557208838687,36.3445687241327,104.010549667396));
#10091=CARTESIAN_POINT('',(146.956648256481,34.6798871853272,105.214851803354));
#10092=CARTESIAN_POINT('',(147.24511544475,33.4261615738168,106.269207236468));
#10093=CARTESIAN_POINT('',(147.452222779585,32.4980855996561,107.134830735954));
#10094=CARTESIAN_POINT('',(147.623841382875,31.7070430534024,107.947126783027));
#10095=CARTESIAN_POINT('',(147.845870368194,30.6585730180912,109.125023067314));
#10096=CARTESIAN_POINT('',(148.190609546377,28.9656515272186,111.32494352253));
#10097=CARTESIAN_POINT('',(148.571152646208,26.951285345839,114.896022718329));
#10098=CARTESIAN_POINT('',(148.844538676685,25.3790325118121,119.736559401656));
#10099=CARTESIAN_POINT('',(148.905375155875,25.,123.226054073318));
#10100=CARTESIAN_POINT('',(148.905375155875,25.,125.));
#10101=CARTESIAN_POINT('',(147.90199457749,-25.,351.));
#10102=CARTESIAN_POINT('',(97.9019945774903,-48.9999999999987,375.));
#10103=CARTESIAN_POINT('',(137.927517196533,-24.,350.));
#10104=CARTESIAN_POINT('',(137.927517196533,-24.3333333333333,350.333333333333));
#10105=CARTESIAN_POINT('',(137.927517196533,-24.6666666666667,350.666666666667));
#10106=CARTESIAN_POINT('',(137.927517196533,-25.,351.));
#10107=CARTESIAN_POINT('',(137.927517196533,-25.0061335729118,351.006133572912));
#10108=CARTESIAN_POINT('',(140.795701935633,-25.0061335729115,350.961731661623));
#10109=CARTESIAN_POINT('',(143.633181117493,-25.0061136647001,349.781895678307));
#10110=CARTESIAN_POINT('',(146.689947466197,-25.0060828339343,346.744841790147));
#10111=CARTESIAN_POINT('',(147.509815241393,-25.0060727897696,345.531523537743));
#10112=CARTESIAN_POINT('',(148.621514630841,-25.006058558345,342.875158900803));
#10113=CARTESIAN_POINT('',(148.910526829358,-25.006054468677,341.439716932945));
#10114=CARTESIAN_POINT('',(148.910526829759,-25.0060544686773,340.));
#10115=CARTESIAN_POINT('',(137.927517196533,-25.,351.));
#10116=CARTESIAN_POINT('',(140.794141584315,-25.,350.955868770823));
#10117=CARTESIAN_POINT('',(143.630289915691,-25.,349.776883578967));
#10118=CARTESIAN_POINT('',(146.685711951199,-25.,346.741510792257));
#10119=CARTESIAN_POINT('',(147.505237127526,-25.,345.528819924566));
#10120=CARTESIAN_POINT('',(148.61647816753,-25.,342.873776216418));
#10121=CARTESIAN_POINT('',(148.905375155476,-25.,341.439025015137));
#10122=CARTESIAN_POINT('',(148.905375155875,-25.,340.));
#10123=CARTESIAN_POINT('',(137.927517196533,-24.,350.));
#10124=CARTESIAN_POINT('',(140.539746415216,-24.0000000000543,350.));
#10125=CARTESIAN_POINT('',(143.158916730188,-24.0032457772981,348.959725388742));
#10126=CARTESIAN_POINT('',(145.995165827452,-24.0082723362475,346.198434523647));
#10127=CARTESIAN_POINT('',(146.758834674562,-24.0099099078239,345.088030646275));
#10128=CARTESIAN_POINT('',(147.795347745809,-24.0122301581568,342.648347350579));
#10129=CARTESIAN_POINT('',(148.065461135372,-24.0128969258092,341.326216735444));
#10130=CARTESIAN_POINT('',(148.06546113538,-24.0128969257641,340.));
#10131=CARTESIAN_POINT('',(141.537991148905,-49.6688741721854,99.));
#10132=CARTESIAN_POINT('',(142.67095976213,-46.4403310609665,99.0415668694245));
#10133=CARTESIAN_POINT('',(143.689299376655,-43.1689703460477,99.6952448147815));
#10134=CARTESIAN_POINT('',(145.394571317668,-37.0215260010118,102.234508960057));
#10135=CARTESIAN_POINT('',(146.081040932066,-34.1532637477324,104.120520572479));
#10136=CARTESIAN_POINT('',(147.127507840374,-29.3191470049667,108.899548023552));
#10137=CARTESIAN_POINT('',(147.489748976225,-27.3603690091226,111.78722105773));
#10138=CARTESIAN_POINT('',(147.957491826767,-24.706202818674,118.119905061194));
#10139=CARTESIAN_POINT('',(148.065461135378,-24.0128969257769,121.559879562958));
#10140=CARTESIAN_POINT('',(148.06546113538,-24.0128969257641,125.));
#10141=CARTESIAN_POINT('',(142.481577756565,-50.,100.));
#10142=CARTESIAN_POINT('',(143.58289038408,-46.861664783943,100.));
#10143=CARTESIAN_POINT('',(144.577531990529,-43.6726507414666,100.599063868056));
#10144=CARTESIAN_POINT('',(146.250094777474,-37.6765652919445,103.009684182555));
#10145=CARTESIAN_POINT('',(146.927555445102,-34.8775428974199,104.82138346916));
#10146=CARTESIAN_POINT('',(147.965090609058,-30.1641694977853,109.430635780307));
#10147=CARTESIAN_POINT('',(148.327245632773,-28.2565593099517,112.222464456201));
#10148=CARTESIAN_POINT('',(148.796242710773,-25.6737028667423,118.346136806399));
#10149=CARTESIAN_POINT('',(148.905375156241,-25.,121.673214127862));
#10150=CARTESIAN_POINT('',(148.905375155875,-25.,125.));
#10151=CARTESIAN_POINT('',(142.481577755801,-49.9999999997321,100.));
#10152=CARTESIAN_POINT('',(142.167048886836,-49.8896247238832,99.6666666666667));
#10153=CARTESIAN_POINT('',(141.852520017871,-49.7792494480343,99.3333333333334));
#10154=CARTESIAN_POINT('',(141.537991148905,-49.6688741721854,99.));
#10155=CARTESIAN_POINT('',(0.,0.,99.));
#10156=CARTESIAN_POINT('',(-141.537991148715,-49.6688741727062,98.9999999999932));
#10157=CARTESIAN_POINT('',(-141.852520017682,-49.779249448557,99.3333333333288));
#10158=CARTESIAN_POINT('',(-142.167048886649,-49.8896247244078,99.6666666666644));
#10159=CARTESIAN_POINT('',(-142.481577755616,-50.0000000002586,100.));
#10160=CARTESIAN_POINT('',(-148.06546113538,-24.0128969257641,125.));
#10161=CARTESIAN_POINT('',(-148.065461135344,-24.0128969259853,121.559279730046));
#10162=CARTESIAN_POINT('',(-147.957541290731,-24.7059219579693,118.120578234205));
#10163=CARTESIAN_POINT('',(-147.489700730679,-27.3606429560154,111.786564380675));
#10164=CARTESIAN_POINT('',(-147.127456147483,-29.3193913835607,108.89928833945));
#10165=CARTESIAN_POINT('',(-146.081062293905,-34.1531594821973,104.120641740766));
#10166=CARTESIAN_POINT('',(-145.394364605953,-37.022286695416,102.234166626248));
#10167=CARTESIAN_POINT('',(-143.689401866391,-43.1685853672,99.6954319571944));
#10168=CARTESIAN_POINT('',(-142.671218302702,-46.439594315633,99.0415763547431));
#10169=CARTESIAN_POINT('',(-141.537991148719,-49.6688741727177,98.9999999999932));
#10170=CARTESIAN_POINT('',(-148.905375155875,-25.,125.));
#10171=CARTESIAN_POINT('',(-148.905375155875,-25.,121.67263408136));
#10172=CARTESIAN_POINT('',(-148.796292309394,-25.6734295539308,118.346787762698));
#10173=CARTESIAN_POINT('',(-148.327197255837,-28.2568258947056,112.221829451404));
#10174=CARTESIAN_POINT('',(-147.965039298771,-30.1644077363093,109.430385187256));
#10175=CARTESIAN_POINT('',(-146.927576683217,-34.8774412723053,104.82150046718));
#10176=CARTESIAN_POINT('',(-146.249891864981,-37.6773073328614,103.009358353484));
#10177=CARTESIAN_POINT('',(-144.577632680155,-43.6722751654459,100.599242368066));
#10178=CARTESIAN_POINT('',(-143.583141903995,-46.8609480450786,99.9999999999351));
#10179=CARTESIAN_POINT('',(-142.481577756383,-50.0000000005174,100.));
#10180=CARTESIAN_POINT('',(-148.905375155875,-25.,125.));
#10181=CARTESIAN_POINT('',(-148.62540381571,-24.6709656419209,125.));
#10182=CARTESIAN_POINT('',(-148.345432475545,-24.3419312838418,125.));
#10183=CARTESIAN_POINT('',(-148.06546113538,-24.0128969257627,125.));
#10184=CARTESIAN_POINT('',(-141.537991148905,49.6688741721854,99.));
#10185=CARTESIAN_POINT('',(-142.670959762136,46.4403310609509,99.0415668694147));
#10186=CARTESIAN_POINT('',(-143.689299376649,43.1689703460689,99.6952448148045));
#10187=CARTESIAN_POINT('',(-145.394571317674,37.0215260009904,102.234508960034));
#10188=CARTESIAN_POINT('',(-146.081040932,34.1532637480377,104.120520572319));
#10189=CARTESIAN_POINT('',(-147.12750784044,29.3191470046615,108.899548023712));
#10190=CARTESIAN_POINT('',(-147.489748976263,27.3603690089056,111.787221057799));
#10191=CARTESIAN_POINT('',(-147.957491826728,24.7062028188909,118.119905061126));
#10192=CARTESIAN_POINT('',(-148.065461135359,24.0128969258887,121.55987956301));
#10193=CARTESIAN_POINT('',(-148.06546113538,24.0128969257641,125.));
#10194=CARTESIAN_POINT('',(-148.065461135487,24.0128969251049,143.210365873059));
#10195=CARTESIAN_POINT('',(-148.065461135594,24.0128969244457,161.420731746117));
#10196=CARTESIAN_POINT('',(-148.065461135701,24.0128969237864,179.631097619176));
#10197=CARTESIAN_POINT('',(-142.481577756565,50.,100.));
#10198=CARTESIAN_POINT('',(-143.582890384191,46.8616647840132,100.));
#10199=CARTESIAN_POINT('',(-144.57753199062,43.6726507414567,100.59906386806));
#10200=CARTESIAN_POINT('',(-146.250094777382,37.6765652919544,103.009684182551));
#10201=CARTESIAN_POINT('',(-146.927555445056,34.8775428975763,104.821383469007));
#10202=CARTESIAN_POINT('',(-147.965090609103,30.1641694976288,109.43063578046));
#10203=CARTESIAN_POINT('',(-148.327245632727,28.2565593099509,112.222464456203));
#10204=CARTESIAN_POINT('',(-148.796242710818,25.6737028667432,118.346136806397));
#10205=CARTESIAN_POINT('',(-148.905375156287,25.,121.673214127863));
#10206=CARTESIAN_POINT('',(-148.905375155875,25.,125.));
#10207=CARTESIAN_POINT('',(-148.90537515369,25.,142.610426443656));
#10208=CARTESIAN_POINT('',(-148.905375151505,25.,160.220852887313));
#10209=CARTESIAN_POINT('',(-148.905375149321,25.,177.831279330969));
#10210=CARTESIAN_POINT('',(-148.905375155875,25.,400.));
#10211=CARTESIAN_POINT('',(-148.905375149531,25.,176.134726080527));
#10212=CARTESIAN_POINT('',(-148.065461135688,24.0128969239022,176.604762858186));
#10213=CARTESIAN_POINT('',(-148.344690838712,24.3410596812626,176.444950438348));
#10214=CARTESIAN_POINT('',(-148.624675534395,24.6701097385439,176.288283581399));
#10215=CARTESIAN_POINT('',(-148.90537514953,25.,176.134726080531));
#10216=CARTESIAN_POINT('',(-142.481577755801,49.999999999732,100.));
#10217=CARTESIAN_POINT('',(-142.167048886836,49.8896247238832,99.6666666666667));
#10218=CARTESIAN_POINT('',(-141.852520017871,49.7792494480343,99.3333333333334));
#10219=CARTESIAN_POINT('',(-141.537991148905,49.6688741721854,99.));
#10220=CARTESIAN_POINT('',(0.,0.,99.));
#10221=CARTESIAN_POINT('',(141.537991148715,49.6688741727062,98.9999999999932));
#10222=CARTESIAN_POINT('',(141.852520017682,49.7792494485569,99.3333333333288));
#10223=CARTESIAN_POINT('',(142.167048886649,49.8896247244078,99.6666666666644));
#10224=CARTESIAN_POINT('',(142.481577755616,50.0000000002585,100.));
#10225=CARTESIAN_POINT('',(147.225547117258,23.0257938500696,180.20237551134));
#10226=CARTESIAN_POINT('',(147.225547117078,23.0257938501802,176.017882159298));
#10227=CARTESIAN_POINT('',(147.225547116898,23.0257938502908,171.833388807255));
#10228=CARTESIAN_POINT('',(147.225547116718,23.0257938504013,167.648895455212));
#10229=CARTESIAN_POINT('',(147.225547116107,23.025793850777,153.432596970141));
#10230=CARTESIAN_POINT('',(147.225547115496,23.0257938511526,139.216298485071));
#10231=CARTESIAN_POINT('',(147.225547114885,23.0257938515283,125.));
#10232=CARTESIAN_POINT('',(147.225547114732,23.0257938516222,121.445925378732));
#10233=CARTESIAN_POINT('',(147.118790272101,23.7384143620476,117.89436870571));
#10234=CARTESIAN_POINT('',(146.652204205489,26.4644600172854,111.351299309947));
#10235=CARTESIAN_POINT('',(146.289872996182,28.474375030714,108.368191491685));
#10236=CARTESIAN_POINT('',(145.234547904605,33.4288776921875,103.419783014311));
#10237=CARTESIAN_POINT('',(144.538837346902,36.367266058046,101.458974898969));
#10238=CARTESIAN_POINT('',(142.801171052651,42.6648955688787,98.7916215463648));
#10239=CARTESIAN_POINT('',(141.759294701286,46.0182405862058,98.0831527094276));
#10240=CARTESIAN_POINT('',(140.594404541054,49.3377483449179,97.9999999999863));
#10241=CARTESIAN_POINT('',(135.934843900125,62.6157793797665,97.6673891622211));
#10242=CARTESIAN_POINT('',(131.275283259197,75.893810414615,97.334778324456));
#10243=CARTESIAN_POINT('',(126.615722618268,89.1718414494635,97.0021674866909));
#10244=CARTESIAN_POINT('',(148.065461135498,24.0128969250348,178.44174014609));
#10245=CARTESIAN_POINT('',(148.065461135489,24.0128969250901,174.39070784374));
#10246=CARTESIAN_POINT('',(148.06546113548,24.0128969251454,170.339675541389));
#10247=CARTESIAN_POINT('',(148.065461135471,24.0128969252007,166.288643239039));
#10248=CARTESIAN_POINT('',(148.06546113544,24.0128969253885,152.525762159359));
#10249=CARTESIAN_POINT('',(148.06546113541,24.0128969255763,138.76288107968));
#10250=CARTESIAN_POINT('',(148.06546113538,24.0128969257641,125.));
#10251=CARTESIAN_POINT('',(148.065461135372,24.0128969258111,121.55927973008));
#10252=CARTESIAN_POINT('',(147.957541290725,24.7059219580082,118.120578234159));
#10253=CARTESIAN_POINT('',(147.489700730686,27.3606429559764,111.786564380721));
#10254=CARTESIAN_POINT('',(147.1274561475,29.3193913834855,108.899288339496));
#10255=CARTESIAN_POINT('',(146.081062293888,34.1531594822725,104.12064174072));
#10256=CARTESIAN_POINT('',(145.394364605942,37.0222866954586,102.234166626225));
#10257=CARTESIAN_POINT('',(143.689401866403,43.1685853671573,99.6954319572173));
#10258=CARTESIAN_POINT('',(142.671218302691,46.4395943156637,99.0415763546813));
#10259=CARTESIAN_POINT('',(141.537991148719,49.6688741727176,98.9999999999932));
#10260=CARTESIAN_POINT('',(137.005082532827,62.5859936009334,98.8336945812405));
#10261=CARTESIAN_POINT('',(132.472173916935,75.5031130291491,98.6673891624878));
#10262=CARTESIAN_POINT('',(127.939265301044,88.4202324573649,98.5010837437351));
#10263=CARTESIAN_POINT('',(148.905375153738,25.,176.68110478084));
#10264=CARTESIAN_POINT('',(148.9053751539,25.,172.763533528182));
#10265=CARTESIAN_POINT('',(148.905375154062,25.,168.845962275524));
#10266=CARTESIAN_POINT('',(148.905375154224,25.,164.928391022866));
#10267=CARTESIAN_POINT('',(148.905375154774,25.,151.618927348577));
#10268=CARTESIAN_POINT('',(148.905375155324,25.,138.309463674289));
#10269=CARTESIAN_POINT('',(148.905375155875,25.,125.));
#10270=CARTESIAN_POINT('',(148.905375156012,25.,121.672634081428));
#10271=CARTESIAN_POINT('',(148.796292309348,25.6734295539689,118.346787762608));
#10272=CARTESIAN_POINT('',(148.327197255883,28.2568258946675,112.221829451494));
#10273=CARTESIAN_POINT('',(147.965039298817,30.164407736257,109.430385187307));
#10274=CARTESIAN_POINT('',(146.927576683171,34.8774412723575,104.821500467129));
#10275=CARTESIAN_POINT('',(146.249891864981,37.6773073328713,103.00935835348));
#10276=CARTESIAN_POINT('',(144.577632680155,43.672275165436,100.59924236807));
#10277=CARTESIAN_POINT('',(143.583141904097,46.8609480451216,99.9999999999351));
#10278=CARTESIAN_POINT('',(142.481577756383,50.0000000005173,100.));
#10279=CARTESIAN_POINT('',(138.075321165528,62.5562078221003,100.00000000026));
#10280=CARTESIAN_POINT('',(133.669064574674,75.1124156436832,100.00000000052));
#10281=CARTESIAN_POINT('',(129.262807983819,87.6686234652662,100.000000000779));
#10282=CARTESIAN_POINT('',(149.745289171977,25.9871030749652,174.920469415589));
#10283=CARTESIAN_POINT('',(149.74528917231,25.9871030749099,171.136359212624));
#10284=CARTESIAN_POINT('',(149.745289172643,25.9871030748546,167.352249009658));
#10285=CARTESIAN_POINT('',(149.745289172976,25.9871030747993,163.568138806693));
#10286=CARTESIAN_POINT('',(149.745289174107,25.9871030746115,150.712092537795));
#10287=CARTESIAN_POINT('',(149.745289175238,25.9871030744237,137.856046268898));
#10288=CARTESIAN_POINT('',(149.745289176369,25.9871030742359,125.));
#10289=CARTESIAN_POINT('',(149.745289176652,25.9871030741889,121.785988432776));
#10290=CARTESIAN_POINT('',(149.635043327972,26.6409371499295,118.572997291056));
#10291=CARTESIAN_POINT('',(149.164693781079,29.1530088333586,112.657094522268));
#10292=CARTESIAN_POINT('',(148.802622450134,31.0094240890285,109.961482035119));
#10293=CARTESIAN_POINT('',(147.774091072454,35.6017230624425,105.522359193538));
#10294=CARTESIAN_POINT('',(147.105419124021,38.3323279702839,103.784550080736));
#10295=CARTESIAN_POINT('',(145.465863493907,44.1759649637147,101.503052778922));
#10296=CARTESIAN_POINT('',(144.495065505502,47.2823017745794,100.958423645189));
#10297=CARTESIAN_POINT('',(143.425164364048,50.331125828317,101.000000000007));
#10298=CARTESIAN_POINT('',(139.14555979823,62.5264220432672,101.166305419279));
#10299=CARTESIAN_POINT('',(134.865955232412,74.7217182582173,101.332610838551));
#10300=CARTESIAN_POINT('',(130.586350666594,86.9170144731675,101.498916257824));
#10301=CARTESIAN_POINT('',(148.065461135742,24.0128969253521,176.604762858155));
#10302=CARTESIAN_POINT('',(148.344690840336,24.3410596824947,176.444950437419));
#10303=CARTESIAN_POINT('',(148.624675536992,24.6701097388025,176.288283579948));
#10304=CARTESIAN_POINT('',(148.905375153768,25.0000000000087,176.134726078218));
#10305=CARTESIAN_POINT('',(148.910548674408,25.0060801414488,340.));
#10306=CARTESIAN_POINT('',(148.910548673989,25.0060801414488,341.44010599636));
#10307=CARTESIAN_POINT('',(148.621186522928,25.0060842531328,342.876261872037));
#10308=CARTESIAN_POINT('',(147.509590908717,25.0060985431792,345.531855205944));
#10309=CARTESIAN_POINT('',(146.689735367895,25.0061086293213,346.745086133828));
#10310=CARTESIAN_POINT('',(143.633634348638,25.0061395839979,349.781475513907));
#10311=CARTESIAN_POINT('',(140.797003815028,25.0061595811083,350.961736469823));
#10312=CARTESIAN_POINT('',(137.927517196533,25.0061595811091,351.006159581109));
#10313=CARTESIAN_POINT('',(148.905375155875,25.,340.));
#10314=CARTESIAN_POINT('',(148.905375155458,25.,341.439410963366));
#10315=CARTESIAN_POINT('',(148.616128846345,25.,342.874872784838));
#10316=CARTESIAN_POINT('',(147.504993485033,25.,345.529139960671));
#10317=CARTESIAN_POINT('',(146.685481994563,25.,346.741740883708));
#10318=CARTESIAN_POINT('',(143.63073069267,25.,349.776442406773));
#10319=CARTESIAN_POINT('',(140.795436166943,25.,350.955848841357));
#10320=CARTESIAN_POINT('',(137.927517196533,25.,351.));
#10321=CARTESIAN_POINT('',(148.06546113538,24.0128969257641,340.));
#10322=CARTESIAN_POINT('',(148.06546113538,24.0128969257638,341.326573258655));
#10323=CARTESIAN_POINT('',(147.795021616176,24.0122293991928,342.649356280661));
#10324=CARTESIAN_POINT('',(146.758607715888,24.0099094287067,345.088323413988));
#10325=CARTESIAN_POINT('',(145.994952353644,24.0082719566298,346.198643867669));
#10326=CARTESIAN_POINT('',(143.159325914207,24.0032465050519,348.959323994812));
#10327=CARTESIAN_POINT('',(140.540930534624,24.0000000001268,350.));
#10328=CARTESIAN_POINT('',(137.927517196533,24.,350.));
#10329=CARTESIAN_POINT('',(148.06546113538,24.0128969257641,340.));
#10330=CARTESIAN_POINT('',(137.927517196533,25.,351.));
#10331=CARTESIAN_POINT('',(137.927517196533,24.6666666666667,350.666666666667));
#10332=CARTESIAN_POINT('',(137.927517196533,24.3333333333333,350.333333333333));
#10333=CARTESIAN_POINT('',(137.927517196533,24.,350.));
#10334=CARTESIAN_POINT('',(147.90199457749,24.,350.));
#10335=CARTESIAN_POINT('',(97.9019945774903,48.9999999999996,375.));
#10336=CARTESIAN_POINT('',(-198.553904229394,24.007230478853,125.));
#10337=CARTESIAN_POINT('',(-198.553904229324,24.0072304794332,121.53940650909));
#10338=CARTESIAN_POINT('',(-198.472599658683,24.7075709951112,118.08143923253));
#10339=CARTESIAN_POINT('',(-198.119521850286,27.3951079860669,111.710798977182));
#10340=CARTESIAN_POINT('',(-197.846007396501,29.3795733347796,108.805526067604));
#10341=CARTESIAN_POINT('',(-197.053116752342,34.2968096221439,104.00098265497));
#10342=CARTESIAN_POINT('',(-196.531621933833,37.2249761433005,102.10580316057));
#10343=CARTESIAN_POINT('',(-195.230829563041,43.5350486038443,99.5891025009651));
#10344=CARTESIAN_POINT('',(-194.451068115854,46.9114885439218,98.9678086858783));
#10345=CARTESIAN_POINT('',(-193.584119292209,50.251256281407,99.));
#10346=CARTESIAN_POINT('',(-197.433868076999,25.,125.));
#10347=CARTESIAN_POINT('',(-197.433868077276,25.,121.688732763518));
#10348=CARTESIAN_POINT('',(-197.352397578628,25.6668031701675,118.380398303311));
#10349=CARTESIAN_POINT('',(-197.002362761706,28.2229744908232,112.284467979874));
#10350=CARTESIAN_POINT('',(-196.732279706175,30.1092129534096,109.504034290245));
#10351=CARTESIAN_POINT('',(-195.957796454707,34.7821368873642,104.895647115716));
#10352=CARTESIAN_POINT('',(-195.451567095538,37.5644448427141,103.07093730342));
#10353=CARTESIAN_POINT('',(-194.196742784067,43.5740466779291,100.623085783409));
#10354=CARTESIAN_POINT('',(-193.44769291074,46.7968149003331,100.));
#10355=CARTESIAN_POINT('',(-192.616198695748,50.,100.));
#10356=CARTESIAN_POINT('',(-197.433868076999,25.,125.));
#10357=CARTESIAN_POINT('',(-197.807213461131,24.6690768262843,125.));
#10358=CARTESIAN_POINT('',(-198.180558845262,24.3381536525687,125.));
#10359=CARTESIAN_POINT('',(-198.553904229394,24.007230478853,125.));
#10360=CARTESIAN_POINT('',(-198.553904229394,24.007230478853,125.));
#10361=CARTESIAN_POINT('',(-193.584119292209,50.251256281407,99.));
#10362=CARTESIAN_POINT('',(-193.261479093335,50.1675041875908,99.3333333333334));
#10363=CARTESIAN_POINT('',(-192.938838894461,50.0837520937745,99.6666666666667));
#10364=CARTESIAN_POINT('',(-192.616198695587,49.9999999999582,100.));
#10365=CARTESIAN_POINT('',(-193.584119292209,50.251256281407,99.));
#10366=CARTESIAN_POINT('',(-198.553904229394,24.007230478853,125.));
#10367=CARTESIAN_POINT('',(-198.553904229358,24.0072304791471,123.246206906702));
#10368=CARTESIAN_POINT('',(-198.523284791482,24.2635597534592,120.666464871175));
#10369=CARTESIAN_POINT('',(-198.417477107666,25.1138387531557,117.337176654609));
#10370=CARTESIAN_POINT('',(-198.302008357045,26.0127306336924,114.878449163659));
#10371=CARTESIAN_POINT('',(-198.150853991059,27.1432756556088,112.525741319893));
#10372=CARTESIAN_POINT('',(-197.963063565767,28.4838405313716,110.330429646613));
#10373=CARTESIAN_POINT('',(-197.734339608243,30.034643250459,108.283229260166));
#10374=CARTESIAN_POINT('',(-197.456726307971,31.8123853875288,106.36990317186));
#10375=CARTESIAN_POINT('',(-197.136127606401,33.7449640701961,104.656684220118));
#10376=CARTESIAN_POINT('',(-196.771385836055,35.8130971057791,103.160912502766));
#10377=CARTESIAN_POINT('',(-196.358971029707,38.0127583882931,101.88075892252));
#10378=CARTESIAN_POINT('',(-195.730579421272,41.1600608716595,100.448013386751));
#10379=CARTESIAN_POINT('',(-194.848316286573,45.1958458171851,99.2758773681556));
#10380=CARTESIAN_POINT('',(-194.026392787151,48.5474754938168,98.9835776177151));
#10381=CARTESIAN_POINT('',(-193.584119292209,50.251256281407,99.));
#10382=CARTESIAN_POINT('',(0.,0.,100.));
#10383=CARTESIAN_POINT('',(192.616198695727,50.0000000000821,99.9999999998337));
#10384=CARTESIAN_POINT('',(192.938838894547,50.0837520938846,99.6666666665558));
#10385=CARTESIAN_POINT('',(193.261479093368,50.1675041876871,99.3333333332779));
#10386=CARTESIAN_POINT('',(193.584119292188,50.2512562814895,99.));
#10387=CARTESIAN_POINT('',(193.584119292188,50.251256281491,99.));
#10388=CARTESIAN_POINT('',(0.,0.,99.));
#10389=CARTESIAN_POINT('',(193.584119292188,50.251256281491,99.0000000000008));
#10390=CARTESIAN_POINT('',(194.451393420954,46.910235363294,98.9677966067016));
#10391=CARTESIAN_POINT('',(195.230914627234,43.5346154587906,99.5893133727328));
#10392=CARTESIAN_POINT('',(196.531433070511,37.2259128105983,102.105391467722));
#10393=CARTESIAN_POINT('',(197.053009290741,34.297440551231,104.000481947589));
#10394=CARTESIAN_POINT('',(197.84597033893,29.3798386576435,108.805151084369));
#10395=CARTESIAN_POINT('',(198.11959199712,27.3945757522207,111.712031993803));
#10396=CARTESIAN_POINT('',(198.472538056492,24.7080381893009,118.080360389086));
#10397=CARTESIAN_POINT('',(198.55390422939,24.0072304788873,121.541455931378));
#10398=CARTESIAN_POINT('',(198.553904229394,24.007230478853,125.));
#10399=CARTESIAN_POINT('',(192.616198695727,50.0000000000806,100.));
#10400=CARTESIAN_POINT('',(193.448004369721,46.7956150600378,99.9999999999897));
#10401=CARTESIAN_POINT('',(194.196824997222,43.5736345217336,100.623289938235));
#10402=CARTESIAN_POINT('',(195.451384751373,37.5653365446523,103.070537821281));
#10403=CARTESIAN_POINT('',(195.957691840671,34.782736488518,104.895166074146));
#10404=CARTESIAN_POINT('',(196.732243156195,30.1094650740291,109.503675393088));
#10405=CARTESIAN_POINT('',(197.002432286072,28.2224682852591,112.285647839097));
#10406=CARTESIAN_POINT('',(197.352336525264,25.6672475151857,118.379365969125));
#10407=CARTESIAN_POINT('',(197.433868076815,25.,121.690693735215));
#10408=CARTESIAN_POINT('',(197.433868076999,25.,125.));
#10409=CARTESIAN_POINT('',(193.584119292188,50.251256281491,99.0000000000008));
#10410=CARTESIAN_POINT('',(194.026336983256,48.5476904685016,98.9835796897932));
#10411=CARTESIAN_POINT('',(194.848175749918,45.196468548801,99.2758114861015));
#10412=CARTESIAN_POINT('',(195.730586309178,41.1600152334619,100.44808199971));
#10413=CARTESIAN_POINT('',(196.358831040115,38.0134712740916,101.880347363984));
#10414=CARTESIAN_POINT('',(196.771238082523,35.8139085213407,103.160390602143));
#10415=CARTESIAN_POINT('',(197.135989051776,33.7457800509742,104.656087347886));
#10416=CARTESIAN_POINT('',(197.456673851163,31.8127142160793,106.369580692429));
#10417=CARTESIAN_POINT('',(197.734254432583,30.0352007113319,108.282488978275));
#10418=CARTESIAN_POINT('',(197.9630010283,28.4842780369235,110.329777859462));
#10419=CARTESIAN_POINT('',(198.150811965836,27.1435874322104,112.525232180704));
#10420=CARTESIAN_POINT('',(198.302025577987,26.0126019456853,114.878746909108));
#10421=CARTESIAN_POINT('',(198.41747588305,25.1138466096132,117.33695733153));
#10422=CARTESIAN_POINT('',(198.523287335768,24.2635403905103,120.666236367955));
#10423=CARTESIAN_POINT('',(198.553904229394,24.007230478853,123.24604899229));
#10424=CARTESIAN_POINT('',(198.553904229394,24.007230478853,125.));
#10425=CARTESIAN_POINT('',(0.,0.,375.));
#10426=CARTESIAN_POINT('',(0.,0.,375.));
#10427=CARTESIAN_POINT('',(97.9019945774903,0.,375.));
#10428=CARTESIAN_POINT('',(-147.90199457749,25.,350.));
#10429=CARTESIAN_POINT('',(-147.90199457749,24.,350.));
#10430=CARTESIAN_POINT('',(-137.929109079705,23.9908478837987,350.));
#10431=CARTESIAN_POINT('',(-97.9019945774903,24.,350.));
#10432=CARTESIAN_POINT('',(-97.9019945774903,25.,350.));
#10433=CARTESIAN_POINT('',(-97.9019945774903,-24.0000000013799,350.));
#10434=CARTESIAN_POINT('',(-147.90199457749,-24.0000000013799,350.));
#10435=CARTESIAN_POINT('',(-137.927517196533,-24.0000000000005,350.));
#10436=CARTESIAN_POINT('',(-9.25185853854299E-16,0.,350.));
#10437=CARTESIAN_POINT('',(-97.9019945774903,-68.4449152011757,375.));
#10438=CARTESIAN_POINT('',(-97.9019945774903,-24.,375.));
#10439=CARTESIAN_POINT('',(-97.9019945774903,-24.,363.));
#10440=CARTESIAN_POINT('',(-97.9019945774903,24.,375.));
#10441=CARTESIAN_POINT('',(-97.9019945774903,24.,387.));
#10442=CARTESIAN_POINT('',(-172.901994577491,80.927269603517,375.));
#10443=CARTESIAN_POINT('',(-172.901994577491,24.,375.));
#10444=CARTESIAN_POINT('',(-172.901994577491,24.,363.));
#10445=CARTESIAN_POINT('',(-172.901994577491,-24.,375.));
#10446=CARTESIAN_POINT('',(-172.901994577491,-24.,387.));
#10447=CARTESIAN_POINT('',(-172.901994577491,24.,375.));
#10448=CARTESIAN_POINT('',(-172.901994577491,25.,375.));
#10449=CARTESIAN_POINT('',(-172.901994577491,25.,362.));
#10450=CARTESIAN_POINT('',(-97.9019945774903,25.,375.));
#10451=CARTESIAN_POINT('',(-97.9019945774903,25.,375.));
#10452=CARTESIAN_POINT('',(-97.9019945774903,25.,362.));
#10453=CARTESIAN_POINT('',(-147.90199457749,25.,351.));
#10454=CARTESIAN_POINT('',(-147.90199457749,25.,351.));
#10455=CARTESIAN_POINT('',(-90.9019945774902,25.,351.));
#10456=CARTESIAN_POINT('',(-137.927517196533,25.,351.));
#10457=CARTESIAN_POINT('',(-97.9019945774903,48.9999999999995,375.));
#10458=CARTESIAN_POINT('',(-137.927517196533,24.,350.));
#10459=CARTESIAN_POINT('',(-137.927517196533,24.3333333333333,350.333333333333));
#10460=CARTESIAN_POINT('',(-137.927517196533,24.6666666666667,350.666666666667));
#10461=CARTESIAN_POINT('',(-137.927517196533,25.,351.));
#10462=CARTESIAN_POINT('',(0.,0.,340.));
#10463=CARTESIAN_POINT('',(-148.06546113538,24.0128969257641,340.));
#10464=CARTESIAN_POINT('',(-148.06546113538,24.0128969257641,341.277298107347));
#10465=CARTESIAN_POINT('',(-147.686913104072,24.0135760712699,343.228263964034));
#10466=CARTESIAN_POINT('',(-146.577071482603,24.0103774778837,345.294305185715));
#10467=CARTESIAN_POINT('',(-145.860636137996,24.0083821045459,346.244163767097));
#10468=CARTESIAN_POINT('',(-145.414920218976,24.0073074985915,346.751256540651));
#10469=CARTESIAN_POINT('',(-145.041290941426,24.0065515195364,347.132575944814));
#10470=CARTESIAN_POINT('',(-144.718412785505,24.0060673228488,347.431628552162));
#10471=CARTESIAN_POINT('',(-144.23445410903,24.0054789835269,347.842732159817));
#10472=CARTESIAN_POINT('',(-143.58736475534,24.0048074723385,348.317785250114));
#10473=CARTESIAN_POINT('',(-142.859745914531,24.0039480053648,348.74898267951));
#10474=CARTESIAN_POINT('',(-142.255465747558,24.0031958933338,349.049864422026));
#10475=CARTESIAN_POINT('',(-141.735643737921,24.0025520044285,349.272800556714));
#10476=CARTESIAN_POINT('',(-141.376825942852,24.0022202420785,349.406956363332));
#10477=CARTESIAN_POINT('',(-140.801953119879,24.0018123948603,349.598989988331));
#10478=CARTESIAN_POINT('',(-139.742515185973,24.0011377554569,349.874162975352));
#10479=CARTESIAN_POINT('',(-138.682966771879,24.0000000000183,350.));
#10480=CARTESIAN_POINT('',(-137.927517196533,24.,350.));
#10481=CARTESIAN_POINT('',(-137.927517196314,-24.,350.));
#10482=CARTESIAN_POINT('',(-138.682962672828,-24.0000000000052,350.000000000016));
#10483=CARTESIAN_POINT('',(-139.742570817104,-24.0011390063195,349.874169113102));
#10484=CARTESIAN_POINT('',(-140.802256111977,-24.0018126520847,349.598903310128));
#10485=CARTESIAN_POINT('',(-141.377226113569,-24.0022182474312,349.40681859556));
#10486=CARTESIAN_POINT('',(-141.736341542602,-24.0025473076773,349.272519617328));
#10487=CARTESIAN_POINT('',(-142.255670449542,-24.0031870683379,349.049760651517));
#10488=CARTESIAN_POINT('',(-142.859700393418,-24.0039394502639,348.74900217058));
#10489=CARTESIAN_POINT('',(-143.587082874452,-24.00480418301,348.317964855885));
#10490=CARTESIAN_POINT('',(-144.234204594555,-24.0054818815796,347.842928949721));
#10491=CARTESIAN_POINT('',(-144.71825361736,-24.0060710003181,347.431774122675));
#10492=CARTESIAN_POINT('',(-145.0413351947,-24.0065520704716,347.132534381246));
#10493=CARTESIAN_POINT('',(-145.414866846354,-24.0073015544168,346.751311813106));
#10494=CARTESIAN_POINT('',(-145.860571143673,-24.0083709630491,346.244246327037));
#10495=CARTESIAN_POINT('',(-146.576961771628,-24.0103607894518,345.294471812076));
#10496=CARTESIAN_POINT('',(-147.686834888735,-24.0135629090469,343.228503410681));
#10497=CARTESIAN_POINT('',(-148.06546113538,-24.012896925764,341.27744163187));
#10498=CARTESIAN_POINT('',(-148.06546113538,-24.012896925764,340.));
#10499=CARTESIAN_POINT('',(0.,0.,400.));
#10500=CARTESIAN_POINT('',(-97.9019945774903,0.,400.));
#10501=CARTESIAN_POINT('',(-97.9019945774903,25.,400.));
#10502=CARTESIAN_POINT('',(-147.90199457749,25.,400.));
#10503=CARTESIAN_POINT('',(-173.205080756888,25.,400.));
#10504=CARTESIAN_POINT('',(0.,0.,400.));
#10505=CARTESIAN_POINT('',(-97.9019945774903,25.,375.));
#10506=CARTESIAN_POINT('',(-97.9019945774903,25.,375.));
#10507=CARTESIAN_POINT('',(-97.9019945774903,-48.9999999668814,375.));
#10508=CARTESIAN_POINT('',(-147.90199457749,-24.0000000013799,350.));
#10509=CARTESIAN_POINT('',(-137.927517196293,-25.,351.));
#10510=CARTESIAN_POINT('',(-137.927517196293,-24.6666666671266,350.666666666667));
#10511=CARTESIAN_POINT('',(-137.927517196293,-24.3333333342533,350.333333333333));
#10512=CARTESIAN_POINT('',(-137.927517196293,-24.0000000013799,350.));
#10513=CARTESIAN_POINT('',(-97.9019945774903,-24.,375.));
#10514=CARTESIAN_POINT('',(-172.901994577491,-25.,375.));
#10515=CARTESIAN_POINT('',(-148.905375155875,-25.,340.));
#10516=CARTESIAN_POINT('',(-148.905375155458,-25.,341.439410963362));
#10517=CARTESIAN_POINT('',(-148.61612884633,-25.,342.87487278491));
#10518=CARTESIAN_POINT('',(-147.504993485002,-25.,345.529139960709));
#10519=CARTESIAN_POINT('',(-146.68548199451,-25.,346.741740883814));
#10520=CARTESIAN_POINT('',(-143.63073069252,-25.,349.776442406813));
#10521=CARTESIAN_POINT('',(-140.795436166751,-25.,350.955848841283));
#10522=CARTESIAN_POINT('',(-137.927517196293,-25.,351.000000000004));
#10523=CARTESIAN_POINT('',(-148.06546113538,-24.0128969257641,340.));
#10524=CARTESIAN_POINT('',(-148.065461135359,-24.0128969258916,341.326573258676));
#10525=CARTESIAN_POINT('',(-147.795021616163,-24.0122293992382,342.649356280695));
#10526=CARTESIAN_POINT('',(-146.758607715858,-24.0099094286613,345.088323414056));
#10527=CARTESIAN_POINT('',(-145.994952353575,-24.0082719566751,346.198643867749));
#10528=CARTESIAN_POINT('',(-143.159325914107,-24.0032465049605,348.959323994883));
#10529=CARTESIAN_POINT('',(-140.540930534422,-24.0000000000181,350.000000000055));
#10530=CARTESIAN_POINT('',(-137.927517196314,-24.,350.));
#10531=CARTESIAN_POINT('',(-148.06546113538,-24.0128969257634,340.));
#10532=CARTESIAN_POINT('',(-148.345432475545,-24.3419312838423,340.));
#10533=CARTESIAN_POINT('',(-148.62540381571,-24.6709656419211,340.));
#10534=CARTESIAN_POINT('',(-148.905375155875,-25.,340.));
#10535=CARTESIAN_POINT('',(-137.927517196533,25.0061335729111,351.006133572911));
#10536=CARTESIAN_POINT('',(-140.795701935721,25.0061335729107,350.961731661906));
#10537=CARTESIAN_POINT('',(-143.633181117384,25.0061136646989,349.781895678306));
#10538=CARTESIAN_POINT('',(-146.689947466251,25.0060828339338,346.744841790147));
#10539=CARTESIAN_POINT('',(-147.50981524141,25.0060727897689,345.531523537706));
#10540=CARTESIAN_POINT('',(-148.621514630823,25.0060585583443,342.875158900839));
#10541=CARTESIAN_POINT('',(-148.910526829285,25.006054468676,341.439716932918));
#10542=CARTESIAN_POINT('',(-148.910526829758,25.0060544686766,340.));
#10543=CARTESIAN_POINT('',(-137.927517196533,25.,351.));
#10544=CARTESIAN_POINT('',(-140.794141584403,25.,350.955868771105));
#10545=CARTESIAN_POINT('',(-143.630289915583,25.,349.776883578967));
#10546=CARTESIAN_POINT('',(-146.685711951253,25.,346.741510792257));
#10547=CARTESIAN_POINT('',(-147.505237127544,25.,345.52881992453));
#10548=CARTESIAN_POINT('',(-148.616478167512,25.,342.873776216454));
#10549=CARTESIAN_POINT('',(-148.905375155404,25.,341.439025015109));
#10550=CARTESIAN_POINT('',(-148.905375155875,25.,340.));
#10551=CARTESIAN_POINT('',(-137.927517196533,24.,350.));
#10552=CARTESIAN_POINT('',(-140.539746415275,24.0000000000634,350.));
#10553=CARTESIAN_POINT('',(-143.158916730109,24.0032457773694,348.959725388807));
#10554=CARTESIAN_POINT('',(-145.995165827492,24.0082723362118,346.198434523614));
#10555=CARTESIAN_POINT('',(-146.758834674568,24.0099099078212,345.088030646262));
#10556=CARTESIAN_POINT('',(-147.795347745803,24.0122301581595,342.648347350592));
#10557=CARTESIAN_POINT('',(-148.065461135366,24.0128969258489,341.326216735434));
#10558=CARTESIAN_POINT('',(-148.06546113538,24.0128969257641,340.));
#10559=CARTESIAN_POINT('',(-148.06546113538,24.0128969257641,340.));
#10560=CARTESIAN_POINT('',(-148.905375155875,25.,340.));
#10561=CARTESIAN_POINT('',(-147.902235863119,25.,344.562358398077));
#10562=CARTESIAN_POINT('',(-148.561158166784,25.,343.131318198718));
#10563=CARTESIAN_POINT('',(-148.905375155355,25.,341.58814949318));
#10564=CARTESIAN_POINT('',(-148.905375155875,25.,340.));
#10565=CARTESIAN_POINT('',(-147.902115256244,25.,344.562302867753));
#10566=CARTESIAN_POINT('',(-137.927517196533,25.,351.));
#10567=CARTESIAN_POINT('',(-138.972112217918,25.,350.983918624921));
#10568=CARTESIAN_POINT('',(-141.013419222777,25.,350.665958968547));
#10569=CARTESIAN_POINT('',(-143.466621897846,25.,349.542623420849));
#10570=CARTESIAN_POINT('',(-145.11482856383,25.,348.314388531447));
#10571=CARTESIAN_POINT('',(-146.613702252551,25.,346.826434912907));
#10572=CARTESIAN_POINT('',(-147.462867846967,25.,345.516572975635));
#10573=CARTESIAN_POINT('',(-147.902235790387,25.,344.562358556036));
#10574=CARTESIAN_POINT('',(0.,0.,375.));
#10575=CARTESIAN_POINT('',(-198.553904229394,24.007230478853,375.));
#10576=CARTESIAN_POINT('',(-198.553904229394,24.007230478853,377.412229475188));
#10577=CARTESIAN_POINT('',(-198.160365459326,24.3560525195322,379.75834051471));
#10578=CARTESIAN_POINT('',(-197.433868076999,25.,381.964304827401));
#10579=CARTESIAN_POINT('',(-198.553904229394,24.007230478853,375.));
#10580=CARTESIAN_POINT('',(-197.433868076999,25.,381.964304827401));
#10581=CARTESIAN_POINT('',(0.,0.,375.));
#10582=CARTESIAN_POINT('',(-198.553904229394,-24.007230478853,375.));
#10583=CARTESIAN_POINT('',(-197.433868076999,-25.,381.964304827401));
#10584=CARTESIAN_POINT('',(-197.79687648871,-24.678239236925,380.862052264735));
#10585=CARTESIAN_POINT('',(-198.35411833269,-24.1843152529282,378.604405831718));
#10586=CARTESIAN_POINT('',(-198.553904229394,-24.0072304788531,376.205653737508));
#10587=CARTESIAN_POINT('',(-198.553904229394,-24.0072304788531,375.));
#10588=CARTESIAN_POINT('',(-197.433868076999,25.,381.964304827401));
#10589=CARTESIAN_POINT('',(-197.051716345911,25.,383.271387491427));
#10590=CARTESIAN_POINT('',(-196.086920797749,25.,385.783232468605));
#10591=CARTESIAN_POINT('',(-194.044380526146,25.,389.288224798833));
#10592=CARTESIAN_POINT('',(-191.449149719854,25.,392.427644249363));
#10593=CARTESIAN_POINT('',(-188.410482520603,25.,395.089503515558));
#10594=CARTESIAN_POINT('',(-184.945547747132,25.,397.252884695132));
#10595=CARTESIAN_POINT('',(-181.232283061811,25.,398.816413620324));
#10596=CARTESIAN_POINT('',(-177.252673684149,25.,399.786364466646));
#10597=CARTESIAN_POINT('',(-174.566551454213,25.,400.));
#10598=CARTESIAN_POINT('',(-173.205080756888,25.,400.));
#10599=CARTESIAN_POINT('',(-198.553904229394,24.007230478853,-1.9300597820429));
#10600=CARTESIAN_POINT('',(-197.433868076999,25.,400.));
#10601=CARTESIAN_POINT('',(-198.553904229394,24.007230478853,-1.9300597820429));
#10602=CARTESIAN_POINT('',(-197.433868076999,-25.,-1.9300597820429));
#10603=CARTESIAN_POINT('',(-198.553904229394,-24.007230478853,-1.9300597820429));
#10604=CARTESIAN_POINT('',(-148.06546113538,-24.0128969257627,-1.9300597820429));
#10605=CARTESIAN_POINT('',(0.,0.,-1.9300597820429));
#10606=CARTESIAN_POINT('',(-147.90199457749,25.,400.));
#10607=CARTESIAN_POINT('',(-148.905375155875,25.,400.));
#10608=CARTESIAN_POINT('',(-148.06546113538,24.0128969257641,-1.9300597820429));
#10609=CARTESIAN_POINT('',(148.06546113538,24.0128969257641,-1.9300597820429));
#10610=CARTESIAN_POINT('',(0.,0.,0.));
#10611=CARTESIAN_POINT('',(0.,-400.,0.));
#10612=CARTESIAN_POINT('',(0.,-369.,0.));
#10613=CARTESIAN_POINT('',(0.,-369.,-50.));
#10614=CARTESIAN_POINT('',(0.,100.,0.));
#10615=CARTESIAN_POINT('',(50.,100.,0.));
#10616=CARTESIAN_POINT('',(0.,100.,0.));
#10617=CARTESIAN_POINT('',(0.,-370.,0.));
#10618=CARTESIAN_POINT('',(0.,-397.,0.));
#10619=CARTESIAN_POINT('',(0.,-397.,25.));
#10620=CARTESIAN_POINT('',(0.,-370.,0.));
#10621=CARTESIAN_POINT('',(25.,-370.,0.));
#10622=CARTESIAN_POINT('',(0.,-370.,0.));
#10623=CARTESIAN_POINT('',(0.,-370.,0.));
#10624=CARTESIAN_POINT('',(0.,-370.,-49.));
#10625=CARTESIAN_POINT('',(0.,-398.,0.));
#10626=CARTESIAN_POINT('',(0.,-398.,0.));
#10627=CARTESIAN_POINT('',(13.,-398.,0.));
#10628=CARTESIAN_POINT('',(0.,-398.,0.));
#10629=CARTESIAN_POINT('',(0.,-398.,-24.));
#10630=CARTESIAN_POINT('',(0.,-397.,0.));
#10631=CARTESIAN_POINT('',(0.,-370.,0.));
#10632=CARTESIAN_POINT('',(0.,-404.,0.));
#10633=CARTESIAN_POINT('',(0.,-402.,0.));
#10634=CARTESIAN_POINT('',(13.,-402.,0.));
#10635=CARTESIAN_POINT('',(0.,-440.,0.));
#10636=CARTESIAN_POINT('',(0.,-430.,0.));
#10637=CARTESIAN_POINT('',(15.,-430.,0.));
#10638=CARTESIAN_POINT('',(0.,-402.,0.));
#10639=CARTESIAN_POINT('',(15.,-402.,0.));
#10640=CARTESIAN_POINT('',(0.,-430.,0.));
#10641=CARTESIAN_POINT('',(0.,-402.,0.));
#10642=CARTESIAN_POINT('',(1.10862914469805E-13,9.61347333834969E-14,-90.1614850393115));
#10643=CARTESIAN_POINT('',(0.,0.,0.));
#10644=CARTESIAN_POINT('',(0.,0.,-45.));
#10645=CARTESIAN_POINT('',(24.,0.,-45.));
#10646=CARTESIAN_POINT('',(74.,0.,-45.));
#10647=CARTESIAN_POINT('',(74.,0.,0.));
#10648=CARTESIAN_POINT('',(74.,0.,45.));
#10649=CARTESIAN_POINT('',(25.,0.,45.));
#10650=CARTESIAN_POINT('',(24.,0.,45.));
#10651=CARTESIAN_POINT('',(24.,0.,0.));
#10652=CARTESIAN_POINT('',(24.,0.,95.));
#10653=CARTESIAN_POINT('',(0.,0.,95.));
#10654=CARTESIAN_POINT('',(-24.,0.,95.));
#10655=CARTESIAN_POINT('',(-24.,0.,0.));
#10656=CARTESIAN_POINT('',(-24.,0.,45.));
#10657=CARTESIAN_POINT('',(-75.,0.,45.));
#10658=CARTESIAN_POINT('',(-74.,0.,45.));
#10659=CARTESIAN_POINT('',(-74.,0.,0.));
#10660=CARTESIAN_POINT('',(-74.,0.,-45.));
#10661=CARTESIAN_POINT('',(0.,0.,-45.));
#10662=CARTESIAN_POINT('',(-24.,0.,-45.));
#10663=CARTESIAN_POINT('',(-24.,0.,0.));
#10664=CARTESIAN_POINT('',(-24.,0.,-95.));
#10665=CARTESIAN_POINT('',(0.,0.,-95.));
#10666=CARTESIAN_POINT('',(24.,0.,-95.));
#10667=CARTESIAN_POINT('',(24.,0.,-45.));
#10668=CARTESIAN_POINT('',(0.,0.,0.));
#10669=CARTESIAN_POINT('',(0.,0.,-25.));
#10670=CARTESIAN_POINT('',(75.,50.,-100.));
#10671=CARTESIAN_POINT('',(75.,1.,-100.));
#10672=CARTESIAN_POINT('',(75.,1.,45.));
#10673=CARTESIAN_POINT('',(75.,1.,-45.));
#10674=CARTESIAN_POINT('',(75.,25.,-45.));
#10675=CARTESIAN_POINT('',(75.,49.,-45.));
#10676=CARTESIAN_POINT('',(75.,49.,45.));
#10677=CARTESIAN_POINT('',(75.,49.,45.));
#10678=CARTESIAN_POINT('',(75.,25.,45.));
#10679=CARTESIAN_POINT('',(-75.,50.,100.));
#10680=CARTESIAN_POINT('',(-75.,25.,45.));
#10681=CARTESIAN_POINT('',(-75.,1.,45.));
#10682=CARTESIAN_POINT('',(-75.,49.,45.));
#10683=CARTESIAN_POINT('',(-75.,49.,-45.));
#10684=CARTESIAN_POINT('',(-75.,49.,-45.));
#10685=CARTESIAN_POINT('',(-75.,25.,-45.));
#10686=CARTESIAN_POINT('',(-75.,0.999999999999987,-45.));
#10687=CARTESIAN_POINT('',(-75.,1.,100.));
#10688=CARTESIAN_POINT('',(0.,50.,0.));
#10689=CARTESIAN_POINT('',(0.,50.,0.));
#10690=CARTESIAN_POINT('',(0.,50.,50.));
#10691=CARTESIAN_POINT('',(0.,50.,45.));
#10692=CARTESIAN_POINT('',(24.,50.,45.));
#10693=CARTESIAN_POINT('',(74.,50.,45.));
#10694=CARTESIAN_POINT('',(74.,50.,-45.));
#10695=CARTESIAN_POINT('',(74.,50.,-45.));
#10696=CARTESIAN_POINT('',(25.,50.,-45.));
#10697=CARTESIAN_POINT('',(24.,50.,-45.));
#10698=CARTESIAN_POINT('',(24.,50.,0.));
#10699=CARTESIAN_POINT('',(24.,50.,-95.));
#10700=CARTESIAN_POINT('',(-24.,50.,-95.));
#10701=CARTESIAN_POINT('',(-24.,50.,-95.));
#10702=CARTESIAN_POINT('',(-24.,50.,-45.));
#10703=CARTESIAN_POINT('',(-24.,50.,-45.));
#10704=CARTESIAN_POINT('',(-75.,50.,-45.));
#10705=CARTESIAN_POINT('',(-74.,50.,-45.));
#10706=CARTESIAN_POINT('',(-74.,50.,45.));
#10707=CARTESIAN_POINT('',(-74.,50.,45.));
#10708=CARTESIAN_POINT('',(0.,50.,45.));
#10709=CARTESIAN_POINT('',(-24.,50.,45.));
#10710=CARTESIAN_POINT('',(-24.,50.,120.));
#10711=CARTESIAN_POINT('',(-24.,50.,95.));
#10712=CARTESIAN_POINT('',(24.,50.,95.));
#10713=CARTESIAN_POINT('',(24.,50.,95.));
#10714=CARTESIAN_POINT('',(24.,50.,45.));
#10715=CARTESIAN_POINT('',(0.,30.,0.));
#10716=CARTESIAN_POINT('',(0.,30.,0.));
#10717=CARTESIAN_POINT('',(0.,30.,50.));
#10718=CARTESIAN_POINT('',(0.,30.,0.));
#10719=CARTESIAN_POINT('',(0.,30.,0.));
#10720=CARTESIAN_POINT('',(-25.,30.,0.));
#10721=CARTESIAN_POINT('',(0.,-114.627439481511,0.));
#10722=CARTESIAN_POINT('',(-25.,25.,95.));
#10723=CARTESIAN_POINT('',(-25.,25.,95.));
#10724=CARTESIAN_POINT('',(-25.,25.,108.));
#10725=CARTESIAN_POINT('',(-25.,1.,95.));
#10726=CARTESIAN_POINT('',(-25.,1.,52.));
#10727=CARTESIAN_POINT('',(-25.,1.,95.));
#10728=CARTESIAN_POINT('',(-25.,25.,95.));
#10729=CARTESIAN_POINT('',(-25.,49.,95.));
#10730=CARTESIAN_POINT('',(-25.,49.,45.));
#10731=CARTESIAN_POINT('',(-25.,49.,52.));
#10732=CARTESIAN_POINT('',(-25.,25.,45.));
#10733=CARTESIAN_POINT('',(-25.,25.,-95.));
#10734=CARTESIAN_POINT('',(-25.,25.,-95.));
#10735=CARTESIAN_POINT('',(-25.,25.,-82.));
#10736=CARTESIAN_POINT('',(-25.,49.,-120.));
#10737=CARTESIAN_POINT('',(-25.,49.,-52.));
#10738=CARTESIAN_POINT('',(-25.,49.,-95.));
#10739=CARTESIAN_POINT('',(-25.,25.,-95.));
#10740=CARTESIAN_POINT('',(-25.,1.,-95.));
#10741=CARTESIAN_POINT('',(-25.,1.,-95.));
#10742=CARTESIAN_POINT('',(-25.,1.,-52.0000000000001));
#10743=CARTESIAN_POINT('',(-25.,25.,-45.));
#10744=CARTESIAN_POINT('',(25.,0.,0.));
#10745=CARTESIAN_POINT('',(25.,25.,-95.));
#10746=CARTESIAN_POINT('',(25.,25.,-82.));
#10747=CARTESIAN_POINT('',(25.,1.,-120.));
#10748=CARTESIAN_POINT('',(25.,1.,-52.));
#10749=CARTESIAN_POINT('',(25.,1.,-95.));
#10750=CARTESIAN_POINT('',(25.,25.,-95.));
#10751=CARTESIAN_POINT('',(25.,49.,-95.));
#10752=CARTESIAN_POINT('',(25.,49.,0.));
#10753=CARTESIAN_POINT('',(25.,49.,-52.));
#10754=CARTESIAN_POINT('',(25.,25.,-45.));
#10755=CARTESIAN_POINT('',(25.,0.,0.));
#10756=CARTESIAN_POINT('',(25.,25.,95.));
#10757=CARTESIAN_POINT('',(25.,25.,82.));
#10758=CARTESIAN_POINT('',(25.,49.,120.));
#10759=CARTESIAN_POINT('',(25.,49.,52.));
#10760=CARTESIAN_POINT('',(25.,49.,95.));
#10761=CARTESIAN_POINT('',(25.,25.,95.));
#10762=CARTESIAN_POINT('',(25.,1.,95.));
#10763=CARTESIAN_POINT('',(25.,1.,0.));
#10764=CARTESIAN_POINT('',(25.,1.,52.));
#10765=CARTESIAN_POINT('',(25.,25.,45.));
#10766=CARTESIAN_POINT('',(112.925605176465,25.,95.));
#10767=CARTESIAN_POINT('',(24.,25.,95.));
#10768=CARTESIAN_POINT('',(24.,25.,83.));
#10769=CARTESIAN_POINT('',(-24.,25.,95.));
#10770=CARTESIAN_POINT('',(-24.,25.,107.));
#10771=CARTESIAN_POINT('',(112.925605176465,25.,-95.));
#10772=CARTESIAN_POINT('',(-24.,25.,-95.));
#10773=CARTESIAN_POINT('',(-24.,25.,-83.));
#10774=CARTESIAN_POINT('',(24.,25.,-95.));
#10775=CARTESIAN_POINT('',(24.,25.,-83.));
#10776=CARTESIAN_POINT('',(0.,25.,45.));
#10777=CARTESIAN_POINT('',(-74.,25.,45.));
#10778=CARTESIAN_POINT('',(-49.,25.,45.));
#10779=CARTESIAN_POINT('',(-49.,25.,45.));
#10780=CARTESIAN_POINT('',(0.,25.,45.));
#10781=CARTESIAN_POINT('',(74.,25.,45.));
#10782=CARTESIAN_POINT('',(49.,25.,45.));
#10783=CARTESIAN_POINT('',(49.,25.,45.));
#10784=CARTESIAN_POINT('',(25.,25.,-45.));
#10785=CARTESIAN_POINT('',(74.,25.,-45.));
#10786=CARTESIAN_POINT('',(49.,25.,-45.));
#10787=CARTESIAN_POINT('',(49.,25.,-45.));
#10788=CARTESIAN_POINT('',(0.,25.,-45.));
#10789=CARTESIAN_POINT('',(-74.,25.,-45.));
#10790=CARTESIAN_POINT('',(-49.,25.,-45.));
#10791=CARTESIAN_POINT('',(-49.,25.,-45.));
#10792=CARTESIAN_POINT('',(25.,49.,0.));
#10793=CARTESIAN_POINT('',(37.,37.,95.));
#10794=CARTESIAN_POINT('',(25.,1.,0.));
#10795=CARTESIAN_POINT('',(37.,13.,95.));
#10796=CARTESIAN_POINT('',(-25.,49.,95.));
#10797=CARTESIAN_POINT('',(-37.,37.,95.));
#10798=CARTESIAN_POINT('',(-25.,1.,95.));
#10799=CARTESIAN_POINT('',(-37.,13.,95.));
#10800=CARTESIAN_POINT('',(-25.,49.,-95.));
#10801=CARTESIAN_POINT('',(-37.,37.,-95.));
#10802=CARTESIAN_POINT('',(24.,50.,0.));
#10803=CARTESIAN_POINT('',(37.,37.,-95.));
#10804=CARTESIAN_POINT('',(-24.,0.,0.));
#10805=CARTESIAN_POINT('',(-37.,13.,-95.));
#10806=CARTESIAN_POINT('',(24.,0.,0.));
#10807=CARTESIAN_POINT('',(37.,13.,-95.));
#10808=CARTESIAN_POINT('',(-25.,25.,95.));
#10809=CARTESIAN_POINT('',(25.,25.,95.));
#10810=CARTESIAN_POINT('',(24.,25.,-95.));
#10811=CARTESIAN_POINT('',(-25.,25.,-95.));
#10812=CARTESIAN_POINT('',(0.,25.,-95.));
#10813=CARTESIAN_POINT('',(24.,25.,-95.));
#10814=CARTESIAN_POINT('',(-24.,25.,-95.));
#10815=CARTESIAN_POINT('',(0.,25.,95.));
#10816=CARTESIAN_POINT('',(24.,25.,95.));
#10817=CARTESIAN_POINT('',(-24.,25.,95.));
#10818=CARTESIAN_POINT('',(-25.,25.,95.));
#10819=CARTESIAN_POINT('',(-25.,25.,-95.));
#10820=CARTESIAN_POINT('',(25.,25.,-95.));
#10821=CARTESIAN_POINT('',(25.,25.,95.));
#10822=CARTESIAN_POINT('',(-74.,0.,0.));
#10823=CARTESIAN_POINT('',(-74.,0.,-45.));
#10824=CARTESIAN_POINT('',(-75.,1.,45.));
#10825=CARTESIAN_POINT('',(-75.,25.,45.));
#10826=CARTESIAN_POINT('',(-75.,49.,45.));
#10827=CARTESIAN_POINT('',(-75.,25.,-45.));
#10828=CARTESIAN_POINT('',(-74.,50.,-45.));
#10829=CARTESIAN_POINT('',(-75.,49.,100.));
#10830=CARTESIAN_POINT('',(75.,25.,45.));
#10831=CARTESIAN_POINT('',(74.,50.,45.));
#10832=CARTESIAN_POINT('',(75.,0.999999999999987,45.));
#10833=CARTESIAN_POINT('',(74.,0.,0.));
#10834=CARTESIAN_POINT('',(75.,1.,-45.));
#10835=CARTESIAN_POINT('',(75.,49.,-100.));
#10836=CARTESIAN_POINT('',(74.,50.,-45.));
#10837=CARTESIAN_POINT('',(75.,25.,-45.));
#10838=CARTESIAN_POINT('',(6.66133814775094E-13,2.24302691365458E-15,309.838515525701));
#10839=CARTESIAN_POINT('',(50.73,50.,0.));
#10840=CARTESIAN_POINT('',(-50.73,50.,0.));
#10841=CARTESIAN_POINT('',(-50.73,50.,21.));
#10842=CARTESIAN_POINT('',(50.73,50.,0.));
#10843=CARTESIAN_POINT('',(50.73,50.,13.));
#10844=CARTESIAN_POINT('',(-50.73,50.,-24.));
#10845=CARTESIAN_POINT('',(50.73,50.,-24.));
#10846=CARTESIAN_POINT('',(-50.73,50.,-24.));
#10847=CARTESIAN_POINT('',(-50.73,50.,0.));
#10848=CARTESIAN_POINT('',(-50.73,50.,24.));
#10849=CARTESIAN_POINT('',(50.73,50.,24.));
#10850=CARTESIAN_POINT('',(50.73,50.,24.));
#10851=CARTESIAN_POINT('',(50.73,50.,0.));
#10852=CARTESIAN_POINT('',(-50.73,50.,-25.));
#10853=CARTESIAN_POINT('',(15.27,25.,-25.));
#10854=CARTESIAN_POINT('',(15.27,0.999999999999981,-25.));
#10855=CARTESIAN_POINT('',(15.27,26.,-25.));
#10856=CARTESIAN_POINT('',(-50.73,26.,-25.));
#10857=CARTESIAN_POINT('',(-50.73,26.,-25.));
#10858=CARTESIAN_POINT('',(-50.73,50.,-25.));
#10859=CARTESIAN_POINT('',(-50.73,49.,-25.));
#10860=CARTESIAN_POINT('',(50.73,49.,-25.));
#10861=CARTESIAN_POINT('',(50.73,49.,-25.));
#10862=CARTESIAN_POINT('',(50.73,50.,-25.));
#10863=CARTESIAN_POINT('',(50.73,1.,-25.));
#10864=CARTESIAN_POINT('',(-50.73,1.,-25.));
#10865=CARTESIAN_POINT('',(-50.73,50.,0.));
#10866=CARTESIAN_POINT('',(-50.73,39.,0.));
#10867=CARTESIAN_POINT('',(-50.73,39.,-12.));
#10868=CARTESIAN_POINT('',(-50.73,26.,0.));
#10869=CARTESIAN_POINT('',(-50.73,26.,-12.));
#10870=CARTESIAN_POINT('',(-50.73,50.,0.));
#10871=CARTESIAN_POINT('',(-50.73,26.,0.));
#10872=CARTESIAN_POINT('',(-50.73,26.,25.));
#10873=CARTESIAN_POINT('',(-50.73,50.,25.));
#10874=CARTESIAN_POINT('',(-50.73,49.,25.));
#10875=CARTESIAN_POINT('',(-50.73,49.,0.));
#10876=CARTESIAN_POINT('',(-50.73,1.,-25.));
#10877=CARTESIAN_POINT('',(15.27,-12.,-12.));
#10878=CARTESIAN_POINT('',(15.27,0.,-24.));
#10879=CARTESIAN_POINT('',(50.73,1.,-25.));
#10880=CARTESIAN_POINT('',(50.73,0.,-24.));
#10881=CARTESIAN_POINT('',(50.73,0.,-24.));
#10882=CARTESIAN_POINT('',(50.73,50.,25.));
#10883=CARTESIAN_POINT('',(-8.87142842854283,26.,25.));
#10884=CARTESIAN_POINT('',(15.27,26.,25.));
#10885=CARTESIAN_POINT('',(15.27,1.,25.));
#10886=CARTESIAN_POINT('',(15.27,1.,25.));
#10887=CARTESIAN_POINT('',(50.73,1.,25.));
#10888=CARTESIAN_POINT('',(50.73,1.,25.));
#10889=CARTESIAN_POINT('',(50.73,50.,25.));
#10890=CARTESIAN_POINT('',(50.73,49.,25.));
#10891=CARTESIAN_POINT('',(-50.73,49.,25.));
#10892=CARTESIAN_POINT('',(50.73,50.,0.));
#10893=CARTESIAN_POINT('',(50.73,1.,0.));
#10894=CARTESIAN_POINT('',(50.73,49.,0.));
#10895=CARTESIAN_POINT('',(50.73,50.,0.));
#10896=CARTESIAN_POINT('',(50.73,49.,0.));
#10897=CARTESIAN_POINT('',(50.73,49.,12.));
#10898=CARTESIAN_POINT('',(50.73,1.,0.));
#10899=CARTESIAN_POINT('',(50.73,1.,12.));
#10900=CARTESIAN_POINT('',(50.73,0.,0.));
#10901=CARTESIAN_POINT('',(50.73,0.,0.));
#10902=CARTESIAN_POINT('',(50.73,0.,13.));
#10903=CARTESIAN_POINT('',(50.73,0.,24.));
#10904=CARTESIAN_POINT('',(50.73,0.,24.));
#10905=CARTESIAN_POINT('',(15.27,0.,24.));
#10906=CARTESIAN_POINT('',(15.27,0.,-2.06983662528831E-14));
#10907=CARTESIAN_POINT('',(50.73,0.,0.));
#10908=CARTESIAN_POINT('',(50.73,50.,0.));
#10909=CARTESIAN_POINT('',(50.73,49.,25.));
#10910=CARTESIAN_POINT('',(50.73,50.,-24.));
#10911=CARTESIAN_POINT('',(50.73,50.,-24.));
#10912=CARTESIAN_POINT('',(-50.73,50.,-24.));
#10913=CARTESIAN_POINT('',(50.73,50.,24.));
#10914=CARTESIAN_POINT('',(-50.73,49.,25.));
#10915=CARTESIAN_POINT('',(-50.73,50.,0.));
#10916=CARTESIAN_POINT('',(50.73,1.,0.));
#10917=CARTESIAN_POINT('',(50.73,0.,24.));
#10918=CARTESIAN_POINT('',(50.73,1.,25.));
#10919=CARTESIAN_POINT('',(15.27,-12.,12.));
#10920=CARTESIAN_POINT('',(-26.73,25.,-3.46944695195361E-15));
#10921=CARTESIAN_POINT('',(-50.73,25.,0.));
#10922=CARTESIAN_POINT('',(-50.73,25.,-13.));
#10923=CARTESIAN_POINT('',(-8.87142842854299,25.,-24.));
#10924=CARTESIAN_POINT('',(-50.73,25.,-24.));
#10925=CARTESIAN_POINT('',(8.26999999999988,25.,-24.));
#10926=CARTESIAN_POINT('',(15.27,25.,-2.06983662528831E-14));
#10927=CARTESIAN_POINT('',(8.27,25.,24.));
#10928=CARTESIAN_POINT('',(-50.73,25.,24.));
#10929=CARTESIAN_POINT('',(-50.73,25.,24.));
#10930=CARTESIAN_POINT('',(-50.73,25.,0.));
#10931=CARTESIAN_POINT('',(15.27,50.,-2.06983662528831E-14));
#10932=CARTESIAN_POINT('',(15.27,1.,-2.06983662528831E-14));
#10933=CARTESIAN_POINT('',(15.27,0.999999999999938,-2.06983662528831E-14));
#10934=CARTESIAN_POINT('',(15.27,0.99999999999998,-2.06983662528831E-14));
#10935=CARTESIAN_POINT('',(15.27,0.,-2.06983662528831E-14));
#10936=CARTESIAN_POINT('',(-26.73,25.,-24.));
#10937=CARTESIAN_POINT('',(-50.73,26.,-25.));
#10938=CARTESIAN_POINT('',(-50.73,25.,0.));
#10939=CARTESIAN_POINT('',(-50.73,26.,25.));
#10940=CARTESIAN_POINT('',(-26.73,25.,24.));
#10941=CARTESIAN_POINT('',(-50.73,26.,0.));
#10942=CARTESIAN_POINT('',(50.73,49.,0.));
#10943=CARTESIAN_POINT('',(50.73,0.,0.));
#10944=CARTESIAN_POINT('',(-50.73,40.,0.));
#10945=CARTESIAN_POINT('',(-50.73,49.,0.));
#10946=CARTESIAN_POINT('',(-50.73,49.,20.));
#10947=CARTESIAN_POINT('',(-50.73,41.,0.));
#10948=CARTESIAN_POINT('',(-50.73,41.,-20.));
#10949=CARTESIAN_POINT('',(-50.73,40.,0.));
#10950=CARTESIAN_POINT('',(-50.73,40.,0.));
#10951=CARTESIAN_POINT('',(-50.73,40.,-19.));
#10952=CARTESIAN_POINT('',(-50.73,40.,0.));
#10953=CARTESIAN_POINT('',(-50.73,40.,-13.));
#10954=CARTESIAN_POINT('',(-50.73,40.,0.));
#10955=CARTESIAN_POINT('',(-50.73,41.,0.));
#10956=CARTESIAN_POINT('',(-50.73,50.,0.));
#10957=CARTESIAN_POINT('',(134.019567030538,75.,252.419287814605));
#10958=CARTESIAN_POINT('',(0.,10.,0.));
#10959=CARTESIAN_POINT('',(0.,10.,0.));
#10960=CARTESIAN_POINT('',(12.,10.,0.));
#10961=CARTESIAN_POINT('',(0.,0.,0.));
#10962=CARTESIAN_POINT('',(12.,0.,0.));
#10963=CARTESIAN_POINT('',(0.,10.,0.));
#10964=CARTESIAN_POINT('',(0.,8.,0.));
#10965=CARTESIAN_POINT('',(0.,8.,-25.));
#10966=CARTESIAN_POINT('',(0.,2.,0.));
#10967=CARTESIAN_POINT('',(0.,2.,-25.));
#10968=CARTESIAN_POINT('',(0.,10.,0.));
#10969=CARTESIAN_POINT('',(0.,10.,0.));
#10970=CARTESIAN_POINT('',(0.,10.,-23.));
#10971=CARTESIAN_POINT('',(0.,0.,0.));
#10972=CARTESIAN_POINT('',(0.,0.,0.));
#10973=CARTESIAN_POINT('',(0.,0.,-23.));
#10974=CARTESIAN_POINT('',(0.,2.,0.));
#10975=CARTESIAN_POINT('',(0.,8.,0.));
#10976=CARTESIAN_POINT('',(2.60208521396521E-14,21.8549434175283,-2.42861286636753E-14));
#10977=CARTESIAN_POINT('',(13.856406460551,4.78793526277288E-15,0.));
#10978=CARTESIAN_POINT('',(0.,0.,0.));
#10979=CARTESIAN_POINT('',(-11.625,0.,0.));
#10980=CARTESIAN_POINT('',(0.,0.,0.));
#10981=CARTESIAN_POINT('',(8.00000000000001,0.,0.));
#10982=CARTESIAN_POINT('',(13.856406460551,4.78793526277288E-15,-14.8));
#10983=CARTESIAN_POINT('',(0.,0.,-14.8));
#10984=CARTESIAN_POINT('',(-11.625,0.,-14.8));
#10985=CARTESIAN_POINT('',(0.,0.,-14.8));
#10986=CARTESIAN_POINT('',(7.54248166639777,0.,-14.8));
#10987=CARTESIAN_POINT('',(13.856406460551,3.53922976730026E-15,-14.8));
#10988=CARTESIAN_POINT('',(13.856406460551,1.74800851495983E-15,-1.28830312067058));
#10989=CARTESIAN_POINT('',(13.2907840315639,0.979686784906238,-0.961740859035171));
#10990=CARTESIAN_POINT('',(12.152596617003,2.95108521546109,-0.423025714346668));
#10991=CARTESIAN_POINT('',(10.401843449897,5.98347865240088,-0.113802125966579));
#10992=CARTESIAN_POINT('',(8.63359010215059,9.0461832913514,-0.42082920406987));
#10993=CARTESIAN_POINT('',(7.49453088557788,11.0190917272849,-0.96133369643222));
#10994=CARTESIAN_POINT('',(6.92820323027549,12.,-1.28830312067059));
#10995=CARTESIAN_POINT('',(13.856406460551,3.88022896977902E-15,-1.28830312067058));
#10996=CARTESIAN_POINT('',(6.9282032302755,12.,-1.28830312067058));
#10997=CARTESIAN_POINT('',(13.856406460551,3.53922976730026E-15,-14.8));
#10998=CARTESIAN_POINT('',(13.856406460551,-1.34834911589706E-15,-13.5116968793294));
#10999=CARTESIAN_POINT('',(6.9282032302755,12.,-13.5116968793294));
#11000=CARTESIAN_POINT('',(7.49382565926263,11.0203132150938,-13.8382591409648));
#11001=CARTESIAN_POINT('',(8.63201307382349,9.04891478453891,-14.3769742856533));
#11002=CARTESIAN_POINT('',(10.3827662409295,6.01652134759913,-14.6861978740334));
#11003=CARTESIAN_POINT('',(12.1510195886759,2.95381670864861,-14.3791707959301));
#11004=CARTESIAN_POINT('',(13.2900788052486,0.980908272715086,-13.8386663035678));
#11005=CARTESIAN_POINT('',(13.856406460551,-2.11191559250039E-14,-13.5116968793294));
#11006=CARTESIAN_POINT('',(6.9282032302755,12.,-13.5116968793294));
#11007=CARTESIAN_POINT('',(6.9282032302755,12.,-14.8));
#11008=CARTESIAN_POINT('',(6.9282032302755,12.,-14.8));
#11009=CARTESIAN_POINT('',(6.92820323027549,12.,-1.28830312067058));
#11010=CARTESIAN_POINT('',(5.79695837230122,12.,-0.961740859035169));
#11011=CARTESIAN_POINT('',(3.52058354317951,12.,-0.423025714346667));
#11012=CARTESIAN_POINT('',(0.0190772089674473,12.,-0.113802125966581));
#11013=CARTESIAN_POINT('',(-3.51742948652536,12.,-0.420829204069879));
#11014=CARTESIAN_POINT('',(-5.79554791967074,12.,-0.961333696432222));
#11015=CARTESIAN_POINT('',(-6.92820323027553,12.,-1.28830312067059));
#11016=CARTESIAN_POINT('',(-6.92820323027552,12.,-1.28830312067058));
#11017=CARTESIAN_POINT('',(-6.92820323027553,12.,-13.5116968793294));
#11018=CARTESIAN_POINT('',(-5.79695837230126,12.,-13.8382591409648));
#11019=CARTESIAN_POINT('',(-3.52058354317955,12.,-14.3769742856533));
#11020=CARTESIAN_POINT('',(-0.0190772089674789,12.,-14.6861978740334));
#11021=CARTESIAN_POINT('',(3.51742948652534,12.,-14.3791707959301));
#11022=CARTESIAN_POINT('',(5.7955479196707,12.,-13.8386663035678));
#11023=CARTESIAN_POINT('',(6.9282032302755,12.,-13.5116968793294));
#11024=CARTESIAN_POINT('',(-6.92820323027552,12.,-13.5116968793294));
#11025=CARTESIAN_POINT('',(-6.92820323027552,12.,-14.8));
#11026=CARTESIAN_POINT('',(-6.92820323027552,12.,-14.8));
#11027=CARTESIAN_POINT('',(-6.92820323027552,12.,-1.28830312067058));
#11028=CARTESIAN_POINT('',(-7.49382565926265,11.0203132150938,-0.961740859035174));
#11029=CARTESIAN_POINT('',(-8.6320130738235,9.0489147845389,-0.423025714346672));
#11030=CARTESIAN_POINT('',(-10.3827662409295,6.01652134759913,-0.113802125966587));
#11031=CARTESIAN_POINT('',(-12.1510195886759,2.95381670864859,-0.420829204069885));
#11032=CARTESIAN_POINT('',(-13.2900788052486,0.980908272715107,-0.961333696432224));
#11033=CARTESIAN_POINT('',(-13.856406460551,5.82523747490244E-16,-1.28830312067059));
#11034=CARTESIAN_POINT('',(-13.856406460551,5.56033906903898E-16,-1.28830312067059));
#11035=CARTESIAN_POINT('',(-13.856406460551,3.46944695195361E-15,-13.5116968793294));
#11036=CARTESIAN_POINT('',(-13.2907840315639,0.979686784906239,-13.8382591409648));
#11037=CARTESIAN_POINT('',(-12.152596617003,2.95108521546109,-14.3769742856533));
#11038=CARTESIAN_POINT('',(-10.401843449897,5.98347865240087,-14.6861978740334));
#11039=CARTESIAN_POINT('',(-8.6335901021506,9.0461832913514,-14.3791707959301));
#11040=CARTESIAN_POINT('',(-7.49453088557792,11.0190917272849,-13.8386663035678));
#11041=CARTESIAN_POINT('',(-6.92820323027552,12.,-13.5116968793294));
#11042=CARTESIAN_POINT('',(-13.856406460551,3.19150313932744E-15,-13.5116968793294));
#11043=CARTESIAN_POINT('',(-13.856406460551,3.6896973917833E-15,-14.8));
#11044=CARTESIAN_POINT('',(-13.856406460551,3.6896973917833E-15,-14.8));
#11045=CARTESIAN_POINT('',(-13.856406460551,1.07751017444343E-15,-1.28830312067059));
#11046=CARTESIAN_POINT('',(-13.2907840315639,-0.979686784906236,-0.961740859035177));
#11047=CARTESIAN_POINT('',(-12.152596617003,-2.95108521546109,-0.423025714346673));
#11048=CARTESIAN_POINT('',(-10.401843449897,-5.98347865240088,-0.113802125966583));
#11049=CARTESIAN_POINT('',(-8.63359010215059,-9.0461832913514,-0.420829204069878));
#11050=CARTESIAN_POINT('',(-7.4945308855779,-11.0190917272849,-0.961333696432219));
#11051=CARTESIAN_POINT('',(-6.9282032302755,-12.,-1.28830312067058));
#11052=CARTESIAN_POINT('',(-6.92820323027551,-12.,-1.28830312067058));
#11053=CARTESIAN_POINT('',(-6.9282032302755,-12.,-13.5116968793294));
#11054=CARTESIAN_POINT('',(-7.49382565926264,-11.0203132150938,-13.8382591409648));
#11055=CARTESIAN_POINT('',(-8.63201307382349,-9.04891478453891,-14.3769742856533));
#11056=CARTESIAN_POINT('',(-10.3827662409295,-6.01652134759913,-14.6861978740334));
#11057=CARTESIAN_POINT('',(-12.1510195886759,-2.9538167086486,-14.3791707959301));
#11058=CARTESIAN_POINT('',(-13.2900788052486,-0.980908272715104,-13.8386663035678));
#11059=CARTESIAN_POINT('',(-13.856406460551,3.94045789373613E-15,-13.5116968793294));
#11060=CARTESIAN_POINT('',(-6.9282032302755,-12.,-13.5116968793294));
#11061=CARTESIAN_POINT('',(-6.92820323027551,-12.,-14.8));
#11062=CARTESIAN_POINT('',(-6.92820323027551,-12.,-14.8));
#11063=CARTESIAN_POINT('',(-6.92820323027551,-12.,-1.28830312067058));
#11064=CARTESIAN_POINT('',(-5.79695837230124,-12.,-0.961740859035173));
#11065=CARTESIAN_POINT('',(-3.52058354317953,-12.,-0.423025714346671));
#11066=CARTESIAN_POINT('',(-0.0190772089674608,-12.,-0.113802125966581));
#11067=CARTESIAN_POINT('',(3.51742948652535,-12.,-0.420829204069877));
#11068=CARTESIAN_POINT('',(5.79554791967073,-12.,-0.961333696432221));
#11069=CARTESIAN_POINT('',(6.92820323027553,-12.,-1.28830312067059));
#11070=CARTESIAN_POINT('',(6.92820323027551,-12.,-1.28830312067058));
#11071=CARTESIAN_POINT('',(6.92820323027553,-12.,-13.5116968793294));
#11072=CARTESIAN_POINT('',(5.79695837230126,-12.,-13.8382591409648));
#11073=CARTESIAN_POINT('',(3.52058354317954,-12.,-14.3769742856533));
#11074=CARTESIAN_POINT('',(0.0190772089674717,-12.,-14.6861978740334));
#11075=CARTESIAN_POINT('',(-3.51742948652534,-12.,-14.3791707959301));
#11076=CARTESIAN_POINT('',(-5.79554791967071,-12.,-13.8386663035678));
#11077=CARTESIAN_POINT('',(-6.92820323027551,-12.,-13.5116968793294));
#11078=CARTESIAN_POINT('',(6.92820323027552,-12.,-13.5116968793294));
#11079=CARTESIAN_POINT('',(6.9282032302755,-12.,-14.8));
#11080=CARTESIAN_POINT('',(6.9282032302755,-12.,-14.8));
#11081=CARTESIAN_POINT('',(6.92820323027551,-12.,-1.28830312067058));
#11082=CARTESIAN_POINT('',(7.49382565926264,-11.0203132150938,-0.961740859035169));
#11083=CARTESIAN_POINT('',(8.6320130738235,-9.04891478453889,-0.423025714346665));
#11084=CARTESIAN_POINT('',(10.3827662409295,-6.01652134759913,-0.113802125966578));
#11085=CARTESIAN_POINT('',(12.1510195886759,-2.95381670864858,-0.420829204069874));
#11086=CARTESIAN_POINT('',(13.2900788052486,-0.980908272715101,-0.961333696432214));
#11087=CARTESIAN_POINT('',(13.856406460551,5.0516796815429E-15,-1.28830312067058));
#11088=CARTESIAN_POINT('',(13.856406460551,-6.20497243330174E-15,-13.5116968793294));
#11089=CARTESIAN_POINT('',(13.2907840315639,-0.979686784906241,-13.8382591409648));
#11090=CARTESIAN_POINT('',(12.152596617003,-2.9510852154611,-14.3769742856533));
#11091=CARTESIAN_POINT('',(10.401843449897,-5.98347865240087,-14.6861978740334));
#11092=CARTESIAN_POINT('',(8.63359010215059,-9.04618329135139,-14.3791707959301));
#11093=CARTESIAN_POINT('',(7.4945308855779,-11.0190917272849,-13.8386663035678));
#11094=CARTESIAN_POINT('',(6.92820323027551,-12.,-13.5116968793294));
#11095=CARTESIAN_POINT('',(0.,0.,-14.8));
#11096=CARTESIAN_POINT('',(0.,0.,-1.26875));
#11097=CARTESIAN_POINT('',(6.9175,0.,-1.26875));
#11098=CARTESIAN_POINT('',(0.,0.,-1.48525));
#11099=CARTESIAN_POINT('',(6.9175,0.,-1.48525));
#11100=CARTESIAN_POINT('',(0.,0.,-0.624981666397774));
#11101=CARTESIAN_POINT('',(0.,0.,-0.40561583319889));
#11102=CARTESIAN_POINT('',(-7.29745276854515,0.,-0.40561583319889));
#11103=CARTESIAN_POINT('',(0.,0.,-14.8));
#11104=CARTESIAN_POINT('',(0.,0.,-2.56775));
#11105=CARTESIAN_POINT('',(6.9175,0.,-2.56775));
#11106=CARTESIAN_POINT('',(0.,0.,-2.78425));
#11107=CARTESIAN_POINT('',(6.9175,0.,-2.78425));
#11108=CARTESIAN_POINT('',(0.,0.,-14.8));
#11109=CARTESIAN_POINT('',(0.,0.,-3.86675));
#11110=CARTESIAN_POINT('',(6.9175,0.,-3.86675));
#11111=CARTESIAN_POINT('',(0.,0.,-4.08325));
#11112=CARTESIAN_POINT('',(6.9175,0.,-4.08325));
#11113=CARTESIAN_POINT('',(0.,0.,-14.8));
#11114=CARTESIAN_POINT('',(0.,0.,-5.16575));
#11115=CARTESIAN_POINT('',(6.9175,0.,-5.16575));
#11116=CARTESIAN_POINT('',(0.,0.,-5.38225));
#11117=CARTESIAN_POINT('',(6.9175,0.,-5.38225));
#11118=CARTESIAN_POINT('',(0.,0.,-14.8));
#11119=CARTESIAN_POINT('',(0.,0.,-6.46475));
#11120=CARTESIAN_POINT('',(6.9175,0.,-6.46475));
#11121=CARTESIAN_POINT('',(0.,0.,-6.68125));
#11122=CARTESIAN_POINT('',(6.9175,0.,-6.68125));
#11123=CARTESIAN_POINT('',(0.,0.,-14.8));
#11124=CARTESIAN_POINT('',(0.,0.,-7.76375));
#11125=CARTESIAN_POINT('',(6.9175,0.,-7.76375));
#11126=CARTESIAN_POINT('',(0.,0.,-7.98025));
#11127=CARTESIAN_POINT('',(6.9175,0.,-7.98025));
#11128=CARTESIAN_POINT('',(0.,0.,-14.8));
#11129=CARTESIAN_POINT('',(0.,0.,-9.06275));
#11130=CARTESIAN_POINT('',(6.9175,0.,-9.06275));
#11131=CARTESIAN_POINT('',(0.,0.,-9.27925));
#11132=CARTESIAN_POINT('',(6.9175,0.,-9.27925));
#11133=CARTESIAN_POINT('',(0.,0.,-14.8));
#11134=CARTESIAN_POINT('',(0.,0.,-10.36175));
#11135=CARTESIAN_POINT('',(6.9175,0.,-10.36175));
#11136=CARTESIAN_POINT('',(0.,0.,-10.57825));
#11137=CARTESIAN_POINT('',(6.9175,0.,-10.57825));
#11138=CARTESIAN_POINT('',(0.,0.,-14.8));
#11139=CARTESIAN_POINT('',(0.,0.,-11.66075));
#11140=CARTESIAN_POINT('',(6.9175,0.,-11.66075));
#11141=CARTESIAN_POINT('',(0.,0.,-11.87725));
#11142=CARTESIAN_POINT('',(6.9175,0.,-11.87725));
#11143=CARTESIAN_POINT('',(0.,0.,-14.8));
#11144=CARTESIAN_POINT('',(0.,0.,-12.95975));
#11145=CARTESIAN_POINT('',(6.9175,0.,-12.95975));
#11146=CARTESIAN_POINT('',(0.,0.,-13.17625));
#11147=CARTESIAN_POINT('',(6.9175,0.,-13.17625));
#11148=CARTESIAN_POINT('',(0.,0.,-14.8));
#11149=CARTESIAN_POINT('',(0.,0.,-14.1234375));
#11150=CARTESIAN_POINT('',(7.15186812489916,0.,-14.1234375));
#11151=CARTESIAN_POINT('',(0.,0.,-13.5116968793294));
#11152=CARTESIAN_POINT('',(0.,0.,0.));
#11153=CARTESIAN_POINT('',(0.,0.,-14.25875));
#11154=CARTESIAN_POINT('',(0.,0.,-13.7175));
#11155=CARTESIAN_POINT('',(7.85497249959665,0.,-13.7175));
#11156=CARTESIAN_POINT('',(0.,0.,-13.7175));
#11157=CARTESIAN_POINT('',(0.,0.,-12.95975));
#11158=CARTESIAN_POINT('',(0.,0.,-12.4185));
#11159=CARTESIAN_POINT('',(7.85497249959665,0.,-12.4185));
#11160=CARTESIAN_POINT('',(0.,0.,-12.4185));
#11161=CARTESIAN_POINT('',(0.,0.,-11.66075));
#11162=CARTESIAN_POINT('',(0.,0.,-11.1195));
#11163=CARTESIAN_POINT('',(7.85497249959665,0.,-11.1195));
#11164=CARTESIAN_POINT('',(0.,0.,-11.1195));
#11165=CARTESIAN_POINT('',(0.,0.,-10.36175));
#11166=CARTESIAN_POINT('',(0.,0.,-9.8205));
#11167=CARTESIAN_POINT('',(7.85497249959665,0.,-9.8205));
#11168=CARTESIAN_POINT('',(0.,0.,-9.8205));
#11169=CARTESIAN_POINT('',(0.,0.,-9.06275));
#11170=CARTESIAN_POINT('',(0.,0.,-8.5215));
#11171=CARTESIAN_POINT('',(7.85497249959665,0.,-8.5215));
#11172=CARTESIAN_POINT('',(0.,0.,-8.5215));
#11173=CARTESIAN_POINT('',(0.,0.,-7.76375));
#11174=CARTESIAN_POINT('',(0.,0.,-7.2225));
#11175=CARTESIAN_POINT('',(7.85497249959665,0.,-7.2225));
#11176=CARTESIAN_POINT('',(0.,0.,-7.2225));
#11177=CARTESIAN_POINT('',(0.,0.,-6.46475));
#11178=CARTESIAN_POINT('',(0.,0.,-5.9235));
#11179=CARTESIAN_POINT('',(7.85497249959665,0.,-5.9235));
#11180=CARTESIAN_POINT('',(0.,0.,-5.9235));
#11181=CARTESIAN_POINT('',(0.,0.,-5.16575));
#11182=CARTESIAN_POINT('',(0.,0.,-4.6245));
#11183=CARTESIAN_POINT('',(7.85497249959665,0.,-4.6245));
#11184=CARTESIAN_POINT('',(0.,0.,-4.6245));
#11185=CARTESIAN_POINT('',(0.,0.,-3.86675));
#11186=CARTESIAN_POINT('',(0.,0.,-3.3255));
#11187=CARTESIAN_POINT('',(7.85497249959665,0.,-3.3255));
#11188=CARTESIAN_POINT('',(0.,0.,-3.3255));
#11189=CARTESIAN_POINT('',(0.,0.,-2.56775));
#11190=CARTESIAN_POINT('',(0.,0.,-2.0265));
#11191=CARTESIAN_POINT('',(7.85497249959665,0.,-2.0265));
#11192=CARTESIAN_POINT('',(0.,0.,-2.0265));
#11193=CARTESIAN_POINT('',(0.,0.,-1.26875));
#11194=CARTESIAN_POINT('',(0.,0.,-0.727500000000004));
#11195=CARTESIAN_POINT('',(7.85497249959665,0.,-0.727500000000004));
#11196=CARTESIAN_POINT('',(0.,0.,-0.727500000000004));
#11197=CARTESIAN_POINT('',(-1.12757025938492E-14,21.8549434175283,1.2490009027033E-13));
#11198=CARTESIAN_POINT('',(0.,150.,0.));
#11199=CARTESIAN_POINT('',(0.,110.,0.));
#11200=CARTESIAN_POINT('',(0.,110.,12.));
#11201=CARTESIAN_POINT('',(0.,160.,0.));
#11202=CARTESIAN_POINT('',(12.,160.,0.));
#11203=CARTESIAN_POINT('',(0.,160.,0.));
#11204=CARTESIAN_POINT('',(0.,160.,0.));
#11205=CARTESIAN_POINT('',(-7.,160.,0.));
#11206=CARTESIAN_POINT('',(0.,162.,0.));
#11207=CARTESIAN_POINT('',(0.,162.,0.));
#11208=CARTESIAN_POINT('',(-7.,162.,0.));
#11209=CARTESIAN_POINT('',(0.,177.,0.));
#11210=CARTESIAN_POINT('',(0.,177.,0.));
#11211=CARTESIAN_POINT('',(-8.,177.,0.));
#11212=CARTESIAN_POINT('',(0.,162.,0.));
#11213=CARTESIAN_POINT('',(-8.,162.,0.));
#11214=CARTESIAN_POINT('',(0.,177.,0.));
#11215=CARTESIAN_POINT('',(0.,162.,0.));
#11216=CARTESIAN_POINT('',(0.,110.,0.));
#11217=CARTESIAN_POINT('',(0.,105.,0.));
#11218=CARTESIAN_POINT('',(0.,105.,20.));
#11219=CARTESIAN_POINT('',(0.,110.,0.));
#11220=CARTESIAN_POINT('',(20.,110.,0.));
#11221=CARTESIAN_POINT('',(0.,110.,0.));
#11222=CARTESIAN_POINT('',(0.,100.,0.));
#11223=CARTESIAN_POINT('',(0.,100.,0.));
#11224=CARTESIAN_POINT('',(0.,100.,15.));
#11225=CARTESIAN_POINT('',(0.,105.,0.));
#11226=CARTESIAN_POINT('',(-6.93889390390723E-14,181.854943417528,1.67400815431762E-13));
#11227=CARTESIAN_POINT('',(-173.039134061076,-106.854943417528,220.000060668522));
#11228=CARTESIAN_POINT('',(-134.019567030538,75.,252.419287814605));
#11229=CARTESIAN_POINT('',(-134.019567030538,-75.,252.419287814605));
#11230=CARTESIAN_POINT('',(173.039133590836,106.854943417527,220.000060667532));
#11231=CARTESIAN_POINT('',(173.039134061076,-106.854943417528,220.000060668522));
#11232=CARTESIAN_POINT('',(134.019567030538,-74.9999999999999,252.419287814605));
#11233=CARTESIAN_POINT('',(64.7944466658507,50.,306.800716559245));
#11234=CARTESIAN_POINT('',(24.7944466658506,50.,-3.19928344075492));
#11235=CARTESIAN_POINT('',(24.7944466658506,24.,-3.19928344075492));
#11236=CARTESIAN_POINT('',(24.7944466658506,1.,-3.19928344075492));
#11237=CARTESIAN_POINT('',(30.3108913034788,24.,39.5531625008631));
#11238=CARTESIAN_POINT('',(29.9197327565564,24.,36.5216837622146));
#11239=CARTESIAN_POINT('',(29.9197327565564,24.0000000000016,36.5216837622146));
#11240=CARTESIAN_POINT('',(30.3383284067373,25.2354776891078,39.7658000511169));
#11241=CARTESIAN_POINT('',(30.7766490589475,26.,43.1627851057457));
#11242=CARTESIAN_POINT('',(31.2247894520697,26.,46.6358731524429));
#11243=CARTESIAN_POINT('',(31.2247894520697,26.,46.6358731524429));
#11244=CARTESIAN_POINT('',(31.2247894520697,50.,46.6358731524429));
#11245=CARTESIAN_POINT('',(31.2247894520697,49.,46.6358731524429));
#11246=CARTESIAN_POINT('',(55.117027311012,49.,231.800716559245));
#11247=CARTESIAN_POINT('',(55.117027311012,49.,231.800716559245));
#11248=CARTESIAN_POINT('',(55.117027311012,50.,231.800716559245));
#11249=CARTESIAN_POINT('',(55.117027311012,24.,231.800716559245));
#11250=CARTESIAN_POINT('',(64.7944466658507,24.,306.800716559245));
#11251=CARTESIAN_POINT('',(64.7944466658507,24.,306.800716559245));
#11252=CARTESIAN_POINT('',(64.7944466658507,50.,306.800716559245));
#11253=CARTESIAN_POINT('',(64.7944466658507,1.,306.800716559245));
#11254=CARTESIAN_POINT('',(64.7944466658507,0.999999999999994,306.800716559245));
#11255=CARTESIAN_POINT('',(-25.,50.,155.));
#11256=CARTESIAN_POINT('',(-25.,26.,50.0208418396642));
#11257=CARTESIAN_POINT('',(-25.,26.,46.5189608605245));
#11258=CARTESIAN_POINT('',(-25.,25.235477689108,43.0938137898837));
#11259=CARTESIAN_POINT('',(-25.,24.0000000000018,39.8228028124834));
#11260=CARTESIAN_POINT('',(-25.,26.,50.0208418396642));
#11261=CARTESIAN_POINT('',(-25.,24.,39.8228028124834));
#11262=CARTESIAN_POINT('',(-25.,24.,-5.72458747072346E-14));
#11263=CARTESIAN_POINT('',(-25.,24.,0.));
#11264=CARTESIAN_POINT('',(-25.,50.,0.));
#11265=CARTESIAN_POINT('',(-25.,1.,0.));
#11266=CARTESIAN_POINT('',(-25.,1.,155.));
#11267=CARTESIAN_POINT('',(-25.,1.,155.));
#11268=CARTESIAN_POINT('',(-25.,50.,155.));
#11269=CARTESIAN_POINT('',(-25.,49.,155.));
#11270=CARTESIAN_POINT('',(-25.,49.,6.01853107621011E-33));
#11271=CARTESIAN_POINT('',(-25.,49.,50.0208418396642));
#11272=CARTESIAN_POINT('',(-25.,50.,50.0208418396642));
#11273=CARTESIAN_POINT('',(0.,50.,0.));
#11274=CARTESIAN_POINT('',(0.,24.,0.));
#11275=CARTESIAN_POINT('',(0.,1.,0.));
#11276=CARTESIAN_POINT('',(-25.,49.,155.));
#11277=CARTESIAN_POINT('',(-24.,50.,155.));
#11278=CARTESIAN_POINT('',(-24.,50.,50.0208418396642));
#11279=CARTESIAN_POINT('',(-24.,50.,155.));
#11280=CARTESIAN_POINT('',(-11.9999999999999,62.,50.0208418396642));
#11281=CARTESIAN_POINT('',(-24.,50.,155.));
#11282=CARTESIAN_POINT('',(64.7944466658507,49.,306.800716559245));
#11283=CARTESIAN_POINT('',(18.3316771858274,62.,48.2995005416355));
#11284=CARTESIAN_POINT('',(30.2330115854357,50.,46.7638444900731));
#11285=CARTESIAN_POINT('',(23.8026687992166,50.,-3.07131210312472));
#11286=CARTESIAN_POINT('',(54.1252494443779,50.,231.928687896875));
#11287=CARTESIAN_POINT('',(55.117027311012,49.,231.800716559245));
#11288=CARTESIAN_POINT('',(15.7930669072661,50.,316.246950475544));
#11289=CARTESIAN_POINT('',(15.7930669072661,50.,316.246950475544));
#11290=CARTESIAN_POINT('',(15.7930669072661,24.,316.246950475544));
#11291=CARTESIAN_POINT('',(15.7930669072661,1.,316.246950475544));
#11292=CARTESIAN_POINT('',(-3.56177180241134,24.,241.246950475544));
#11293=CARTESIAN_POINT('',(-3.56177180241135,24.,241.246950475544));
#11294=CARTESIAN_POINT('',(-3.56177180241135,50.,241.246950475544));
#11295=CARTESIAN_POINT('',(-3.56177180241135,49.,241.246950475544));
#11296=CARTESIAN_POINT('',(-24.206933092734,49.,161.246950475544));
#11297=CARTESIAN_POINT('',(-24.206933092734,49.,161.246950475544));
#11298=CARTESIAN_POINT('',(-24.206933092734,50.,161.246950475544));
#11299=CARTESIAN_POINT('',(-24.206933092734,1.,161.246950475544));
#11300=CARTESIAN_POINT('',(15.7930669072661,1.,316.246950475544));
#11301=CARTESIAN_POINT('',(40.,50.,310.));
#11302=CARTESIAN_POINT('',(40.,24.,310.));
#11303=CARTESIAN_POINT('',(40.,1.,310.));
#11304=CARTESIAN_POINT('',(-2.23779328401008E-12,50.,155.000000000001));
#11305=CARTESIAN_POINT('',(-2.23779328401008E-12,1.,155.000000000001));
#11306=CARTESIAN_POINT('',(-2.23779328401008E-12,49.,155.000000000001));
#11307=CARTESIAN_POINT('',(40.,50.,310.));
#11308=CARTESIAN_POINT('',(6.43034278621908,50.,49.8351565931979));
#11309=CARTESIAN_POINT('',(5.73759758947628,50.,25.8451565079043));
#11310=CARTESIAN_POINT('',(-0.692745196742767,50.,26.0308417543705));
#11311=CARTESIAN_POINT('',(-0.692745196742771,50.,26.0308417543705));
#11312=CARTESIAN_POINT('',(2.77555756156289E-14,50.,50.0208418396642));
#11313=CARTESIAN_POINT('',(-2.23779328401008E-12,50.,155.000000000001));
#11314=CARTESIAN_POINT('',(-23.2386557690246,50.,160.997072456522));
#11315=CARTESIAN_POINT('',(-2.59349447870199,50.,240.997072456523));
#11316=CARTESIAN_POINT('',(-2.59349447870199,50.,240.997072456523));
#11317=CARTESIAN_POINT('',(20.6451612903226,50.,235.));
#11318=CARTESIAN_POINT('',(20.6451612903226,50.,259.));
#11319=CARTESIAN_POINT('',(30.3225806451613,50.,259.));
#11320=CARTESIAN_POINT('',(30.3225806451613,50.,259.));
#11321=CARTESIAN_POINT('',(30.3225806451613,50.,235.));
#11322=CARTESIAN_POINT('',(5.97785709821608E-12,50.,155.));
#11323=CARTESIAN_POINT('',(5.97785709821608E-12,50.,141.999999999997));
#11324=CARTESIAN_POINT('',(40.,0.,310.));
#11325=CARTESIAN_POINT('',(0.,0.,0.));
#11326=CARTESIAN_POINT('',(-24.,0.,5.43609258496397E-31));
#11327=CARTESIAN_POINT('',(23.8026687992166,0.,-3.07131210312472));
#11328=CARTESIAN_POINT('',(63.8026687992166,0.,306.928687896875));
#11329=CARTESIAN_POINT('',(63.8026687992166,0.,306.928687896875));
#11330=CARTESIAN_POINT('',(40.,0.,310.));
#11331=CARTESIAN_POINT('',(16.7613442309754,0.,315.997072456522));
#11332=CARTESIAN_POINT('',(16.7613442309754,0.,315.997072456522));
#11333=CARTESIAN_POINT('',(-23.2386557690246,0.,160.997072456522));
#11334=CARTESIAN_POINT('',(-2.23779328401008E-12,0.,155.000000000001));
#11335=CARTESIAN_POINT('',(-24.,0.,155.));
#11336=CARTESIAN_POINT('',(-24.,0.,310.));
#11337=CARTESIAN_POINT('',(40.,0.,310.));
#11338=CARTESIAN_POINT('',(40.,0.,297.));
#11339=CARTESIAN_POINT('',(5.97785709821608E-12,0.,155.));
#11340=CARTESIAN_POINT('',(5.97785709821608E-12,0.,141.999999999997));
#11341=CARTESIAN_POINT('',(0.,0.,0.));
#11342=CARTESIAN_POINT('',(0.,0.,-13.));
#11343=CARTESIAN_POINT('',(40.,204.18145614936,310.));
#11344=CARTESIAN_POINT('',(40.,24.,310.));
#11345=CARTESIAN_POINT('',(40.,24.,298.));
#11346=CARTESIAN_POINT('',(40.,1.,310.));
#11347=CARTESIAN_POINT('',(40.,1.,298.));
#11348=CARTESIAN_POINT('',(5.97785709821608E-12,204.18145614936,155.));
#11349=CARTESIAN_POINT('',(5.97785709821608E-12,1.,155.));
#11350=CARTESIAN_POINT('',(5.97785709821608E-12,1.,142.999999999997));
#11351=CARTESIAN_POINT('',(5.97785709821608E-12,49.,155.));
#11352=CARTESIAN_POINT('',(5.97785709821608E-12,49.,142.999999999997));
#11353=CARTESIAN_POINT('',(0.,204.18145614936,0.));
#11354=CARTESIAN_POINT('',(0.,24.,0.));
#11355=CARTESIAN_POINT('',(0.,24.,-12.));
#11356=CARTESIAN_POINT('',(0.,1.,0.));
#11357=CARTESIAN_POINT('',(0.,1.,-12.));
#11358=CARTESIAN_POINT('',(40.,25.,260.));
#11359=CARTESIAN_POINT('',(20.6451612903226,25.,260.));
#11360=CARTESIAN_POINT('',(20.6451612903226,49.,260.));
#11361=CARTESIAN_POINT('',(20.6451612903226,26.,260.));
#11362=CARTESIAN_POINT('',(40.,26.,260.));
#11363=CARTESIAN_POINT('',(30.3225806451613,26.,260.));
#11364=CARTESIAN_POINT('',(30.3225806451613,25.,260.));
#11365=CARTESIAN_POINT('',(30.3225806451613,49.,260.));
#11366=CARTESIAN_POINT('',(20.6451612903226,49.,260.));
#11367=CARTESIAN_POINT('',(40.,25.,310.));
#11368=CARTESIAN_POINT('',(40.,25.,310.));
#11369=CARTESIAN_POINT('',(40.,25.,297.));
#11370=CARTESIAN_POINT('',(40.,25.,261.));
#11371=CARTESIAN_POINT('',(30.3225806451613,25.,261.));
#11372=CARTESIAN_POINT('',(20.6451612903226,25.,261.));
#11373=CARTESIAN_POINT('',(20.6451612903226,25.,235.));
#11374=CARTESIAN_POINT('',(-0.0947142884842843,25.,250.679845693616));
#11375=CARTESIAN_POINT('',(16.7613442309755,25.,315.997072456523));
#11376=CARTESIAN_POINT('',(16.7613442309754,25.,315.997072456522));
#11377=CARTESIAN_POINT('',(40.,25.,310.));
#11378=CARTESIAN_POINT('',(63.8026687992166,25.,306.928687896875));
#11379=CARTESIAN_POINT('',(54.1252494443779,25.,231.928687896875));
#11380=CARTESIAN_POINT('',(55.4049628206799,25.,241.846466563216));
#11381=CARTESIAN_POINT('',(30.3225806451613,25.,235.));
#11382=CARTESIAN_POINT('',(20.6451612903226,50.,235.));
#11383=CARTESIAN_POINT('',(20.6451612903226,49.,235.));
#11384=CARTESIAN_POINT('',(0.823077423170607,26.,250.234335927883));
#11385=CARTESIAN_POINT('',(20.6451612903226,26.,235.));
#11386=CARTESIAN_POINT('',(20.6451612903226,49.,235.));
#11387=CARTESIAN_POINT('',(30.3225806451613,25.,235.));
#11388=CARTESIAN_POINT('',(30.3225806451613,26.,235.));
#11389=CARTESIAN_POINT('',(54.3873294933255,26.,241.774058080263));
#11390=CARTESIAN_POINT('',(30.3225806451613,48.9999999999999,235.));
#11391=CARTESIAN_POINT('',(30.3225806451613,49.,235.));
#11392=CARTESIAN_POINT('',(-2.23779328401008E-12,49.,155.000000000001));
#11393=CARTESIAN_POINT('',(-23.2386557690246,50.,160.997072456522));
#11394=CARTESIAN_POINT('',(30.3225806451613,50.,235.));
#11395=CARTESIAN_POINT('',(30.3225806451613,49.,260.));
#11396=CARTESIAN_POINT('',(15.7930669072661,49.,316.246950475544));
#11397=CARTESIAN_POINT('',(-2.59349447870199,50.,240.997072456523));
#11398=CARTESIAN_POINT('',(40.,50.,259.));
#11399=CARTESIAN_POINT('',(20.6451612903226,49.,260.));
#11400=CARTESIAN_POINT('',(20.6451612903226,50.,235.));
#11401=CARTESIAN_POINT('',(5.97785709821608E-12,50.,155.));
#11402=CARTESIAN_POINT('',(-2.23779328401008E-12,0.,155.000000000001));
#11403=CARTESIAN_POINT('',(-24.206933092734,1.,161.246950475544));
#11404=CARTESIAN_POINT('',(-24.,0.,155.));
#11405=CARTESIAN_POINT('',(-24.,0.,310.));
#11406=CARTESIAN_POINT('',(-24.,0.,5.43609258496397E-31));
#11407=CARTESIAN_POINT('',(16.7613442309754,0.,315.997072456522));
#11408=CARTESIAN_POINT('',(15.7930669072661,1.,316.246950475544));
#11409=CARTESIAN_POINT('',(0.,0.,0.));
#11410=CARTESIAN_POINT('',(23.8026687992166,0.,-3.07131210312472));
#11411=CARTESIAN_POINT('',(40.,0.,310.));
#11412=CARTESIAN_POINT('',(64.7944466658507,1.,306.800716559245));
#11413=CARTESIAN_POINT('',(63.8026687992166,0.,306.928687896875));
#11414=CARTESIAN_POINT('',(40.,1.,310.));
#11415=CARTESIAN_POINT('',(5.97785709821608E-12,1.,155.));
#11416=CARTESIAN_POINT('',(0.,1.,0.));
#11417=CARTESIAN_POINT('',(15.7930669072661,24.,316.246950475544));
#11418=CARTESIAN_POINT('',(16.7613442309754,25.,315.997072456522));
#11419=CARTESIAN_POINT('',(-0.0947142884842816,25.,250.679845693616));
#11420=CARTESIAN_POINT('',(0.211448148504429,25.3334007008289,250.531971319288));
#11421=CARTESIAN_POINT('',(0.517383403709414,25.666735395262,250.383480770019));
#11422=CARTESIAN_POINT('',(0.823077423170594,26.,250.234335927883));
#11423=CARTESIAN_POINT('',(40.,24.,310.));
#11424=CARTESIAN_POINT('',(63.8026687992166,25.,306.928687896875));
#11425=CARTESIAN_POINT('',(64.7944466658507,24.,306.800716559245));
#11426=CARTESIAN_POINT('',(54.3873294933255,26.,241.774058080263));
#11427=CARTESIAN_POINT('',(54.7265595033421,25.666735395262,241.798877785623));
#11428=CARTESIAN_POINT('',(55.0657702381471,25.3334007008289,241.823000409707));
#11429=CARTESIAN_POINT('',(55.4049628206799,25.,241.846466563216));
#11430=CARTESIAN_POINT('',(40.,25.,310.));
#11431=CARTESIAN_POINT('',(30.3225806451613,25.,235.));
#11432=CARTESIAN_POINT('',(30.3225806451613,25.,261.));
#11433=CARTESIAN_POINT('',(40.,26.,260.));
#11434=CARTESIAN_POINT('',(20.6451612903226,25.,261.));
#11435=CARTESIAN_POINT('',(20.6451612903226,25.,235.));
#11436=CARTESIAN_POINT('',(3.46944695195361E-15,25.,-5.55111512312578E-14));
#11437=CARTESIAN_POINT('',(0.,25.,0.));
#11438=CARTESIAN_POINT('',(0.,25.,-13.));
#11439=CARTESIAN_POINT('',(0.,25.,0.));
#11440=CARTESIAN_POINT('',(23.8026687992166,25.,-3.07131210312472));
#11441=CARTESIAN_POINT('',(-24.,25.,2.23835287222814E-17));
#11442=CARTESIAN_POINT('',(-24.,25.,42.8794134111213));
#11443=CARTESIAN_POINT('',(-24.,25.,40.0208418396641));
#11444=CARTESIAN_POINT('',(2.77555756156289E-14,25.,50.0208418396642));
#11445=CARTESIAN_POINT('',(-0.750473963138006,25.,24.031675080596));
#11446=CARTESIAN_POINT('',(0.692745196742811,25.,23.9900000852938));
#11447=CARTESIAN_POINT('',(5.67986882308105,25.,23.8459898341297));
#11448=CARTESIAN_POINT('',(6.43034278621908,25.,49.8351565931979));
#11449=CARTESIAN_POINT('',(28.9532982091337,25.,36.8460658237329));
#11450=CARTESIAN_POINT('',(23.8026687992166,25.,-3.07131210312462));
#11451=CARTESIAN_POINT('',(-24.,25.,25.7034548782613));
#11452=CARTESIAN_POINT('',(5.70873320627866,25.,24.845573171017));
#11453=CARTESIAN_POINT('',(5.70873320627866,49.,24.845573171017));
#11454=CARTESIAN_POINT('',(5.70873320627866,26.,24.845573171017));
#11455=CARTESIAN_POINT('',(-24.,26.,25.7034548782613));
#11456=CARTESIAN_POINT('',(-0.721609579940389,26.,25.0312584174832));
#11457=CARTESIAN_POINT('',(-0.721609579940389,25.,25.0312584174832));
#11458=CARTESIAN_POINT('',(-0.721609579940389,49.,25.0312584174832));
#11459=CARTESIAN_POINT('',(5.70873320627867,49.,24.845573171017));
#11460=CARTESIAN_POINT('',(0.,24.,0.));
#11461=CARTESIAN_POINT('',(6.43034278621908,50.,49.8351565931979));
#11462=CARTESIAN_POINT('',(6.43034278621908,26.,49.8351565931979));
#11463=CARTESIAN_POINT('',(6.43034278621908,49.,49.8351565931979));
#11464=CARTESIAN_POINT('',(2.77555756156289E-14,25.,50.0208418396642));
#11465=CARTESIAN_POINT('',(2.77555756156289E-14,26.,50.0208418396642));
#11466=CARTESIAN_POINT('',(2.77555756156289E-14,49.,50.0208418396642));
#11467=CARTESIAN_POINT('',(2.77555756156289E-14,50.,50.0208418396642));
#11468=CARTESIAN_POINT('',(-0.721609579940389,49.,25.0312584174832));
#11469=CARTESIAN_POINT('',(31.7729173515446,50.,25.0933498115011));
#11470=CARTESIAN_POINT('',(5.70873320627866,49.,24.845573171017));
#11471=CARTESIAN_POINT('',(6.43034278621908,50.,49.8351565931979));
#11472=CARTESIAN_POINT('',(6.43034278621908,25.,49.8351565931979));
#11473=CARTESIAN_POINT('',(29.9197327565564,24.,36.5216837622146));
#11474=CARTESIAN_POINT('',(29.5974456979028,24.3333955922521,36.6291954990748));
#11475=CARTESIAN_POINT('',(29.2752980871486,24.6667301346119,36.7373108980457));
#11476=CARTESIAN_POINT('',(28.9532982091337,25.,36.8460658237329));
#11477=CARTESIAN_POINT('',(5.70873320627866,26.,24.845573171017));
#11478=CARTESIAN_POINT('',(-24.,26.,25.7034548782613));
#11479=CARTESIAN_POINT('',(-0.721609579940389,26.,25.0312584174832));
#11480=CARTESIAN_POINT('',(2.77555756156289E-14,25.,50.0208418396642));
#11481=CARTESIAN_POINT('',(-24.,25.,40.0208418396641));
#11482=CARTESIAN_POINT('',(-24.3332698653881,24.6667301346119,39.9541878665865));
#11483=CARTESIAN_POINT('',(-24.6666044077474,24.3333955922526,39.8881870675033));
#11484=CARTESIAN_POINT('',(-24.9999999999995,24.0000000000005,39.8228028124787));
#11485=CARTESIAN_POINT('',(64.7944466658507,24.,306.800716559245));
#11486=CARTESIAN_POINT('',(23.8026687992166,25.,-3.07131210312472));
#11487=CARTESIAN_POINT('',(0.,24.,0.));
#11488=CARTESIAN_POINT('',(-24.,25.,2.23835287222814E-17));
#11489=CARTESIAN_POINT('',(-25.,24.,155.));
#11490=CARTESIAN_POINT('',(173.039134061076,-75.000000000603,220.000060668522));
#11491=CARTESIAN_POINT('',(-173.039134061076,75.,220.000060668522));
#11492=CARTESIAN_POINT('',(-25.,50.,155.));
#11493=CARTESIAN_POINT('',(-25.,50.,0.));
#11494=CARTESIAN_POINT('',(-25.,49.,0.));
#11495=CARTESIAN_POINT('',(-25.,26.,0.));
#11496=CARTESIAN_POINT('',(-25.,26.,155.));
#11497=CARTESIAN_POINT('',(-25.,26.,50.0208418396642));
#11498=CARTESIAN_POINT('',(-25.,0.,50.0208418396642));
#11499=CARTESIAN_POINT('',(-25.,1.,50.0208418396642));
#11500=CARTESIAN_POINT('',(-25.,1.,155.));
#11501=CARTESIAN_POINT('',(-25.,1.,155.));
#11502=CARTESIAN_POINT('',(-25.,50.,155.));
#11503=CARTESIAN_POINT('',(-25.,49.,155.));
#11504=CARTESIAN_POINT('',(-25.,49.,-3.48779366939978E-6));
#11505=CARTESIAN_POINT('',(0.,204.18145614936,0.));
#11506=CARTESIAN_POINT('',(0.,26.,0.));
#11507=CARTESIAN_POINT('',(0.,26.,-12.));
#11508=CARTESIAN_POINT('',(0.,49.,0.));
#11509=CARTESIAN_POINT('',(0.,49.,-12.));
#11510=CARTESIAN_POINT('',(64.7944466658507,50.,306.800716559245));
#11511=CARTESIAN_POINT('',(31.2247894520697,25.,46.635873152443));
#11512=CARTESIAN_POINT('',(31.2247894520697,1.00000000000001,46.635873152443));
#11513=CARTESIAN_POINT('',(31.2247894520697,26.,46.635873152443));
#11514=CARTESIAN_POINT('',(64.7944466658507,26.,306.800716559245));
#11515=CARTESIAN_POINT('',(24.7944466658506,26.,-3.19928344075492));
#11516=CARTESIAN_POINT('',(24.7944466658506,50.,-3.19928344075492));
#11517=CARTESIAN_POINT('',(24.7944466658506,49.,-3.19928344075492));
#11518=CARTESIAN_POINT('',(64.794447093613,49.,306.800719874403));
#11519=CARTESIAN_POINT('',(64.7944466658507,49.,306.800716559245));
#11520=CARTESIAN_POINT('',(64.7944466658507,50.,306.800716559245));
#11521=CARTESIAN_POINT('',(64.7944466658507,26.,306.800716559245));
#11522=CARTESIAN_POINT('',(55.1170273110119,26.,231.800716559245));
#11523=CARTESIAN_POINT('',(55.1170273110119,26.,231.800716559245));
#11524=CARTESIAN_POINT('',(55.1170273110119,50.,231.800716559245));
#11525=CARTESIAN_POINT('',(55.1170273110119,1.,231.800716559245));
#11526=CARTESIAN_POINT('',(64.7944466658507,1.00000000000001,306.800716559245));
#11527=CARTESIAN_POINT('',(15.7930669072661,50.,316.246950475544));
#11528=CARTESIAN_POINT('',(-3.5617718024114,50.,241.246950475544));
#11529=CARTESIAN_POINT('',(-3.5617718024114,1.,241.246950475544));
#11530=CARTESIAN_POINT('',(-3.5617718024114,26.,241.246950475544));
#11531=CARTESIAN_POINT('',(15.7930669072661,26.,316.246950475544));
#11532=CARTESIAN_POINT('',(15.7930669072661,26.,316.246950475544));
#11533=CARTESIAN_POINT('',(15.7930669072661,50.,316.246950475544));
#11534=CARTESIAN_POINT('',(15.7930669072661,49.,316.246950475544));
#11535=CARTESIAN_POINT('',(-24.206933092734,49.,161.246950475544));
#11536=CARTESIAN_POINT('',(-24.206933092734,49.,161.246950475544));
#11537=CARTESIAN_POINT('',(-24.206933092734,50.,161.246950475544));
#11538=CARTESIAN_POINT('',(-24.206933092734,1.,161.246950475544));
#11539=CARTESIAN_POINT('',(15.7930669072661,1.,316.246950475544));
#11540=CARTESIAN_POINT('',(40.,50.,310.));
#11541=CARTESIAN_POINT('',(40.,26.,310.));
#11542=CARTESIAN_POINT('',(40.,49.,310.));
#11543=CARTESIAN_POINT('',(40.,0.,310.));
#11544=CARTESIAN_POINT('',(5.97785709821608E-12,0.,155.));
#11545=CARTESIAN_POINT('',(5.97785709821608E-12,0.,141.999999999997));
#11546=CARTESIAN_POINT('',(5.73759758947625,0.,25.8451565079042));
#11547=CARTESIAN_POINT('',(-0.692745196742757,0.,26.0308417543705));
#11548=CARTESIAN_POINT('',(5.73759758947625,0.,25.8451565079042));
#11549=CARTESIAN_POINT('',(6.43034278621905,0.,49.8351565931979));
#11550=CARTESIAN_POINT('',(30.2330115854357,0.,46.7638444900732));
#11551=CARTESIAN_POINT('',(63.8026687992166,0.,306.928687896875));
#11552=CARTESIAN_POINT('',(54.1252494443779,0.,231.928687896875));
#11553=CARTESIAN_POINT('',(30.3225806451613,0.,235.));
#11554=CARTESIAN_POINT('',(30.3225806451615,0.,259.));
#11555=CARTESIAN_POINT('',(39.9999999999994,0.,259.));
#11556=CARTESIAN_POINT('',(20.6451612903228,0.,259.));
#11557=CARTESIAN_POINT('',(20.6451612903226,0.,235.));
#11558=CARTESIAN_POINT('',(-2.59349447870204,0.,240.997072456522));
#11559=CARTESIAN_POINT('',(16.7613442309754,0.,315.997072456522));
#11560=CARTESIAN_POINT('',(-23.2386557690246,0.,160.997072456522));
#11561=CARTESIAN_POINT('',(-2.23779328401008E-12,0.,155.000000000001));
#11562=CARTESIAN_POINT('',(-24.,0.,155.));
#11563=CARTESIAN_POINT('',(-24.,0.,310.));
#11564=CARTESIAN_POINT('',(-24.,0.,50.0208418396642));
#11565=CARTESIAN_POINT('',(4.74526143773198E-14,0.,50.0208418396642));
#11566=CARTESIAN_POINT('',(0.,50.,0.));
#11567=CARTESIAN_POINT('',(0.,26.,0.));
#11568=CARTESIAN_POINT('',(0.,49.,0.));
#11569=CARTESIAN_POINT('',(-2.23779328401008E-12,50.,155.000000000001));
#11570=CARTESIAN_POINT('',(-2.23779328401008E-12,49.,155.000000000001));
#11571=CARTESIAN_POINT('',(-2.23779328401008E-12,1.,155.000000000001));
#11572=CARTESIAN_POINT('',(40.,50.,310.));
#11573=CARTESIAN_POINT('',(40.,50.,310.));
#11574=CARTESIAN_POINT('',(40.,50.,297.));
#11575=CARTESIAN_POINT('',(0.,50.,0.));
#11576=CARTESIAN_POINT('',(0.,50.,-13.));
#11577=CARTESIAN_POINT('',(5.97785709821608E-12,50.,155.));
#11578=CARTESIAN_POINT('',(5.97785709821608E-12,50.,141.999999999997));
#11579=CARTESIAN_POINT('',(40.,50.,310.));
#11580=CARTESIAN_POINT('',(16.7613442309754,50.,315.997072456522));
#11581=CARTESIAN_POINT('',(63.8026687992166,50.,306.928687896875));
#11582=CARTESIAN_POINT('',(23.802668368892,50.,-3.07131543814048));
#11583=CARTESIAN_POINT('',(23.8026687992166,50.,-3.07131210312473));
#11584=CARTESIAN_POINT('',(0.,50.,0.));
#11585=CARTESIAN_POINT('',(-24.,50.,6.98926189495368E-31));
#11586=CARTESIAN_POINT('',(-24.,50.,155.));
#11587=CARTESIAN_POINT('',(-24.,50.,155.));
#11588=CARTESIAN_POINT('',(-2.23779328401008E-12,50.,155.000000000001));
#11589=CARTESIAN_POINT('',(-23.2386557690247,50.,160.997072456522));
#11590=CARTESIAN_POINT('',(16.7613450812916,50.,315.997075751497));
#11591=CARTESIAN_POINT('',(40.,204.18145614936,310.));
#11592=CARTESIAN_POINT('',(40.,26.,310.));
#11593=CARTESIAN_POINT('',(40.,26.,322.));
#11594=CARTESIAN_POINT('',(40.,49.,310.));
#11595=CARTESIAN_POINT('',(40.,49.,298.));
#11596=CARTESIAN_POINT('',(5.97785709821608E-12,204.18145614936,155.));
#11597=CARTESIAN_POINT('',(5.97785709821608E-12,49.,155.));
#11598=CARTESIAN_POINT('',(5.97785709821608E-12,49.,142.999999999997));
#11599=CARTESIAN_POINT('',(5.97785709821608E-12,1.,155.));
#11600=CARTESIAN_POINT('',(5.97785709821608E-12,1.,142.999999999997));
#11601=CARTESIAN_POINT('',(20.6451579667518,25.,260.));
#11602=CARTESIAN_POINT('',(30.3225806451615,25.,260.));
#11603=CARTESIAN_POINT('',(30.3225806451615,1.,260.));
#11604=CARTESIAN_POINT('',(30.3225806451615,24.,260.));
#11605=CARTESIAN_POINT('',(20.6451579667518,24.,260.));
#11606=CARTESIAN_POINT('',(20.6451612903229,24.,260.));
#11607=CARTESIAN_POINT('',(20.6451612903229,25.,260.));
#11608=CARTESIAN_POINT('',(20.6451612903229,1.,260.));
#11609=CARTESIAN_POINT('',(20.6451579667518,1.,260.));
#11610=CARTESIAN_POINT('',(40.,25.,310.));
#11611=CARTESIAN_POINT('',(40.,25.,310.));
#11612=CARTESIAN_POINT('',(40.,25.,323.));
#11613=CARTESIAN_POINT('',(-2.59349447870204,25.,240.997072456522));
#11614=CARTESIAN_POINT('',(16.7613442309754,25.,315.997072456522));
#11615=CARTESIAN_POINT('',(-0.0947142884843337,25.,250.679845693616));
#11616=CARTESIAN_POINT('',(20.6451612903226,25.,235.));
#11617=CARTESIAN_POINT('',(20.6451612903229,25.,261.));
#11618=CARTESIAN_POINT('',(39.9999999999995,25.,261.));
#11619=CARTESIAN_POINT('',(30.3225806451616,25.,261.));
#11620=CARTESIAN_POINT('',(30.3225806451613,25.,235.));
#11621=CARTESIAN_POINT('',(55.4049628206799,25.,241.846466563215));
#11622=CARTESIAN_POINT('',(63.8026692269789,25.,306.928691212033));
#11623=CARTESIAN_POINT('',(63.8026687992166,25.,306.928687896875));
#11624=CARTESIAN_POINT('',(40.,25.,310.));
#11625=CARTESIAN_POINT('',(-0.721609579940389,25.,25.0312584174832));
#11626=CARTESIAN_POINT('',(-0.721609579940373,25.,25.0312584174832));
#11627=CARTESIAN_POINT('',(-0.721609579940373,1.,25.0312584174832));
#11628=CARTESIAN_POINT('',(-0.721609579940373,24.,25.0312584174832));
#11629=CARTESIAN_POINT('',(-0.721609579940389,24.,25.0312584174832));
#11630=CARTESIAN_POINT('',(5.70873320627863,24.,24.845573171017));
#11631=CARTESIAN_POINT('',(5.70873320627863,6.93889390390723E-15,24.845573171017));
#11632=CARTESIAN_POINT('',(5.70873320627863,1.,24.845573171017));
#11633=CARTESIAN_POINT('',(-0.721609579940373,1.,25.0312584174832));
#11634=CARTESIAN_POINT('',(-5.2583805365547E-15,25.,-1.87805500317939E-12));
#11635=CARTESIAN_POINT('',(0.,25.,0.));
#11636=CARTESIAN_POINT('',(0.,25.,-13.));
#11637=CARTESIAN_POINT('',(23.8026687992164,25.,-3.07131210312657));
#11638=CARTESIAN_POINT('',(23.8026687992166,25.,-3.07131210312472));
#11639=CARTESIAN_POINT('',(28.9532982091337,25.,36.8460658237329));
#11640=CARTESIAN_POINT('',(6.43034278621905,25.,49.8351565931979));
#11641=CARTESIAN_POINT('',(5.67986882308101,25.,23.8459898341298));
#11642=CARTESIAN_POINT('',(0.692745196742856,25.,23.9900000852938));
#11643=CARTESIAN_POINT('',(-0.75047396313799,25.,24.031675080596));
#11644=CARTESIAN_POINT('',(4.74526143773198E-14,25.,50.0208418396642));
#11645=CARTESIAN_POINT('',(-24.,25.,40.0208418396642));
#11646=CARTESIAN_POINT('',(-24.,25.,-1.87859220786873E-12));
#11647=CARTESIAN_POINT('',(-24.,25.,5.43609258496397E-31));
#11648=CARTESIAN_POINT('',(0.,25.,0.));
#11649=CARTESIAN_POINT('',(4.74526143773198E-14,50.,50.0208418396642));
#11650=CARTESIAN_POINT('',(4.74526143773198E-14,0.999999999999973,50.0208418396642));
#11651=CARTESIAN_POINT('',(-23.,24.,40.2228828685314));
#11652=CARTESIAN_POINT('',(4.74526143773198E-14,24.,50.0208418396642));
#11653=CARTESIAN_POINT('',(4.74526143773198E-14,1.,50.0208418396642));
#11654=CARTESIAN_POINT('',(30.3225806451613,50.,235.));
#11655=CARTESIAN_POINT('',(30.3225806451613,1.00000000000004,235.));
#11656=CARTESIAN_POINT('',(54.3873294933255,24.,241.774058080263));
#11657=CARTESIAN_POINT('',(30.3225806451613,24.,235.));
#11658=CARTESIAN_POINT('',(30.3225806451613,1.,235.));
#11659=CARTESIAN_POINT('',(20.6451612903226,25.,235.));
#11660=CARTESIAN_POINT('',(20.6451612903226,24.,235.));
#11661=CARTESIAN_POINT('',(0.823077423170541,24.,250.234335927883));
#11662=CARTESIAN_POINT('',(20.6451612903226,1.00000000000002,235.));
#11663=CARTESIAN_POINT('',(20.6451612903226,1.,235.));
#11664=CARTESIAN_POINT('',(6.43034278621905,25.,49.8351565931979));
#11665=CARTESIAN_POINT('',(6.43034278621905,24.,49.8351565931979));
#11666=CARTESIAN_POINT('',(27.98737580322,24.,37.1744169819457));
#11667=CARTESIAN_POINT('',(6.43034278621905,1.00000000000014,49.8351565931979));
#11668=CARTESIAN_POINT('',(6.43034278621905,1.,49.8351565931979));
#11669=CARTESIAN_POINT('',(5.97785709821608E-12,1.,155.));
#11670=CARTESIAN_POINT('',(15.7930669072661,1.,316.246950475544));
#11671=CARTESIAN_POINT('',(-3.5617718024114,1.,241.246950475544));
#11672=CARTESIAN_POINT('',(-23.2386557690247,0.,160.997072456522));
#11673=CARTESIAN_POINT('',(-2.23779328401008E-12,0.,155.000000000001));
#11674=CARTESIAN_POINT('',(-24.,0.,155.));
#11675=CARTESIAN_POINT('',(20.6451612903226,0.,235.));
#11676=CARTESIAN_POINT('',(20.6451612903229,1.,260.));
#11677=CARTESIAN_POINT('',(-25.,1.,155.));
#11678=CARTESIAN_POINT('',(-24.,0.,50.0208418396642));
#11679=CARTESIAN_POINT('',(39.9999999999994,0.,259.));
#11680=CARTESIAN_POINT('',(30.3225806451615,1.,260.));
#11681=CARTESIAN_POINT('',(4.74526143773198E-14,0.,50.0208418396642));
#11682=CARTESIAN_POINT('',(-0.692745196742756,0.,26.0308417543705));
#11683=CARTESIAN_POINT('',(30.3225806451613,0.,235.));
#11684=CARTESIAN_POINT('',(55.1170273110119,1.,231.800716559245));
#11685=CARTESIAN_POINT('',(-0.721609579940389,1.,25.0312584174832));
#11686=CARTESIAN_POINT('',(5.73759758947625,0.,25.8451565079042));
#11687=CARTESIAN_POINT('',(64.7944466658507,1.,306.800716559245));
#11688=CARTESIAN_POINT('',(31.2247894520697,1.00000000000001,46.635873152443));
#11689=CARTESIAN_POINT('',(6.43034278621905,0.,49.8351565931979));
#11690=CARTESIAN_POINT('',(40.,50.,310.));
#11691=CARTESIAN_POINT('',(0.,49.,0.));
#11692=CARTESIAN_POINT('',(5.97785709821608E-12,50.,155.));
#11693=CARTESIAN_POINT('',(-2.23779328401008E-12,49.,155.000000000001));
#11694=CARTESIAN_POINT('',(-25.,49.,155.));
#11695=CARTESIAN_POINT('',(-23.2386557690246,50.,160.997072456522));
#11696=CARTESIAN_POINT('',(16.7613442309754,50.,315.997072456522));
#11697=CARTESIAN_POINT('',(16.7613442309754,50.,315.997072456522));
#11698=CARTESIAN_POINT('',(-24.,50.,310.));
#11699=CARTESIAN_POINT('',(-25.,49.,4.65950792996912E-31));
#11700=CARTESIAN_POINT('',(40.,49.,310.));
#11701=CARTESIAN_POINT('',(63.8026687992166,50.,306.928687896875));
#11702=CARTESIAN_POINT('',(0.,49.,0.));
#11703=CARTESIAN_POINT('',(24.7944466658506,49.,-3.19928344075492));
#11704=CARTESIAN_POINT('',(63.8026687992166,50.,306.928687896875));
#11705=CARTESIAN_POINT('',(40.,26.,310.));
#11706=CARTESIAN_POINT('',(64.7944466658507,26.,306.800716559245));
#11707=CARTESIAN_POINT('',(63.8026687992166,25.,306.928687896875));
#11708=CARTESIAN_POINT('',(55.4049628206799,25.,241.846466563215));
#11709=CARTESIAN_POINT('',(55.0657702381471,24.6665992991711,241.823000409707));
#11710=CARTESIAN_POINT('',(54.726559503342,24.333264604738,241.798877785623));
#11711=CARTESIAN_POINT('',(54.3873294933255,24.,241.774058080263));
#11712=CARTESIAN_POINT('',(40.,26.,310.));
#11713=CARTESIAN_POINT('',(16.7613442309754,25.,315.997072456522));
#11714=CARTESIAN_POINT('',(15.7930669072661,26.,316.246950475544));
#11715=CARTESIAN_POINT('',(0.823077423170545,24.,250.234335927883));
#11716=CARTESIAN_POINT('',(0.517383403709357,24.333264604738,250.383480770019));
#11717=CARTESIAN_POINT('',(0.211448148504381,24.6665992991711,250.531971319288));
#11718=CARTESIAN_POINT('',(-0.094714288484337,25.,250.679845693616));
#11719=CARTESIAN_POINT('',(0.,26.,0.));
#11720=CARTESIAN_POINT('',(-24.,25.,-1.87859220786873E-12));
#11721=CARTESIAN_POINT('',(-24.,25.,5.43609258496397E-31));
#11722=CARTESIAN_POINT('',(-24.,25.,40.0208418396642));
#11723=CARTESIAN_POINT('',(-23.6665992991711,24.6665992991711,40.0875219798299));
#11724=CARTESIAN_POINT('',(-23.3332646047379,24.333264604738,40.1548555159533));
#11725=CARTESIAN_POINT('',(-23.,24.,40.2228828685314));
#11726=CARTESIAN_POINT('',(0.,25.,0.));
#11727=CARTESIAN_POINT('',(23.8026687992166,25.,-3.07131210312472));
#11728=CARTESIAN_POINT('',(23.8026687992164,25.,-3.07131210312657));
#11729=CARTESIAN_POINT('',(27.98737580322,24.,37.1744169819457));
#11730=CARTESIAN_POINT('',(28.3091947106268,24.3332646047379,37.0643006420798));
#11731=CARTESIAN_POINT('',(28.6311719200617,24.6665992991711,36.9548634445453));
#11732=CARTESIAN_POINT('',(28.9532982091337,25.,36.8460658237329));
#11733=CARTESIAN_POINT('',(4.74526143773198E-14,25.,50.0208418396642));
#11734=CARTESIAN_POINT('',(-0.721609579940373,24.,25.0312584174832));
#11735=CARTESIAN_POINT('',(0.692745196742856,25.,23.9900000852938));
#11736=CARTESIAN_POINT('',(5.70873320627863,24.,24.845573171017));
#11737=CARTESIAN_POINT('',(6.43034278621905,25.,49.8351565931979));
#11738=CARTESIAN_POINT('',(30.3225806451613,25.,235.));
#11739=CARTESIAN_POINT('',(30.3225806451615,24.,260.));
#11740=CARTESIAN_POINT('',(20.6451579667518,24.,260.));
#11741=CARTESIAN_POINT('',(20.6451612903229,24.,260.));
#11742=CARTESIAN_POINT('',(20.6451612903226,25.,235.));
#11743=CARTESIAN_POINT('',(-173.039134061076,-25.,220.000060668522));
#11744=CARTESIAN_POINT('',(173.039134061076,25.,220.000060668522));
#11745=CARTESIAN_POINT('',(64.2069330927339,50.,148.753049524456));
#11746=CARTESIAN_POINT('',(42.9575429976251,50.,66.4116629059089));
#11747=CARTESIAN_POINT('',(42.9575429976251,49.,66.4116629059089));
#11748=CARTESIAN_POINT('',(42.9575429976251,24.,66.4116629059089));
#11749=CARTESIAN_POINT('',(64.2069330927339,24.,148.753049524456));
#11750=CARTESIAN_POINT('',(64.2069330927339,24.,148.753049524456));
#11751=CARTESIAN_POINT('',(64.2069330927339,50.,148.753049524456));
#11752=CARTESIAN_POINT('',(64.2069330927339,1.00000000000001,148.753049524456));
#11753=CARTESIAN_POINT('',(64.2069330927339,1.00000000000001,148.753049524456));
#11754=CARTESIAN_POINT('',(24.2069330927339,1.,-6.24695047554428));
#11755=CARTESIAN_POINT('',(24.2069330927339,50.,-6.24695047554428));
#11756=CARTESIAN_POINT('',(24.2069330927339,49.,-6.24695047554428));
#11757=CARTESIAN_POINT('',(42.9575429976251,49.,66.4116629059089));
#11758=CARTESIAN_POINT('',(40.,50.,155.));
#11759=CARTESIAN_POINT('',(40.,24.,155.));
#11760=CARTESIAN_POINT('',(15.7930669072661,24.,161.246950475544));
#11761=CARTESIAN_POINT('',(15.7930669072661,50.,161.246950475544));
#11762=CARTESIAN_POINT('',(15.7930669072661,1.00000000000001,161.246950475544));
#11763=CARTESIAN_POINT('',(40.,1.,155.));
#11764=CARTESIAN_POINT('',(0.,50.,0.));
#11765=CARTESIAN_POINT('',(-4.48804586413343,50.,78.6556858379757));
#11766=CARTESIAN_POINT('',(-23.2386557690246,50.,5.99707245652245));
#11767=CARTESIAN_POINT('',(-4.48804586413342,50.,78.6556858379757));
#11768=CARTESIAN_POINT('',(18.7506099048911,50.,72.6586133814532));
#11769=CARTESIAN_POINT('',(41.9892656739157,50.,66.6615409249307));
#11770=CARTESIAN_POINT('',(23.2386557690246,50.,-5.99707245652251));
#11771=CARTESIAN_POINT('',(23.2386557690246,50.,-5.99707245652251));
#11772=CARTESIAN_POINT('',(0.,50.,0.));
#11773=CARTESIAN_POINT('',(-6.93889390390723E-15,50.,0.));
#11774=CARTESIAN_POINT('',(-6.93889390390723E-15,50.,-13.));
#11775=CARTESIAN_POINT('',(40.,119.85702140599,155.));
#11776=CARTESIAN_POINT('',(40.,24.,155.));
#11777=CARTESIAN_POINT('',(40.,24.,167.));
#11778=CARTESIAN_POINT('',(40.,1.,155.));
#11779=CARTESIAN_POINT('',(40.,1.,143.));
#11780=CARTESIAN_POINT('',(-24.2069330927339,50.,6.24695047554423));
#11781=CARTESIAN_POINT('',(-24.2069330927339,24.,6.24695047554423));
#11782=CARTESIAN_POINT('',(-5.45632318784278,24.,78.9055638569974));
#11783=CARTESIAN_POINT('',(-5.45632318784278,50.,78.9055638569974));
#11784=CARTESIAN_POINT('',(-5.45632318784278,49.,78.9055638569974));
#11785=CARTESIAN_POINT('',(-24.2069330927339,49.,6.24695047554422));
#11786=CARTESIAN_POINT('',(-24.2069330927339,49.,6.24695047554422));
#11787=CARTESIAN_POINT('',(-24.2069330927339,50.,6.24695047554422));
#11788=CARTESIAN_POINT('',(-24.2069330927339,1.00000000000001,6.24695047554422));
#11789=CARTESIAN_POINT('',(-24.2069330927339,1.00000000000001,6.24695047554423));
#11790=CARTESIAN_POINT('',(0.,50.,0.));
#11791=CARTESIAN_POINT('',(0.,1.,0.));
#11792=CARTESIAN_POINT('',(0.,49.,0.));
#11793=CARTESIAN_POINT('',(0.,0.,0.));
#11794=CARTESIAN_POINT('',(23.2386557690246,0.,-5.99707245652248));
#11795=CARTESIAN_POINT('',(23.2386557690246,0.,-5.99707245652251));
#11796=CARTESIAN_POINT('',(63.2386557690246,0.,149.002927543477));
#11797=CARTESIAN_POINT('',(40.,0.,155.));
#11798=CARTESIAN_POINT('',(16.7613442309755,0.,160.997072456522));
#11799=CARTESIAN_POINT('',(-23.2386557690246,0.,5.99707245652248));
#11800=CARTESIAN_POINT('',(-23.2386557690246,0.,5.99707245652245));
#11801=CARTESIAN_POINT('',(0.,0.,0.));
#11802=CARTESIAN_POINT('',(-6.93889390390723E-15,0.,0.));
#11803=CARTESIAN_POINT('',(-6.93889390390723E-15,0.,-13.));
#11804=CARTESIAN_POINT('',(40.,0.,155.));
#11805=CARTESIAN_POINT('',(40.,0.,142.));
#11806=CARTESIAN_POINT('',(-6.93889390390723E-15,119.85702140599,0.));
#11807=CARTESIAN_POINT('',(-6.93889390390723E-15,1.,0.));
#11808=CARTESIAN_POINT('',(-6.93889390390723E-15,1.,-12.));
#11809=CARTESIAN_POINT('',(-6.93889390390723E-15,49.,0.));
#11810=CARTESIAN_POINT('',(-6.93889390390723E-15,49.,-12.));
#11811=CARTESIAN_POINT('',(24.9975603804354,25.,96.8655464741871));
#11812=CARTESIAN_POINT('',(40.,25.,155.));
#11813=CARTESIAN_POINT('',(40.,25.,168.));
#11814=CARTESIAN_POINT('',(48.23621614946,25.,90.8684740176647));
#11815=CARTESIAN_POINT('',(63.2386557690246,25.,149.002927543477));
#11816=CARTESIAN_POINT('',(44.4880458641334,25.,76.3443141620243));
#11817=CARTESIAN_POINT('',(18.7506099048911,25.,72.6586133814532));
#11818=CARTESIAN_POINT('',(-1.98926567391569,25.,88.3384590750694));
#11819=CARTESIAN_POINT('',(1.75890461141083,25.,102.86261893071));
#11820=CARTESIAN_POINT('',(16.7613442309755,25.,160.997072456522));
#11821=CARTESIAN_POINT('',(40.,25.,155.));
#11822=CARTESIAN_POINT('',(18.7506099048911,25.,72.6586133814532));
#11823=CARTESIAN_POINT('',(18.7506099048911,48.9999999999996,72.6586133814532));
#11824=CARTESIAN_POINT('',(-1.07147396226078,26.,87.8929493093365));
#11825=CARTESIAN_POINT('',(18.7506099048911,26.,72.6586133814532));
#11826=CARTESIAN_POINT('',(43.4692829283696,26.,76.3985604343349));
#11827=CARTESIAN_POINT('',(18.7506099048911,49.,72.6586133814532));
#11828=CARTESIAN_POINT('',(18.7506099048911,49.,72.6586133814532));
#11829=CARTESIAN_POINT('',(0.,49.,0.));
#11830=CARTESIAN_POINT('',(24.2069330927339,49.,-6.24695047554428));
#11831=CARTESIAN_POINT('',(-23.2386557690246,50.,5.99707245652245));
#11832=CARTESIAN_POINT('',(-24.2069330927339,49.,6.24695047554423));
#11833=CARTESIAN_POINT('',(-4.48804586413342,50.,78.6556858379757));
#11834=CARTESIAN_POINT('',(64.2069330927339,49.,148.753049524456));
#11835=CARTESIAN_POINT('',(42.9575429976251,49.,66.4116629059089));
#11836=CARTESIAN_POINT('',(18.7506099048911,50.,72.6586133814532));
#11837=CARTESIAN_POINT('',(-6.93889390390723E-15,49.,0.));
#11838=CARTESIAN_POINT('',(0.,0.,0.));
#11839=CARTESIAN_POINT('',(-24.2069330927339,1.,6.24695047554422));
#11840=CARTESIAN_POINT('',(23.2386557690246,0.,-5.99707245652251));
#11841=CARTESIAN_POINT('',(23.2386557690246,0.,-5.99707245652248));
#11842=CARTESIAN_POINT('',(63.2386557690246,0.,149.002927543477));
#11843=CARTESIAN_POINT('',(-23.2386557690246,0.,5.99707245652248));
#11844=CARTESIAN_POINT('',(15.7930669072661,1.00000000000001,161.246950475544));
#11845=CARTESIAN_POINT('',(40.,0.,155.));
#11846=CARTESIAN_POINT('',(-6.93889390390723E-15,0.,0.));
#11847=CARTESIAN_POINT('',(40.,0.,155.));
#11848=CARTESIAN_POINT('',(40.,24.,155.));
#11849=CARTESIAN_POINT('',(64.2069330927339,24.,148.753049524456));
#11850=CARTESIAN_POINT('',(43.4692829283696,26.,76.3985604343349));
#11851=CARTESIAN_POINT('',(43.8089740280338,25.666735395262,76.3811542779864));
#11852=CARTESIAN_POINT('',(44.1485596244793,25.3334007008289,76.3630588010236));
#11853=CARTESIAN_POINT('',(44.4880458641334,25.,76.3443141620243));
#11854=CARTESIAN_POINT('',(64.2069330927339,24.,148.753049524456));
#11855=CARTESIAN_POINT('',(40.,24.,155.));
#11856=CARTESIAN_POINT('',(15.7930669072661,24.,161.246950475544));
#11857=CARTESIAN_POINT('',(-24.2069330927339,24.,6.24695047554423));
#11858=CARTESIAN_POINT('',(-1.98926567391569,25.,88.3384590750694));
#11859=CARTESIAN_POINT('',(-1.68310323692696,25.3334007008289,88.1905847007415));
#11860=CARTESIAN_POINT('',(-1.37716798172197,25.666735395262,88.042094151472));
#11861=CARTESIAN_POINT('',(-1.07147396226077,26.,87.8929493093365));
#11862=CARTESIAN_POINT('',(18.7506099048911,25.,72.6586133814532));
#11863=CARTESIAN_POINT('',(97.9019945774902,75.,375.));
#11864=CARTESIAN_POINT('',(97.9019945774903,-75.,375.));
#11865=CARTESIAN_POINT('',(-97.9019945774903,-75.,375.));
#11866=CARTESIAN_POINT('',(-97.9019945774903,75.,375.));
#11867=CARTESIAN_POINT('',(95.,90.,225.));
#11868=CARTESIAN_POINT('',(95.,60.,225.));
#11869=CARTESIAN_POINT('',(95.,60.,225.));
#11870=CARTESIAN_POINT('',(95.,60.,25.));
#11871=CARTESIAN_POINT('',(95.,90.,225.));
#11872=CARTESIAN_POINT('',(95.,90.,225.));
#11873=CARTESIAN_POINT('',(95.,90.,225.));
#11874=CARTESIAN_POINT('',(95.,90.,25.));
#11875=CARTESIAN_POINT('',(95.,90.,25.));
#11876=CARTESIAN_POINT('',(3.03576608295941E-15,100.,25.));
#11877=CARTESIAN_POINT('',(125.,100.,25.));
#11878=CARTESIAN_POINT('',(125.,9.99999999999999,25.));
#11879=CARTESIAN_POINT('',(125.,0.,25.));
#11880=CARTESIAN_POINT('',(95.,9.99999999999999,25.));
#11881=CARTESIAN_POINT('',(95.,9.99999999999999,25.));
#11882=CARTESIAN_POINT('',(95.,90.,25.));
#11883=CARTESIAN_POINT('',(95.,40.,25.));
#11884=CARTESIAN_POINT('',(95.,40.,25.));
#11885=CARTESIAN_POINT('',(-5.,40.,25.));
#11886=CARTESIAN_POINT('',(-5.,60.,25.));
#11887=CARTESIAN_POINT('',(-5.,60.,25.));
#11888=CARTESIAN_POINT('',(95.,60.,25.));
#11889=CARTESIAN_POINT('',(105.,90.,25.));
#11890=CARTESIAN_POINT('',(125.,90.,25.));
#11891=CARTESIAN_POINT('',(125.,100.,25.));
#11892=CARTESIAN_POINT('',(125.,100.,25.));
#11893=CARTESIAN_POINT('',(3.03576608295941E-15,100.,25.));
#11894=CARTESIAN_POINT('',(-50.,100.,25.));
#11895=CARTESIAN_POINT('',(-50.,100.,25.));
#11896=CARTESIAN_POINT('',(-50.,0.,25.));
#11897=CARTESIAN_POINT('',(3.03576608295941E-15,0.,25.));
#11898=CARTESIAN_POINT('',(75.,100.,0.));
#11899=CARTESIAN_POINT('',(75.,100.,0.));
#11900=CARTESIAN_POINT('',(75.,100.,-25.));
#11901=CARTESIAN_POINT('',(96.9317121994613,100.,12.));
#11902=CARTESIAN_POINT('',(96.9317121994613,100.,12.));
#11903=CARTESIAN_POINT('',(96.9317121994613,0.,12.));
#11904=CARTESIAN_POINT('',(75.,0.,0.));
#11905=CARTESIAN_POINT('',(75.,0.,-25.));
#11906=CARTESIAN_POINT('',(75.,100.,-25.));
#11907=CARTESIAN_POINT('',(75.,100.,-25.));
#11908=CARTESIAN_POINT('',(75.,0.,-25.));
#11909=CARTESIAN_POINT('',(-2.67968859893057E-14,0.,-25.));
#11910=CARTESIAN_POINT('',(-2.67968859893057E-14,100.,-25.));
#11911=CARTESIAN_POINT('',(-2.67968859893057E-14,100.,-25.));
#11912=CARTESIAN_POINT('',(75.,100.,-25.));
#11913=CARTESIAN_POINT('',(0.,100.,0.));
#11914=CARTESIAN_POINT('',(-21.9317121994613,100.,12.));
#11915=CARTESIAN_POINT('',(-21.9317121994613,100.,12.));
#11916=CARTESIAN_POINT('',(-21.9317121994613,0.,12.));
#11917=CARTESIAN_POINT('',(0.,100.,0.));
#11918=CARTESIAN_POINT('',(0.,0.,0.));
#11919=CARTESIAN_POINT('',(75.,100.,0.));
#11920=CARTESIAN_POINT('',(75.,100.,0.));
#11921=CARTESIAN_POINT('',(75.,100.,-12.));
#11922=CARTESIAN_POINT('',(0.,100.,0.));
#11923=CARTESIAN_POINT('',(0.,100.,-12.));
#11924=CARTESIAN_POINT('',(-21.9317121994613,100.,12.));
#11925=CARTESIAN_POINT('',(-50.,100.,12.));
#11926=CARTESIAN_POINT('',(-50.,100.,12.));
#11927=CARTESIAN_POINT('',(125.,100.,25.));
#11928=CARTESIAN_POINT('',(125.,100.,12.));
#11929=CARTESIAN_POINT('',(96.9317121994613,100.,12.));
#11930=CARTESIAN_POINT('',(75.,0.,0.));
#11931=CARTESIAN_POINT('',(75.,0.,0.));
#11932=CARTESIAN_POINT('',(87.,0.,0.));
#11933=CARTESIAN_POINT('',(0.,0.,0.));
#11934=CARTESIAN_POINT('',(12.,0.,0.));
#11935=CARTESIAN_POINT('',(96.9317121994613,0.,12.));
#11936=CARTESIAN_POINT('',(125.,0.,12.));
#11937=CARTESIAN_POINT('',(125.,0.,25.));
#11938=CARTESIAN_POINT('',(-50.,0.,12.));
#11939=CARTESIAN_POINT('',(-50.,0.,12.));
#11940=CARTESIAN_POINT('',(-21.9317121994613,0.,12.));
#11941=CARTESIAN_POINT('',(0.,139.092819933278,0.));
#11942=CARTESIAN_POINT('',(75.,139.092819933278,0.));
#11943=CARTESIAN_POINT('',(96.9317121994613,100.,12.));
#11944=CARTESIAN_POINT('',(125.,100.,12.));
#11945=CARTESIAN_POINT('',(125.,100.,25.));
#11946=CARTESIAN_POINT('',(125.,90.,25.));
#11947=CARTESIAN_POINT('',(-21.9317121994613,100.,12.));
#11948=CARTESIAN_POINT('',(-50.,100.,12.));
#11949=CARTESIAN_POINT('',(-50.,100.,12.));
#11950=CARTESIAN_POINT('',(105.,90.,225.));
#11951=CARTESIAN_POINT('',(105.,90.,225.));
#11952=CARTESIAN_POINT('',(125.,90.,225.));
#11953=CARTESIAN_POINT('',(125.,90.,225.));
#11954=CARTESIAN_POINT('',(105.,90.,125.));
#11955=CARTESIAN_POINT('',(105.,90.,125.));
#11956=CARTESIAN_POINT('',(95.,90.,225.));
#11957=CARTESIAN_POINT('',(95.,90.,225.));
#11958=CARTESIAN_POINT('',(95.,40.,225.));
#11959=CARTESIAN_POINT('',(95.,9.99999999999999,225.));
#11960=CARTESIAN_POINT('',(95.,40.,225.));
#11961=CARTESIAN_POINT('',(95.,9.99999999999999,225.));
#11962=CARTESIAN_POINT('',(95.,9.99999999999999,225.));
#11963=CARTESIAN_POINT('',(105.,10.,125.));
#11964=CARTESIAN_POINT('',(105.,10.,125.));
#11965=CARTESIAN_POINT('',(125.,10.,225.));
#11966=CARTESIAN_POINT('',(125.,10.,225.));
#11967=CARTESIAN_POINT('',(95.,9.99999999999999,225.));
#11968=CARTESIAN_POINT('',(0.,0.,225.));
#11969=CARTESIAN_POINT('',(125.,90.,225.));
#11970=CARTESIAN_POINT('',(95.,60.,225.));
#11971=CARTESIAN_POINT('',(-5.,60.,25.));
#11972=CARTESIAN_POINT('',(-5.,40.,25.));
#11973=CARTESIAN_POINT('',(-5.,60.,25.));
#11974=CARTESIAN_POINT('',(0.,60.,0.));
#11975=CARTESIAN_POINT('',(0.,40.,0.));
#11976=CARTESIAN_POINT('',(105.,90.,125.));
#11977=CARTESIAN_POINT('',(105.,90.,125.));
#11978=CARTESIAN_POINT('',(125.,90.,225.));
#11979=CARTESIAN_POINT('',(212.764839908004,49.9999999999987,530.035330045598));
#11980=CARTESIAN_POINT('',(-212.764839907392,-49.9999999999999,530.035330045136));
#11981=CARTESIAN_POINT('',(-173.039134061077,106.854943417528,220.000060668522));
#11982=CARTESIAN_POINT('',(26.5581123827228,-7.18785201667319E-15,0.));
#11983=CARTESIAN_POINT('',(0.,0.,0.));
#11984=CARTESIAN_POINT('',(-22.625,0.,0.));
#11985=CARTESIAN_POINT('',(0.,0.,0.));
#11986=CARTESIAN_POINT('',(15.,0.,0.));
#11987=CARTESIAN_POINT('',(26.5581123827228,-7.18785201667319E-15,-25.6));
#11988=CARTESIAN_POINT('',(0.,0.,-25.6));
#11989=CARTESIAN_POINT('',(-22.625,0.,-25.6));
#11990=CARTESIAN_POINT('',(0.,0.,-25.6));
#11991=CARTESIAN_POINT('',(14.1992900849798,0.,-25.6));
#11992=CARTESIAN_POINT('',(26.5581123827228,-3.5356438940589E-15,-25.6));
#11993=CARTESIAN_POINT('',(26.5581123827228,2.77923933504618E-16,-2.27078349291804));
#11994=CARTESIAN_POINT('',(25.4740027271641,1.87773300440362,-1.64487249145017));
#11995=CARTESIAN_POINT('',(23.290645160332,5.65941924124691,-0.611922326002801));
#11996=CARTESIAN_POINT('',(20.5011721296688,10.4909282566986,-0.119571556985815));
#11997=CARTESIAN_POINT('',(18.2335899649905,14.4184957762584,-0.311930046811005));
#11998=CARTESIAN_POINT('',(16.0071354679473,18.2748280858775,-0.868293382354305));
#11999=CARTESIAN_POINT('',(14.364517530691,21.1199258106294,-1.64409209646116));
#12000=CARTESIAN_POINT('',(13.2790561913614,23.,-2.27078349291802));
#12001=CARTESIAN_POINT('',(26.5581123827228,-3.75492540533915E-15,-2.27078349291804));
#12002=CARTESIAN_POINT('',(13.2790561913614,23.,-2.27078349291803));
#12003=CARTESIAN_POINT('',(26.5581123827228,-3.5356438940589E-15,-25.6));
#12004=CARTESIAN_POINT('',(26.5581123827228,1.98954975289913E-15,-23.329216507082));
#12005=CARTESIAN_POINT('',(13.2790561913614,23.,-23.329216507082));
#12006=CARTESIAN_POINT('',(14.3631658469201,21.1222669955964,-23.9551275085499));
#12007=CARTESIAN_POINT('',(16.5465234137523,17.3405807587531,-24.9880776739972));
#12008=CARTESIAN_POINT('',(19.3359964444154,12.5090717433014,-25.4804284430142));
#12009=CARTESIAN_POINT('',(21.6035786090937,8.58150422374162,-25.288069953189));
#12010=CARTESIAN_POINT('',(23.8300331061369,4.72517191412249,-24.7317066176457));
#12011=CARTESIAN_POINT('',(25.4726510433932,1.88007418937065,-23.9559079035388));
#12012=CARTESIAN_POINT('',(26.5581123827228,3.15172189129729E-14,-23.329216507082));
#12013=CARTESIAN_POINT('',(13.2790561913614,23.,-23.329216507082));
#12014=CARTESIAN_POINT('',(13.2790561913614,23.,-25.6));
#12015=CARTESIAN_POINT('',(13.2790561913614,23.,-25.6));
#12016=CARTESIAN_POINT('',(13.2790561913614,23.,-2.27078349291803));
#12017=CARTESIAN_POINT('',(11.110836880244,23.,-1.64487249145016));
#12018=CARTESIAN_POINT('',(6.7441217465797,23.,-0.611922326002797));
#12019=CARTESIAN_POINT('',(1.16517568525337,23.,-0.119571556985805));
#12020=CARTESIAN_POINT('',(-3.36998864410312,23.,-0.311930046811005));
#12021=CARTESIAN_POINT('',(-7.82289763818964,23.,-0.868293382354299));
#12022=CARTESIAN_POINT('',(-11.1081335127022,23.,-1.64409209646115));
#12023=CARTESIAN_POINT('',(-13.2790561913614,23.,-2.27078349291802));
#12024=CARTESIAN_POINT('',(-13.2790561913614,23.,-2.27078349291803));
#12025=CARTESIAN_POINT('',(-13.2790561913614,23.,-23.329216507082));
#12026=CARTESIAN_POINT('',(-11.110836880244,23.,-23.9551275085499));
#12027=CARTESIAN_POINT('',(-6.74412174657967,23.,-24.9880776739972));
#12028=CARTESIAN_POINT('',(-1.16517568525336,23.,-25.4804284430142));
#12029=CARTESIAN_POINT('',(3.36998864410314,23.,-25.288069953189));
#12030=CARTESIAN_POINT('',(7.82289763818965,23.,-24.7317066176457));
#12031=CARTESIAN_POINT('',(11.1081335127022,23.,-23.9559079035388));
#12032=CARTESIAN_POINT('',(13.2790561913614,23.,-23.329216507082));
#12033=CARTESIAN_POINT('',(-13.2790561913614,23.,-23.329216507082));
#12034=CARTESIAN_POINT('',(-13.2790561913614,23.,-25.6));
#12035=CARTESIAN_POINT('',(-13.2790561913614,23.,-25.6));
#12036=CARTESIAN_POINT('',(-13.2790561913614,23.,-2.27078349291803));
#12037=CARTESIAN_POINT('',(-14.3631658469201,21.1222669955964,-1.64487249145016));
#12038=CARTESIAN_POINT('',(-16.5465234137522,17.3405807587531,-0.611922326002795));
#12039=CARTESIAN_POINT('',(-19.3359964444154,12.5090717433014,-0.119571556985803));
#12040=CARTESIAN_POINT('',(-21.6035786090937,8.58150422374162,-0.311930046811001));
#12041=CARTESIAN_POINT('',(-23.8300331061369,4.72517191412249,-0.868293382354296));
#12042=CARTESIAN_POINT('',(-25.4726510433932,1.88007418937062,-1.64409209646115));
#12043=CARTESIAN_POINT('',(-26.5581123827228,2.22155742943005E-15,-2.27078349291802));
#12044=CARTESIAN_POINT('',(-26.5581123827228,1.25842236961477E-15,-2.27078349291802));
#12045=CARTESIAN_POINT('',(-26.5581123827228,0.,-23.329216507082));
#12046=CARTESIAN_POINT('',(-25.4740027271641,1.87773300440362,-23.9551275085499));
#12047=CARTESIAN_POINT('',(-23.2906451603319,5.65941924124691,-24.9880776739972));
#12048=CARTESIAN_POINT('',(-20.5011721296688,10.4909282566986,-25.4804284430142));
#12049=CARTESIAN_POINT('',(-18.2335899649905,14.4184957762584,-25.288069953189));
#12050=CARTESIAN_POINT('',(-16.0071354679473,18.2748280858775,-24.7317066176457));
#12051=CARTESIAN_POINT('',(-14.364517530691,21.1199258106294,-23.9559079035389));
#12052=CARTESIAN_POINT('',(-13.2790561913614,23.,-23.329216507082));
#12053=CARTESIAN_POINT('',(-26.5581123827228,1.70164075897078E-15,-23.329216507082));
#12054=CARTESIAN_POINT('',(-26.5581123827228,3.40328151794156E-15,-25.6));
#12055=CARTESIAN_POINT('',(-26.5581123827228,3.40328151794156E-15,-25.6));
#12056=CARTESIAN_POINT('',(-26.5581123827228,-9.17401700520415E-16,-2.27078349291802));
#12057=CARTESIAN_POINT('',(-25.4740027271641,-1.87773300440362,-1.64487249145015));
#12058=CARTESIAN_POINT('',(-23.2906451603319,-5.65941924124691,-0.61192232600279));
#12059=CARTESIAN_POINT('',(-20.5011721296688,-10.4909282566986,-0.119571556985802));
#12060=CARTESIAN_POINT('',(-18.2335899649905,-14.4184957762584,-0.311930046810998));
#12061=CARTESIAN_POINT('',(-16.0071354679473,-18.2748280858775,-0.868293382354291));
#12062=CARTESIAN_POINT('',(-14.364517530691,-21.1199258106294,-1.64409209646116));
#12063=CARTESIAN_POINT('',(-13.2790561913614,-23.,-2.27078349291802));
#12064=CARTESIAN_POINT('',(-13.2790561913614,-23.,-2.27078349291802));
#12065=CARTESIAN_POINT('',(-13.2790561913614,-23.,-23.329216507082));
#12066=CARTESIAN_POINT('',(-14.3631658469201,-21.1222669955964,-23.9551275085499));
#12067=CARTESIAN_POINT('',(-16.5465234137522,-17.3405807587531,-24.9880776739972));
#12068=CARTESIAN_POINT('',(-19.3359964444154,-12.5090717433014,-25.4804284430142));
#12069=CARTESIAN_POINT('',(-21.6035786090936,-8.58150422374161,-25.288069953189));
#12070=CARTESIAN_POINT('',(-23.8300331061369,-4.72517191412249,-24.7317066176457));
#12071=CARTESIAN_POINT('',(-25.4726510433932,-1.88007418937062,-23.9559079035389));
#12072=CARTESIAN_POINT('',(-26.5581123827228,1.85699329441884E-15,-23.329216507082));
#12073=CARTESIAN_POINT('',(-13.2790561913614,-23.,-23.329216507082));
#12074=CARTESIAN_POINT('',(-13.2790561913614,-23.,-25.6));
#12075=CARTESIAN_POINT('',(-13.2790561913614,-23.,-25.6));
#12076=CARTESIAN_POINT('',(-13.2790561913614,-23.,-2.27078349291802));
#12077=CARTESIAN_POINT('',(-11.110836880244,-23.,-1.64487249145015));
#12078=CARTESIAN_POINT('',(-6.74412174657967,-23.,-0.611922326002788));
#12079=CARTESIAN_POINT('',(-1.16517568525335,-23.,-0.119571556985803));
#12080=CARTESIAN_POINT('',(3.36998864410315,-23.,-0.311930046810999));
#12081=CARTESIAN_POINT('',(7.82289763818966,-23.,-0.868293382354301));
#12082=CARTESIAN_POINT('',(11.1081335127022,-23.,-1.64409209646115));
#12083=CARTESIAN_POINT('',(13.2790561913614,-23.,-2.27078349291802));
#12084=CARTESIAN_POINT('',(13.2790561913614,-23.,-2.27078349291802));
#12085=CARTESIAN_POINT('',(13.2790561913614,-23.,-23.329216507082));
#12086=CARTESIAN_POINT('',(11.110836880244,-23.,-23.9551275085498));
#12087=CARTESIAN_POINT('',(6.74412174657969,-23.,-24.9880776739972));
#12088=CARTESIAN_POINT('',(1.16517568525338,-23.,-25.4804284430142));
#12089=CARTESIAN_POINT('',(-3.36998864410312,-23.,-25.288069953189));
#12090=CARTESIAN_POINT('',(-7.82289763818963,-23.,-24.7317066176457));
#12091=CARTESIAN_POINT('',(-11.1081335127022,-23.,-23.9559079035389));
#12092=CARTESIAN_POINT('',(-13.2790561913614,-23.,-23.329216507082));
#12093=CARTESIAN_POINT('',(13.2790561913614,-23.,-23.329216507082));
#12094=CARTESIAN_POINT('',(13.2790561913614,-23.,-25.6));
#12095=CARTESIAN_POINT('',(13.2790561913614,-23.,-25.6));
#12096=CARTESIAN_POINT('',(13.2790561913614,-23.,-2.27078349291803));
#12097=CARTESIAN_POINT('',(14.3631658469201,-21.1222669955964,-1.64487249145017));
#12098=CARTESIAN_POINT('',(16.5465234137523,-17.3405807587531,-0.611922326002801));
#12099=CARTESIAN_POINT('',(19.3359964444154,-12.5090717433014,-0.119571556985817));
#12100=CARTESIAN_POINT('',(21.6035786090937,-8.58150422374162,-0.311930046811014));
#12101=CARTESIAN_POINT('',(23.8300331061369,-4.72517191412249,-0.868293382354315));
#12102=CARTESIAN_POINT('',(25.4726510433932,-1.88007418937063,-1.64409209646117));
#12103=CARTESIAN_POINT('',(26.5581123827228,-9.11441596998585E-15,-2.27078349291804));
#12104=CARTESIAN_POINT('',(26.5581123827228,7.73953550820432E-15,-23.329216507082));
#12105=CARTESIAN_POINT('',(25.4740027271641,-1.87773300440361,-23.9551275085498));
#12106=CARTESIAN_POINT('',(23.290645160332,-5.65941924124691,-24.9880776739972));
#12107=CARTESIAN_POINT('',(20.5011721296688,-10.4909282566986,-25.4804284430142));
#12108=CARTESIAN_POINT('',(18.2335899649905,-14.4184957762584,-25.288069953189));
#12109=CARTESIAN_POINT('',(16.0071354679473,-18.2748280858775,-24.7317066176457));
#12110=CARTESIAN_POINT('',(14.364517530691,-21.1199258106294,-23.9559079035388));
#12111=CARTESIAN_POINT('',(13.2790561913614,-23.,-23.329216507082));
#12112=CARTESIAN_POINT('',(0.,0.,-25.6));
#12113=CARTESIAN_POINT('',(0.,0.,-1.91874999999998));
#12114=CARTESIAN_POINT('',(13.1055,0.,-1.91874999999998));
#12115=CARTESIAN_POINT('',(0.,0.,-2.29764999999997));
#12116=CARTESIAN_POINT('',(13.1055,0.,-2.29764999999997));
#12117=CARTESIAN_POINT('',(0.,0.,-1.09379008497975));
#12118=CARTESIAN_POINT('',(0.,0.,-0.559020042489859));
#12119=CARTESIAN_POINT('',(-14.0317488839583,0.,-0.559020042489859));
#12120=CARTESIAN_POINT('',(0.,0.,-25.6));
#12121=CARTESIAN_POINT('',(0.,0.,-4.19214999999997));
#12122=CARTESIAN_POINT('',(13.1055,0.,-4.19214999999997));
#12123=CARTESIAN_POINT('',(0.,0.,-4.57104999999998));
#12124=CARTESIAN_POINT('',(13.1055,0.,-4.57104999999998));
#12125=CARTESIAN_POINT('',(0.,0.,-25.6));
#12126=CARTESIAN_POINT('',(0.,0.,-6.46554999999998));
#12127=CARTESIAN_POINT('',(13.1055,0.,-6.46554999999998));
#12128=CARTESIAN_POINT('',(0.,0.,-6.84444999999998));
#12129=CARTESIAN_POINT('',(13.1055,0.,-6.84444999999998));
#12130=CARTESIAN_POINT('',(0.,0.,-25.6));
#12131=CARTESIAN_POINT('',(0.,0.,-8.73894999999998));
#12132=CARTESIAN_POINT('',(13.1055,0.,-8.73894999999998));
#12133=CARTESIAN_POINT('',(0.,0.,-9.11784999999998));
#12134=CARTESIAN_POINT('',(13.1055,0.,-9.11784999999998));
#12135=CARTESIAN_POINT('',(0.,0.,-25.6));
#12136=CARTESIAN_POINT('',(0.,0.,-11.01235));
#12137=CARTESIAN_POINT('',(13.1055,0.,-11.01235));
#12138=CARTESIAN_POINT('',(0.,0.,-11.39125));
#12139=CARTESIAN_POINT('',(13.1055,0.,-11.39125));
#12140=CARTESIAN_POINT('',(0.,0.,-25.6));
#12141=CARTESIAN_POINT('',(0.,0.,-13.28575));
#12142=CARTESIAN_POINT('',(13.1055,0.,-13.28575));
#12143=CARTESIAN_POINT('',(0.,0.,-13.66465));
#12144=CARTESIAN_POINT('',(13.1055,0.,-13.66465));
#12145=CARTESIAN_POINT('',(0.,0.,-25.6));
#12146=CARTESIAN_POINT('',(0.,0.,-15.55915));
#12147=CARTESIAN_POINT('',(13.1055,0.,-15.55915));
#12148=CARTESIAN_POINT('',(0.,0.,-15.93805));
#12149=CARTESIAN_POINT('',(13.1055,0.,-15.93805));
#12150=CARTESIAN_POINT('',(0.,0.,-25.6));
#12151=CARTESIAN_POINT('',(0.,0.,-17.83255));
#12152=CARTESIAN_POINT('',(13.1055,0.,-17.83255));
#12153=CARTESIAN_POINT('',(0.,0.,-18.21145));
#12154=CARTESIAN_POINT('',(13.1055,0.,-18.21145));
#12155=CARTESIAN_POINT('',(0.,0.,-25.6));
#12156=CARTESIAN_POINT('',(0.,0.,-20.10595));
#12157=CARTESIAN_POINT('',(13.1055,0.,-20.10595));
#12158=CARTESIAN_POINT('',(0.,0.,-20.48485));
#12159=CARTESIAN_POINT('',(13.1055,0.,-20.48485));
#12160=CARTESIAN_POINT('',(0.,0.,-25.6));
#12161=CARTESIAN_POINT('',(0.,0.,-22.37935));
#12162=CARTESIAN_POINT('',(13.1055,0.,-22.37935));
#12163=CARTESIAN_POINT('',(0.,0.,-22.75825));
#12164=CARTESIAN_POINT('',(13.1055,0.,-22.75825));
#12165=CARTESIAN_POINT('',(0.,0.,-25.6));
#12166=CARTESIAN_POINT('',(0.,0.,-24.4159375));
#12167=CARTESIAN_POINT('',(13.5156712818674,0.,-24.4159375));
#12168=CARTESIAN_POINT('',(0.,0.,-23.329216507082));
#12169=CARTESIAN_POINT('',(0.,0.,0.));
#12170=CARTESIAN_POINT('',(0.,0.,-24.65275));
#12171=CARTESIAN_POINT('',(0.,0.,-23.7055));
#12172=CARTESIAN_POINT('',(14.7461851274696,0.,-23.7055));
#12173=CARTESIAN_POINT('',(0.,0.,-23.7055));
#12174=CARTESIAN_POINT('',(0.,0.,-22.37935));
#12175=CARTESIAN_POINT('',(0.,0.,-21.4321));
#12176=CARTESIAN_POINT('',(14.7461851274696,0.,-21.4321));
#12177=CARTESIAN_POINT('',(0.,0.,-21.4321));
#12178=CARTESIAN_POINT('',(0.,0.,-20.10595));
#12179=CARTESIAN_POINT('',(0.,0.,-19.1587));
#12180=CARTESIAN_POINT('',(14.7461851274696,0.,-19.1587));
#12181=CARTESIAN_POINT('',(0.,0.,-19.1587));
#12182=CARTESIAN_POINT('',(0.,0.,-17.83255));
#12183=CARTESIAN_POINT('',(0.,0.,-16.8853));
#12184=CARTESIAN_POINT('',(14.7461851274696,0.,-16.8853));
#12185=CARTESIAN_POINT('',(0.,0.,-16.8853));
#12186=CARTESIAN_POINT('',(0.,0.,-15.55915));
#12187=CARTESIAN_POINT('',(0.,0.,-14.6119));
#12188=CARTESIAN_POINT('',(14.7461851274696,0.,-14.6119));
#12189=CARTESIAN_POINT('',(0.,0.,-14.6119));
#12190=CARTESIAN_POINT('',(0.,0.,-13.28575));
#12191=CARTESIAN_POINT('',(0.,0.,-12.3385));
#12192=CARTESIAN_POINT('',(14.7461851274696,0.,-12.3385));
#12193=CARTESIAN_POINT('',(0.,0.,-12.3385));
#12194=CARTESIAN_POINT('',(0.,0.,-11.01235));
#12195=CARTESIAN_POINT('',(0.,0.,-10.0651));
#12196=CARTESIAN_POINT('',(14.7461851274696,0.,-10.0651));
#12197=CARTESIAN_POINT('',(0.,0.,-10.0651));
#12198=CARTESIAN_POINT('',(0.,0.,-8.73894999999998));
#12199=CARTESIAN_POINT('',(0.,0.,-7.79169999999998));
#12200=CARTESIAN_POINT('',(14.7461851274696,0.,-7.79169999999998));
#12201=CARTESIAN_POINT('',(0.,0.,-7.79169999999998));
#12202=CARTESIAN_POINT('',(0.,0.,-6.46554999999998));
#12203=CARTESIAN_POINT('',(0.,0.,-5.51829999999998));
#12204=CARTESIAN_POINT('',(14.7461851274696,0.,-5.51829999999998));
#12205=CARTESIAN_POINT('',(0.,0.,-5.51829999999998));
#12206=CARTESIAN_POINT('',(0.,0.,-4.19214999999997));
#12207=CARTESIAN_POINT('',(0.,0.,-3.24489999999997));
#12208=CARTESIAN_POINT('',(14.7461851274696,0.,-3.24489999999997));
#12209=CARTESIAN_POINT('',(0.,0.,-3.24489999999997));
#12210=CARTESIAN_POINT('',(0.,0.,-1.91874999999998));
#12211=CARTESIAN_POINT('',(0.,0.,-0.971499999999976));
#12212=CARTESIAN_POINT('',(14.7461851274696,0.,-0.971499999999976));
#12213=CARTESIAN_POINT('',(0.,0.,-0.971499999999976));
#12214=CARTESIAN_POINT('',(2.3073131655685E-14,-2.01572321026719E-14,335.438515525701));
#12215=CARTESIAN_POINT('',(0.,150.,0.));
#12216=CARTESIAN_POINT('',(0.,160.,0.));
#12217=CARTESIAN_POINT('',(12.,160.,0.));
#12218=CARTESIAN_POINT('',(0.,-10.,0.));
#12219=CARTESIAN_POINT('',(12.,-10.,0.));
#12220=CARTESIAN_POINT('',(0.,160.,0.));
#12221=CARTESIAN_POINT('',(0.,160.,0.));
#12222=CARTESIAN_POINT('',(-7.,160.,0.));
#12223=CARTESIAN_POINT('',(0.,-10.,0.));
#12224=CARTESIAN_POINT('',(0.,-10.,0.));
#12225=CARTESIAN_POINT('',(7.,-10.,0.));
#12226=CARTESIAN_POINT('',(0.,-12.,0.));
#12227=CARTESIAN_POINT('',(0.,-12.,0.));
#12228=CARTESIAN_POINT('',(7.,-12.,0.));
#12229=CARTESIAN_POINT('',(0.,162.,0.));
#12230=CARTESIAN_POINT('',(0.,162.,0.));
#12231=CARTESIAN_POINT('',(-7.,162.,0.));
#12232=CARTESIAN_POINT('',(0.,177.,0.));
#12233=CARTESIAN_POINT('',(0.,177.,0.));
#12234=CARTESIAN_POINT('',(-8.,177.,0.));
#12235=CARTESIAN_POINT('',(0.,162.,0.));
#12236=CARTESIAN_POINT('',(-8.,162.,0.));
#12237=CARTESIAN_POINT('',(0.,177.,0.));
#12238=CARTESIAN_POINT('',(0.,162.,0.));
#12239=CARTESIAN_POINT('',(0.,-28.,0.));
#12240=CARTESIAN_POINT('',(0.,-27.,0.));
#12241=CARTESIAN_POINT('',(8.,-27.,0.));
#12242=CARTESIAN_POINT('',(0.,-12.,0.));
#12243=CARTESIAN_POINT('',(8.,-12.,0.));
#12244=CARTESIAN_POINT('',(0.,-27.,0.));
#12245=CARTESIAN_POINT('',(0.,-12.,0.));
#12246=CARTESIAN_POINT('',(0.,0.,0.));
#12247=CARTESIAN_POINT('',(3.12250225675825E-14,-9.99999999999995,-3.46944695195361E-14));
#12248=CARTESIAN_POINT('',(0.,150.,0.));
#12249=CARTESIAN_POINT('',(-6.07153216591883E-15,-9.99999999999999,1.14491749414469E-13));
#12250=CARTESIAN_POINT('',(0.,174.8,1.10273880825351E-6));
#12251=CARTESIAN_POINT('',(-212.764839907392,-74.9999999999996,530.035330045136));
#12252=CARTESIAN_POINT('',(212.764839437503,74.999999999397,530.035330165954));
#12253=CARTESIAN_POINT('',(172.901994577492,74.999999999397,375.));
#12254=CARTESIAN_POINT('',(-172.90199457749,-75.0000000000002,375.));
#12255=CARTESIAN_POINT('',(95.0000000000001,75.,284.838514960689));
#12256=CARTESIAN_POINT('',(-94.9999999999999,75.,284.838514960688));
#12257=CARTESIAN_POINT('',(-137.7648394375,75.,530.035330165955));
#12258=CARTESIAN_POINT('',(-97.9019945774902,75.,375.));
#12259=CARTESIAN_POINT('',(137.764839437503,75.,530.035330165955));
#12260=CARTESIAN_POINT('',(97.9019945774903,75.,375.));
#12261=MECHANICAL_DESIGN_GEOMETRIC_PRESENTATION_REPRESENTATION('',(#6506,
#6507,#6508,#6509,#6510,#6511,#6512,#6513,#6514,#6515,#6516,#6517,#6518),
#12262);
#12262=(
GEOMETRIC_REPRESENTATION_CONTEXT(3)
GLOBAL_UNCERTAINTY_ASSIGNED_CONTEXT((#12278))
GLOBAL_UNIT_ASSIGNED_CONTEXT((#12296,#12295,#12294))
REPRESENTATION_CONTEXT('◊∞9Y','TOP_LEVEL_ASSEMBLY_PART')
);
#12263=(
GEOMETRIC_REPRESENTATION_CONTEXT(3)
GLOBAL_UNCERTAINTY_ASSIGNED_CONTEXT((#12279))
GLOBAL_UNIT_ASSIGNED_CONTEXT((#12296,#12295,#12294))
REPRESENTATION_CONTEXT('ª˙∂g','COMPONENT_PART')
);
#12264=(
GEOMETRIC_REPRESENTATION_CONTEXT(3)
GLOBAL_UNCERTAINTY_ASSIGNED_CONTEXT((#12280))
GLOBAL_UNIT_ASSIGNED_CONTEXT((#12296,#12295,#12294))
REPRESENTATION_CONTEXT('÷˜','COMPONENT_PART')
);
#12265=(
GEOMETRIC_REPRESENTATION_CONTEXT(3)
GLOBAL_UNCERTAINTY_ASSIGNED_CONTEXT((#12281))
GLOBAL_UNIT_ASSIGNED_CONTEXT((#12296,#12295,#12294))
REPRESENTATION_CONTEXT('¡¨ûÊé•','COMPONENT_PART')
);
#12266=(
GEOMETRIC_REPRESENTATION_CONTEXT(3)
GLOBAL_UNCERTAINTY_ASSIGNED_CONTEXT((#12282))
GLOBAL_UNIT_ASSIGNED_CONTEXT((#12296,#12295,#12294))
REPRESENTATION_CONTEXT('¡¨Ω”anceRefs','COMPONENT_PART')
);
#12267=(
GEOMETRIC_REPRESENTATION_CONTEXT(3)
GLOBAL_UNCERTAINTY_ASSIGNED_CONTEXT((#12283))
GLOBAL_UNIT_ASSIGNED_CONTEXT((#12296,#12295,#12294))
REPRESENTATION_CONTEXT('πÿΩ⁄◊∞2','COMPONENT_PART')
);
#12268=(
GEOMETRIC_REPRESENTATION_CONTEXT(3)
GLOBAL_UNCERTAINTY_ASSIGNED_CONTEXT((#12284))
GLOBAL_UNIT_ASSIGNED_CONTEXT((#12296,#12295,#12294))
REPRESENTATION_CONTEXT('÷·b','COMPONENT_PART')
);
#12269=(
GEOMETRIC_REPRESENTATION_CONTEXT(3)
GLOBAL_UNCERTAINTY_ASSIGNED_CONTEXT((#12285))
GLOBAL_UNIT_ASSIGNED_CONTEXT((#12296,#12295,#12294))
REPRESENTATION_CONTEXT('mm16','COMPONENT_PART')
);
#12270=(
GEOMETRIC_REPRESENTATION_CONTEXT(3)
GLOBAL_UNCERTAINTY_ASSIGNED_CONTEXT((#12286))
GLOBAL_UNIT_ASSIGNED_CONTEXT((#12296,#12295,#12294))
REPRESENTATION_CONTEXT('÷· 22','COMPONENT_PART')
);
#12271=(
GEOMETRIC_REPRESENTATION_CONTEXT(3)
GLOBAL_UNCERTAINTY_ASSIGNED_CONTEXT((#12287))
GLOBAL_UNIT_ASSIGNED_CONTEXT((#12296,#12295,#12294))
REPRESENTATION_CONTEXT('¡¨∏À','COMPONENT_PART')
);
#12272=(
GEOMETRIC_REPRESENTATION_CONTEXT(3)
GLOBAL_UNCERTAINTY_ASSIGNED_CONTEXT((#12288))
GLOBAL_UNIT_ASSIGNED_CONTEXT((#12296,#12295,#12294))
REPRESENTATION_CONTEXT('¡¨∏À2 -2tationRefs','COMPONENT_PART')
);
#12273=(
GEOMETRIC_REPRESENTATION_CONTEXT(3)
GLOBAL_UNCERTAINTY_ASSIGNED_CONTEXT((#12289))
GLOBAL_UNIT_ASSIGNED_CONTEXT((#12296,#12295,#12294))
REPRESENTATION_CONTEXT('¡¨∏ÀùÜ3','COMPONENT_PART')
);
#12274=(
GEOMETRIC_REPRESENTATION_CONTEXT(3)
GLOBAL_UNCERTAINTY_ASSIGNED_CONTEXT((#12290))
GLOBAL_UNIT_ASSIGNED_CONTEXT((#12296,#12295,#12294))
REPRESENTATION_CONTEXT('º–','COMPONENT_PART')
);
#12275=(
GEOMETRIC_REPRESENTATION_CONTEXT(3)
GLOBAL_UNCERTAINTY_ASSIGNED_CONTEXT((#12291))
GLOBAL_UNIT_ASSIGNED_CONTEXT((#12296,#12295,#12294))
REPRESENTATION_CONTEXT('mm30','COMPONENT_PART')
);
#12276=(
GEOMETRIC_REPRESENTATION_CONTEXT(3)
GLOBAL_UNCERTAINTY_ASSIGNED_CONTEXT((#12292))
GLOBAL_UNIT_ASSIGNED_CONTEXT((#12296,#12295,#12294))
REPRESENTATION_CONTEXT('πÿΩ⁄≈àMë','COMPONENT_PART')
);
#12277=(
GEOMETRIC_REPRESENTATION_CONTEXT(3)
GLOBAL_UNCERTAINTY_ASSIGNED_CONTEXT((#12293))
GLOBAL_UNIT_ASSIGNED_CONTEXT((#12296,#12295,#12294))
REPRESENTATION_CONTEXT('÷·¥','COMPONENT_PART')
);
#12278=UNCERTAINTY_MEASURE_WITH_UNIT(LENGTH_MEASURE(0.005),#12296,
'DISTANCE_ACCURACY_VALUE','Maximum Tolerance applied to model');
#12279=UNCERTAINTY_MEASURE_WITH_UNIT(LENGTH_MEASURE(0.005),#12296,
'DISTANCE_ACCURACY_VALUE','Maximum Tolerance applied to model');
#12280=UNCERTAINTY_MEASURE_WITH_UNIT(LENGTH_MEASURE(0.005),#12296,
'DISTANCE_ACCURACY_VALUE','Maximum Tolerance applied to model');
#12281=UNCERTAINTY_MEASURE_WITH_UNIT(LENGTH_MEASURE(0.005),#12296,
'DISTANCE_ACCURACY_VALUE','Maximum Tolerance applied to model');
#12282=UNCERTAINTY_MEASURE_WITH_UNIT(LENGTH_MEASURE(0.005),#12296,
'DISTANCE_ACCURACY_VALUE','Maximum Tolerance applied to model');
#12283=UNCERTAINTY_MEASURE_WITH_UNIT(LENGTH_MEASURE(0.005),#12296,
'DISTANCE_ACCURACY_VALUE','Maximum Tolerance applied to model');
#12284=UNCERTAINTY_MEASURE_WITH_UNIT(LENGTH_MEASURE(0.005),#12296,
'DISTANCE_ACCURACY_VALUE','Maximum Tolerance applied to model');
#12285=UNCERTAINTY_MEASURE_WITH_UNIT(LENGTH_MEASURE(0.005),#12296,
'DISTANCE_ACCURACY_VALUE','Maximum Tolerance applied to model');
#12286=UNCERTAINTY_MEASURE_WITH_UNIT(LENGTH_MEASURE(0.005),#12296,
'DISTANCE_ACCURACY_VALUE','Maximum Tolerance applied to model');
#12287=UNCERTAINTY_MEASURE_WITH_UNIT(LENGTH_MEASURE(0.005),#12296,
'DISTANCE_ACCURACY_VALUE','Maximum Tolerance applied to model');
#12288=UNCERTAINTY_MEASURE_WITH_UNIT(LENGTH_MEASURE(0.005),#12296,
'DISTANCE_ACCURACY_VALUE','Maximum Tolerance applied to model');
#12289=UNCERTAINTY_MEASURE_WITH_UNIT(LENGTH_MEASURE(0.005),#12296,
'DISTANCE_ACCURACY_VALUE','Maximum Tolerance applied to model');
#12290=UNCERTAINTY_MEASURE_WITH_UNIT(LENGTH_MEASURE(0.005),#12296,
'DISTANCE_ACCURACY_VALUE','Maximum Tolerance applied to model');
#12291=UNCERTAINTY_MEASURE_WITH_UNIT(LENGTH_MEASURE(0.005),#12296,
'DISTANCE_ACCURACY_VALUE','Maximum Tolerance applied to model');
#12292=UNCERTAINTY_MEASURE_WITH_UNIT(LENGTH_MEASURE(0.005),#12296,
'DISTANCE_ACCURACY_VALUE','Maximum Tolerance applied to model');
#12293=UNCERTAINTY_MEASURE_WITH_UNIT(LENGTH_MEASURE(0.005),#12296,
'DISTANCE_ACCURACY_VALUE','Maximum Tolerance applied to model');
#12294=(
NAMED_UNIT(*)
SI_UNIT($,.STERADIAN.)
SOLID_ANGLE_UNIT()
);
#12295=(
NAMED_UNIT(*)
PLANE_ANGLE_UNIT()
SI_UNIT($,.RADIAN.)
);
#12296=(
LENGTH_UNIT()
NAMED_UNIT(*)
SI_UNIT(.MILLI.,.METRE.)
);
#12297=PRODUCT_DEFINITION_SHAPE('','',#12353);
#12298=PRODUCT_DEFINITION_SHAPE('','',#12354);
#12299=PRODUCT_DEFINITION_SHAPE(' ','NAUO PRDDFN',#58);
#12300=PRODUCT_DEFINITION_SHAPE('','',#12355);
#12301=PRODUCT_DEFINITION_SHAPE(' ','NAUO PRDDFN',#59);
#12302=PRODUCT_DEFINITION_SHAPE('','',#12356);
#12303=PRODUCT_DEFINITION_SHAPE(' ','NAUO PRDDFN',#60);
#12304=PRODUCT_DEFINITION_SHAPE('','',#12357);
#12305=PRODUCT_DEFINITION_SHAPE(' ','NAUO PRDDFN',#61);
#12306=PRODUCT_DEFINITION_SHAPE('','',#12358);
#12307=PRODUCT_DEFINITION_SHAPE('','',#12359);
#12308=PRODUCT_DEFINITION_SHAPE(' ','NAUO PRDDFN',#62);
#12309=PRODUCT_DEFINITION_SHAPE('','',#12360);
#12310=PRODUCT_DEFINITION_SHAPE(' ','NAUO PRDDFN',#63);
#12311=PRODUCT_DEFINITION_SHAPE('','',#12361);
#12312=PRODUCT_DEFINITION_SHAPE(' ','NAUO PRDDFN',#64);
#12313=PRODUCT_DEFINITION_SHAPE(' ','NAUO PRDDFN',#65);
#12314=PRODUCT_DEFINITION_SHAPE(' ','NAUO PRDDFN',#66);
#12315=PRODUCT_DEFINITION_SHAPE(' ','NAUO PRDDFN',#67);
#12316=PRODUCT_DEFINITION_SHAPE(' ','NAUO PRDDFN',#68);
#12317=PRODUCT_DEFINITION_SHAPE(' ','NAUO PRDDFN',#69);
#12318=PRODUCT_DEFINITION_SHAPE(' ','NAUO PRDDFN',#70);
#12319=PRODUCT_DEFINITION_SHAPE('','',#12362);
#12320=PRODUCT_DEFINITION_SHAPE(' ','NAUO PRDDFN',#71);
#12321=PRODUCT_DEFINITION_SHAPE(' ','NAUO PRDDFN',#72);
#12322=PRODUCT_DEFINITION_SHAPE('','',#12363);
#12323=PRODUCT_DEFINITION_SHAPE(' ','NAUO PRDDFN',#73);
#12324=PRODUCT_DEFINITION_SHAPE(' ','NAUO PRDDFN',#74);
#12325=PRODUCT_DEFINITION_SHAPE('','',#12364);
#12326=PRODUCT_DEFINITION_SHAPE(' ','NAUO PRDDFN',#75);
#12327=PRODUCT_DEFINITION_SHAPE(' ','NAUO PRDDFN',#76);
#12328=PRODUCT_DEFINITION_SHAPE(' ','NAUO PRDDFN',#77);
#12329=PRODUCT_DEFINITION_SHAPE(' ','NAUO PRDDFN',#78);
#12330=PRODUCT_DEFINITION_SHAPE('','',#12365);
#12331=PRODUCT_DEFINITION_SHAPE(' ','NAUO PRDDFN',#79);
#12332=PRODUCT_DEFINITION_SHAPE(' ','NAUO PRDDFN',#80);
#12333=PRODUCT_DEFINITION_SHAPE(' ','NAUO PRDDFN',#81);
#12334=PRODUCT_DEFINITION_SHAPE('','',#12366);
#12335=PRODUCT_DEFINITION_SHAPE(' ','NAUO PRDDFN',#82);
#12336=PRODUCT_DEFINITION_SHAPE('','',#12367);
#12337=PRODUCT_DEFINITION_SHAPE('','',#12368);
#12338=PRODUCT_DEFINITION_SHAPE(' ','NAUO PRDDFN',#83);
#12339=PRODUCT_DEFINITION_SHAPE(' ','NAUO PRDDFN',#84);
#12340=PRODUCT_DEFINITION_SHAPE(' ','NAUO PRDDFN',#85);
#12341=PRODUCT_DEFINITION_SHAPE(' ','NAUO PRDDFN',#86);
#12342=PRODUCT_DEFINITION_SHAPE(' ','NAUO PRDDFN',#87);
#12343=PRODUCT_DEFINITION_SHAPE(' ','NAUO PRDDFN',#88);
#12344=PRODUCT_DEFINITION_SHAPE(' ','NAUO PRDDFN',#89);
#12345=PRODUCT_DEFINITION_SHAPE(' ','NAUO PRDDFN',#90);
#12346=PRODUCT_DEFINITION_SHAPE(' ','NAUO PRDDFN',#91);
#12347=PRODUCT_DEFINITION_SHAPE(' ','NAUO PRDDFN',#92);
#12348=PRODUCT_DEFINITION_SHAPE(' ','NAUO PRDDFN',#93);
#12349=PRODUCT_DEFINITION_SHAPE(' ','NAUO PRDDFN',#94);
#12350=PRODUCT_DEFINITION_SHAPE(' ','NAUO PRDDFN',#95);
#12351=PRODUCT_DEFINITION_SHAPE(' ','NAUO PRDDFN',#96);
#12352=PRODUCT_DEFINITION_SHAPE(' ','NAUO PRDDFN',#97);
#12353=PRODUCT_DEFINITION('','',#12385,#12369);
#12354=PRODUCT_DEFINITION('','',#12386,#12370);
#12355=PRODUCT_DEFINITION('','',#12387,#12371);
#12356=PRODUCT_DEFINITION('','',#12388,#12372);
#12357=PRODUCT_DEFINITION('','',#12389,#12373);
#12358=PRODUCT_DEFINITION('','',#12390,#12374);
#12359=PRODUCT_DEFINITION('','',#12391,#12375);
#12360=PRODUCT_DEFINITION('','',#12392,#12376);
#12361=PRODUCT_DEFINITION('','',#12393,#12377);
#12362=PRODUCT_DEFINITION('','',#12394,#12378);
#12363=PRODUCT_DEFINITION('','',#12395,#12379);
#12364=PRODUCT_DEFINITION('','',#12396,#12380);
#12365=PRODUCT_DEFINITION('','',#12397,#12381);
#12366=PRODUCT_DEFINITION('','',#12398,#12382);
#12367=PRODUCT_DEFINITION('','',#12399,#12383);
#12368=PRODUCT_DEFINITION('','',#12400,#12384);
#12369=PRODUCT_DEFINITION_CONTEXT('',#12466,'design');
#12370=PRODUCT_DEFINITION_CONTEXT('',#12466,'design');
#12371=PRODUCT_DEFINITION_CONTEXT('',#12466,'design');
#12372=PRODUCT_DEFINITION_CONTEXT('',#12466,'design');
#12373=PRODUCT_DEFINITION_CONTEXT('',#12466,'design');
#12374=PRODUCT_DEFINITION_CONTEXT('',#12466,'design');
#12375=PRODUCT_DEFINITION_CONTEXT('',#12466,'design');
#12376=PRODUCT_DEFINITION_CONTEXT('',#12466,'design');
#12377=PRODUCT_DEFINITION_CONTEXT('',#12466,'design');
#12378=PRODUCT_DEFINITION_CONTEXT('',#12466,'design');
#12379=PRODUCT_DEFINITION_CONTEXT('',#12466,'design');
#12380=PRODUCT_DEFINITION_CONTEXT('',#12466,'design');
#12381=PRODUCT_DEFINITION_CONTEXT('',#12466,'design');
#12382=PRODUCT_DEFINITION_CONTEXT('',#12466,'design');
#12383=PRODUCT_DEFINITION_CONTEXT('',#12466,'design');
#12384=PRODUCT_DEFINITION_CONTEXT('',#12466,'design');
#12385=PRODUCT_DEFINITION_FORMATION_WITH_SPECIFIED_SOURCE('','',#12417,
 .NOT_KNOWN.);
#12386=PRODUCT_DEFINITION_FORMATION_WITH_SPECIFIED_SOURCE('','',#12418,
 .NOT_KNOWN.);
#12387=PRODUCT_DEFINITION_FORMATION_WITH_SPECIFIED_SOURCE('','',#12419,
 .NOT_KNOWN.);
#12388=PRODUCT_DEFINITION_FORMATION_WITH_SPECIFIED_SOURCE('','',#12420,
 .NOT_KNOWN.);
#12389=PRODUCT_DEFINITION_FORMATION_WITH_SPECIFIED_SOURCE('','',#12421,
 .NOT_KNOWN.);
#12390=PRODUCT_DEFINITION_FORMATION_WITH_SPECIFIED_SOURCE('','',#12422,
 .NOT_KNOWN.);
#12391=PRODUCT_DEFINITION_FORMATION_WITH_SPECIFIED_SOURCE('','',#12423,
 .NOT_KNOWN.);
#12392=PRODUCT_DEFINITION_FORMATION_WITH_SPECIFIED_SOURCE('','',#12424,
 .NOT_KNOWN.);
#12393=PRODUCT_DEFINITION_FORMATION_WITH_SPECIFIED_SOURCE('','',#12425,
 .NOT_KNOWN.);
#12394=PRODUCT_DEFINITION_FORMATION_WITH_SPECIFIED_SOURCE('','',#12426,
 .NOT_KNOWN.);
#12395=PRODUCT_DEFINITION_FORMATION_WITH_SPECIFIED_SOURCE('','',#12427,
 .NOT_KNOWN.);
#12396=PRODUCT_DEFINITION_FORMATION_WITH_SPECIFIED_SOURCE('','',#12428,
 .NOT_KNOWN.);
#12397=PRODUCT_DEFINITION_FORMATION_WITH_SPECIFIED_SOURCE('','',#12429,
 .NOT_KNOWN.);
#12398=PRODUCT_DEFINITION_FORMATION_WITH_SPECIFIED_SOURCE('','',#12430,
 .NOT_KNOWN.);
#12399=PRODUCT_DEFINITION_FORMATION_WITH_SPECIFIED_SOURCE('','',#12431,
 .NOT_KNOWN.);
#12400=PRODUCT_DEFINITION_FORMATION_WITH_SPECIFIED_SOURCE('','',#12432,
 .NOT_KNOWN.);
#12401=PRODUCT_RELATED_PRODUCT_CATEGORY('','',(#12417));
#12402=PRODUCT_RELATED_PRODUCT_CATEGORY('','',(#12418));
#12403=PRODUCT_RELATED_PRODUCT_CATEGORY('','',(#12419));
#12404=PRODUCT_RELATED_PRODUCT_CATEGORY('','',(#12420));
#12405=PRODUCT_RELATED_PRODUCT_CATEGORY('','',(#12421));
#12406=PRODUCT_RELATED_PRODUCT_CATEGORY('','',(#12422));
#12407=PRODUCT_RELATED_PRODUCT_CATEGORY('','',(#12423));
#12408=PRODUCT_RELATED_PRODUCT_CATEGORY('','',(#12424));
#12409=PRODUCT_RELATED_PRODUCT_CATEGORY('','',(#12425));
#12410=PRODUCT_RELATED_PRODUCT_CATEGORY('','',(#12426));
#12411=PRODUCT_RELATED_PRODUCT_CATEGORY('','',(#12427));
#12412=PRODUCT_RELATED_PRODUCT_CATEGORY('','',(#12428));
#12413=PRODUCT_RELATED_PRODUCT_CATEGORY('','',(#12429));
#12414=PRODUCT_RELATED_PRODUCT_CATEGORY('','',(#12430));
#12415=PRODUCT_RELATED_PRODUCT_CATEGORY('','',(#12431));
#12416=PRODUCT_RELATED_PRODUCT_CATEGORY('','',(#12432));
#12417=PRODUCT('◊∞9Y','◊∞9Y','◊∞9Y',(#12449));
#12418=PRODUCT('ª˙∂g','ª˙∂g','ª˙∂g',(#12450));
#12419=PRODUCT('÷˜','÷˜','÷˜',(#12451));
#12420=PRODUCT('¡¨ûÊé•','¡¨ûÊé•','¡¨ûÊé•',(#12452));
#12421=PRODUCT('¡¨Ω”anceRefs','¡¨Ω”anceRefs','¡¨Ω”anceRefs',(#12453));
#12422=PRODUCT('πÿΩ⁄◊∞2','πÿΩ⁄◊∞2','πÿΩ⁄◊∞2',(#12454));
#12423=PRODUCT('÷·b','÷·b','÷·b',(#12455));
#12424=PRODUCT('mm16','mm16','mm16',(#12456));
#12425=PRODUCT('÷· 22','÷· 22','÷· 22',(#12457));
#12426=PRODUCT('¡¨∏À','¡¨∏À','¡¨∏À',(#12458));
#12427=PRODUCT('¡¨∏À2 -2tationRefs','¡¨∏À2 -2tationRefs',
'¡¨∏À2 -2tationRefs',(#12459));
#12428=PRODUCT('¡¨∏ÀùÜ3','¡¨∏ÀùÜ3','¡¨∏ÀùÜ3',(#12460));
#12429=PRODUCT('º–','º–','º–',(#12461));
#12430=PRODUCT('mm30','mm30','mm30',(#12462));
#12431=PRODUCT('πÿΩ⁄≈àMë','πÿΩ⁄≈àMë','πÿΩ⁄≈àMë',(#12463));
#12432=PRODUCT('÷·¥','÷·¥','÷·¥',(#12464));
#12433=PRODUCT_CATEGORY('','');
#12434=PRODUCT_CATEGORY('','');
#12435=PRODUCT_CATEGORY('','');
#12436=PRODUCT_CATEGORY('','');
#12437=PRODUCT_CATEGORY('','');
#12438=PRODUCT_CATEGORY('','');
#12439=PRODUCT_CATEGORY('','');
#12440=PRODUCT_CATEGORY('','');
#12441=PRODUCT_CATEGORY('','');
#12442=PRODUCT_CATEGORY('','');
#12443=PRODUCT_CATEGORY('','');
#12444=PRODUCT_CATEGORY('','');
#12445=PRODUCT_CATEGORY('','');
#12446=PRODUCT_CATEGORY('','');
#12447=PRODUCT_CATEGORY('','');
#12448=PRODUCT_CATEGORY('','');
#12449=PRODUCT_CONTEXT('',#12466,'mechanical');
#12450=PRODUCT_CONTEXT('',#12466,'mechanical');
#12451=PRODUCT_CONTEXT('',#12466,'mechanical');
#12452=PRODUCT_CONTEXT('',#12466,'mechanical');
#12453=PRODUCT_CONTEXT('',#12466,'mechanical');
#12454=PRODUCT_CONTEXT('',#12466,'mechanical');
#12455=PRODUCT_CONTEXT('',#12466,'mechanical');
#12456=PRODUCT_CONTEXT('',#12466,'mechanical');
#12457=PRODUCT_CONTEXT('',#12466,'mechanical');
#12458=PRODUCT_CONTEXT('',#12466,'mechanical');
#12459=PRODUCT_CONTEXT('',#12466,'mechanical');
#12460=PRODUCT_CONTEXT('',#12466,'mechanical');
#12461=PRODUCT_CONTEXT('',#12466,'mechanical');
#12462=PRODUCT_CONTEXT('',#12466,'mechanical');
#12463=PRODUCT_CONTEXT('',#12466,'mechanical');
#12464=PRODUCT_CONTEXT('',#12466,'mechanical');
#12465=APPLICATION_PROTOCOL_DEFINITION('international standard',
'automotive_design',2010,#12466);
#12466=APPLICATION_CONTEXT(
'core data for automotive mechanical design processes');
ENDSEC;
END-ISO-10303-21;
